group,frm,to,kind,cut,who,why,comment
PSKOV,1918-02-25,1918-11-25,out,yes,германская оккупация,"немцы взяли Псков 25.02.1918, РККА вернулась 25.11.1918","=======================================================================
ВНЕ ИМПЕРИИ (kind='out') - вычитается, чёрное
=======================================================================
--- германская оккупация: другая держава, не империя -------------------
--- вне империи --------------------------------------------------------"
BELARUS_ALL,1918-02-21,1918-12-10,out,yes,германская оккупация (и БНР с 25.03.1918),немцы взяли Минск 21.02.1918 (БНР провозглашена 25.03.1918 под оккупацией); РККА в Минске 10.12.1918,
BELGOROD,1918-04-10,1918-12-20,out,yes,германская оккупация и Украинская держава,немцы и гетманцы в Белгороде с апреля 1918 (уезд отошёл Украинской державе); РККА - 20.12.1918,
CRIMEA,1918-04-18,1918-11-15,out,yes,германская оккупация,"немцы вошли в Крым 18.04.1918; с уходом немцев 15.11.1918 в Симферополе краевое правительство Соломона Крыма, работавшее с Добровольческой армией, - дальше Крым имперский",
CRIMEA,,1918-02-08,out,yes,Крымская народная (татарская) республика,"Курултай провозгласил Крымскую народную республику 13.12.1917; большевики заняли Симферополь 14(27).01.1918, но зона в модели меняется со следующим срезом 08.02.1918",--- Крымская народная (татарская) республика ---------------------------
BY_WEST,1919-02-09,,out,no,Польша,"поляки в Бресте 09.02.1919, Гродно 28.04.1919; по Риге остались за Польшей","--- Польша и Румыния ---------------------------------------------------
геометрию Брестской и Гродненской областей с 22.09.2026 режет модель
якорей западного театра (WEST_IN): РККА держала Пинск, Барановичи и Лиду
в начале 1919 года и всю западную Беларусь в июле - сентябре 1920 года,
а окно чернило их сплошь с 09.02.1919. Окно оставлено попапу"
BY_MINSK,1919-08-08,1920-07-11,out,yes,Польша,поляки взяли Минск 08.08.1919; РККА вернулась 11.07.1920,
MOLDOVA,1918-01-13,,out,yes,Румыния,"румынские войска в Кишинёве 13.01.1918, Бессарабия за Румынией до 1940",
UA_BUDJAK_IZMAIL,1918-01-22,,out,yes,Румыния,румынские войска взяли Измаил 22.01.1918; юг Бессарабии за Румынией до 1940 (до 27.09.2026 Буджак шёл с Одессой за Антантой и ВСЮР),
UA_BUDJAK_AKKERMAN,1918-03-09,,out,yes,Румыния,"советские части оставили Аккерман 08.03.1918, румыны вошли 09.03; за Румынией до 1940",
KUBAN,1918-01-28,1919-11-07,out,yes,Кубанская народная республика,Кубанская народная республика провозглашена 28.01.1918; рада с преобладанием черноморцев вела дело к федерации с Украиной и подписала договор с Горской республикой. 07.11.1919 деникинцы разогнали раду и повесили Алексея Кулабухова («кубанское действо») - дальше Кубань имперская,--- Кубанская народная республика (решение куратора 18.08.2026) --------
DAGESTAN,1918-05-11,1919-05-23,out,yes,"Горская республика (Союз горцев Северного Кавказа), с осени 1918 - османы","Горская республика (Союз горцев Северного Кавказа) объявила независимость 11.05.1918, сидела в Темир-Хан-Шуре; осенью 1918 сюда же вошли османы. Деникинцы взяли Темир-Хан-Шуру 23.05.1919 и разогнали горское правительство",--- Северный Кавказ ----------------------------------------------------
NORTHCAUC_EMIRATE,1919-09-01,1920-03-25,out,yes,Северо-Кавказский эмират (Узун-Хаджи),"Северо-Кавказский эмират Узун-Хаджи со столицей в Ведено, сентябрь 1919 - март 1920; РККА пришла в горы в марте 1920",
GEORGIA,,1921-02-25,out,yes,Грузинская Демократическая Республика,"Закавказский комиссариат не признал Совнарком (11.1917), Грузия независима с 26.05.1918; РККА в Тбилиси 25.02.1921",--- Закавказье ---------------------------------------------------------
ARMENIA,,1920-12-02,out,yes,Республика Армения,Республика Армения с 28.05.1918; советизация 02.12.1920,
AZERBAIJAN,,1920-04-28,out,yes,Азербайджанская Демократическая Республика,"АДР с 28.05.1918 (Бакинская коммуна 25.04-31.07.1918 - анклав, не рисуем); советизация Баку 28.04.1920",
BASHKIR_SMALL,1917-12-15,1919-02-18,out,yes,Башкирское правительство (Малая Башкирия),"Башкирский курултай объявил автономию 15(8).12.1917, правительство Валидова держало «Малую Башкирию»; 18.02.1919 башкирские части перешли на сторону советов, 21.02.1919 создан Башревком","--- Башкирия, Алаш-Орда, Сибирь, Тува ----------------------------------"
KZ_STEPPE,,1920-03-09,out,yes,Алаш-Орда (Алашская автономия),Алашскую автономию провозгласил II Всеказахский съезд 13.12.1917; Алаш-Орда ликвидирована 09.03.1920 постановлением Кирревкома,
SIBERIA_INDEP,1918-07-04,1918-11-03,out,yes,Временное сибирское правительство (самостоятельность Сибири),"Декларация о государственной самостоятельности Сибири Временного сибирского правительства 04.07.1918; 03.11.1918 то же правительство декларацию отменило и сдало власть Временному Всероссийскому правительству, 04.11 его министерства стали всероссийским Советом министров - дальше Сибирь имперская (областную думу военные прикрыли ещё 21.09.1918, самороспуск 10.11.1918, переворот Колчака 18.11.1918 - всё это уже внутри имперской рамки). Даты - data/crosscheck/siberia_actors_1917_1925.md",
NORTH_NOT_YET,,,out,yes,"земли нганасан, эвенков, ненцев и селькупов: империя ими ещё не распоряжается, окружное управление заведено только 10.12.1930","Север: Таймыр, Эвенкия, Туруханск, Ямал, Гыдан и ненецкие тундры. Империя этими землями ещё не распоряжается - ясак брали в зимовьях, куда кочевники приходили сами, управление на самой земле завелось только 10.12.1930 национальными округами и районами. Окно держит слой 1917-1921 в согласии с tools/build_expansion.py, где эти земли вычтены до той же даты",
CHUKOTKA_NOT_YET,,,out,yes,"чукчи и эскимосы: империя землёй не распоряжается, пост Ново-Мариинск и уезд 1909 года - точки; Чукотский национальный округ - 10.12.1930",Чукотка по правилу Таймыра и Ямала (синхронизация 29.09.2026),
TUVA,1918-06-05,,out,yes,Урянхайский край (Танну-Тува),Урянхай (Танну-Тува) вне империи весь период; в атласном срезе 1922 г. тоже вычтен,
TUVA_SOUTH,1917-12-25,1918-06-05,out,yes,Урянхай к югу от Танну-Ола,"в ядре юг Урянхая не красный (предписание Пильца 16(29).11.1915); основа зон (CShapes) держит Туву целиком, без окна юг краснел бы 25.12.1917-05.06.1918",
UA_ALL,,1918-04-29,out,no,УНР (Центральная рада),"УНР провозглашена III Универсалом 20.11.1917, независимость - IV Универсалом 22.01.1918; 29.04.1918 немцы поставили гетмана","--- украинский театр: геометрию режет посрезовый `minus`, окно нужно ---
--- только ради имени держателя в попапе (cut=False) -------------------"
UA_ALL,1918-04-29,1918-12-14,out,no,Украинская держава (гетман Скоропадский),"Украинская держава гетмана Скоропадского под германской оккупацией, 29.04-14.12.1918",
UA_ALL,1918-12-14,1919-02-06,out,no,УНР (Директория),Директория УНР взяла Киев 14.12.1918; РККА - 05.02.1919,
UA_WEST,1919-02-06,1919-05-15,out,no,УНР (Директория),Директория отошла на Волынь и Подолье,
UA_KHMEL,1919-05-15,1920-05-08,out,no,"УНР (Директория), Каменец-Подольский",Каменец-Подольский - столица Директории с июня 1919,
UA_VOLYN,1919-05-15,,out,no,Польша,поляки заняли Луцк 16.05.1919 и Ровно; по Риге Волынь за Польшей,
UA_RIGHT,1920-05-08,1920-07-01,out,no,Польша и УНР (киевский поход),"киевский поход поляков и УНР по Варшавскому договору 21.04.1920: Киев взят 07.05.1920, оставлен 12.06.1920",
UA_KHMEL,1920-07-01,1920-11-21,out,no,УНР (Директория),Подолье за УНР до ноября 1920: армия УНР ушла за Збруч 21.11.1920,
UA_AUSTRIA,,,out,no,"ЗУНР, затем Польша; Буковина - Румыния, Закарпатье - Чехословакия","Галичина, Буковина и Закарпатье в Российской империи не были (кроме оккупации 1914-1917): ЗУНР, затем Польша, Румыния и Чехословакия",
MURMANSK,1918-03-06,1920-03-13,in,no,белые (Северная область) и Антанта,"десант Антанты в Мурманске 06.03.1918, Северная область Чайковского и Миллера; РККА в Мурманске 13.03.1920","=======================================================================
В ИМПЕРИИ, ДРУГАЯ ФРАКЦИЯ (kind='in') - геометрию НЕ режем, красное.
Нужны попапу: «в империи · белые (Колчак)», а не «вне империи».
=======================================================================
--- север --------------------------------------------------------------
--- в империи, другая фракция -----------------------------------------"
ARKHANGELSK,1918-08-02,1920-02-21,in,no,белые (Северная область) и Антанта,"десант Антанты в Архангельске 02.08.1918, в тот же день Верховное управление Северной области; РККА в Архангельске 21.02.1920",
PSKOV,1919-05-25,1919-08-26,in,no,белые (Северный корпус),"Северный корпус в Пскове 25.05.1919, РККА вернулась 26.08.1919",
RU_ROSTOV,1918-05-08,1920-01-10,in,no,"Всевеликое войско Донское (Краснов), затем ВСЮР (Деникин)","Донская армия Краснова взяла Ростов 08.05.1918, Всевеликое войско Донское, затем ВСЮР; РККА - 10.01.1920","--- Дон, Кубань, Северный Кавказ, юг России ----------------------------"
KUBAN,1919-11-07,1920-03-17,in,no,ВСЮР (Деникин),после разгона рады 07.11.1919 Кубань - тыл ВСЮР; РККА взяла Екатеринодар 17.03.1920,
STAVROPOL,1918-07-15,1920-02-29,in,no,белые (Добровольческая армия),"Дроздовский взял Ставрополь 15.07.1918 (осенью город переходил из рук в руки, с 15.11.1918 прочно у белых); РККА - 29.02.1920",
CHECHNYA_MTN_1925,1920-05-08,1921-03-18,out,yes,"горные общества Чечни (Шатой, Чеберлой, Шарой, Ичкерия) - советской власти нет","горная Чечня после ухода эмирата Узун-Хаджи: ревкомы на плоскости, в горах власти нет - анкета штаба 1925 г.: «За Шаро-Аргуном советской власти не существует»; окно продолжает поздняя стадия build_expansion.py до 15.09.1925",
TEREK,1919-02-05,1920-03-30,in,no,ВСЮР (Деникин),белые взяли Грозный 05.02.1919 и Владикавказ 10.02.1919; РККА вернулась 17-30.03.1920,
DAGESTAN,1919-05-23,1920-03-30,in,no,ВСЮР (Деникин),деникинцы взяли Темир-Хан-Шуру 23.05.1919; РККА - 30.03.1920,
TSARITSYN,1919-06-30,1920-01-03,in,no,ВСЮР (Кавказская армия Врангеля),Врангель взял Царицын 30.06.1919; РККА вернулась 03.01.1920,
BELGOROD,1919-06-23,1919-12-07,in,no,ВСЮР (Деникин),деникинцы взяли Белгород 23.06.1919; РККА вернулась 07.12.1919,
KURSK,1919-09-20,1919-11-17,in,no,ВСЮР (Деникин),деникинцы взяли Курск 20.09.1919; РККА вернулась 17.11.1919,
OREL,1919-10-13,1919-10-20,in,no,ВСЮР (Деникин),деникинцы взяли Орёл 13.10.1919 - предел похода на Москву; РККА - 20.10.1919,
VORONEZH,1919-10-06,1919-10-24,in,no,ВСЮР (корпуса Шкуро и Мамонтова),Шкуро и Мамонтов взяли Воронеж 06.10.1919; РККА - 24.10.1919,
CRIMEA,1918-11-15,1919-04-10,in,no,белые (краевое правительство С. Крыма и Добровольческая армия),"краевое правительство Соломона Крыма 15.11.1918, Добровольческая армия и эскадра Антанты; РККА взяла Симферополь 10.04.1919",--- Крым при белых -----------------------------------------------------
CRIMEA,1919-06-24,1920-11-16,in,no,"белые: ВСЮР, с 04.1920 - Врангель","белые вернули Крым 24.06.1919, с 04.1920 Русская армия Врангеля; эвакуация 13-16.11.1920",
PENZA,1918-05-29,1918-06-12,in,no,Чехословацкий корпус,"чехословаки взяли Пензу 29.05.1918, РККА вернулась 12.06.1918",--- восточный фронт: Поволжье и Урал ----------------------------------
SAMARA,1918-06-08,1918-10-07,in,no,Комуч и Чехословацкий корпус,"чехословаки взяли Самару 08.06.1918, Комуч; РККА вернулась 07.10.1918",
SIMBIRSK,1918-07-22,1918-09-12,in,no,Народная армия Комуча (Каппель),Каппель взял Симбирск 22.07.1918; РККА вернулась 12.09.1918,
KAZAN,1918-08-07,1918-09-10,in,no,Народная армия Комуча и чехословаки,Каппель и чехословаки взяли Казань 07.08.1918; РККА вернулась 10.09.1918,
IZHEVSK,1918-08-08,1918-11-07,in,no,Ижевско-Воткинское восстание,Ижевско-Воткинское восстание 08.08.1918; РККА взяла Ижевск 07.11.1918,
IZHEVSK,1919-04-13,1919-06-08,in,no,белые (Колчак),весеннее наступление Колчака: Ижевск 13.04.1919; РККА вернулась 08.06.1919,
ORENBURG,1918-07-03,1919-01-22,in,no,Оренбургское казачье войско (Дутов),Дутов взял Оренбург 03.07.1918; РККА - 22.01.1919,
UFA,1918-07-05,1918-12-31,in,no,Чехословацкий корпус и Уфимская директория,"чехословаки взяли Уфу 05.07.1918, Уфимская директория; РККА - 31.12.1918",
UFA,1919-03-13,1919-06-09,in,no,белые (Колчак),Колчак взял Уфу 13.03.1919; РККА вернулась 09.06.1919,
PERM,1918-12-25,1919-07-01,in,no,белые (Колчак),Колчак взял Пермь 25.12.1918 («пермская катастрофа»); РККА - 01.07.1919,
EKATERINBURG,1918-07-25,1919-07-14,in,no,"Чехословацкий корпус, затем белые (Колчак)",чехословаки взяли Екатеринбург 25.07.1918; РККА - 14.07.1919,
CHELYABINSK,1918-05-26,1919-07-24,in,no,"Чехословацкий корпус, затем белые (Колчак)",мятеж чехословацкого корпуса в Челябинске 26.05.1918; РККА - 24.07.1919,
KURGAN,1918-06-02,1919-08-14,in,no,"Чехословацкий корпус, затем белые (Колчак)",чехословаки взяли Курган 02.06.1918; РККА - 14.08.1919,
TYUMEN,1918-07-20,1919-08-08,in,no,белые (Колчак),белые взяли Тюмень 20.07.1918; РККА - 08.08.1919,
SIB_NORTH,1918-06-10,1919-11-04,in,no,белые (Колчак),"Тобольский север у белых с лета 1918; Тобольск взят РККА 22.10.1919, низовья Оби - к началу ноября",--- восточный фронт: Сибирь и Дальний Восток --------------------------
OMSK,1918-06-07,1918-07-04,in,no,белые (Западно-Сибирский комиссариат и чехословаки),чехословаки и Западно-Сибирский комиссариат взяли Омск 07.06.1918; 04.07.1918 Временное сибирское правительство объявило самостоятельность Сибири,
OMSK,1918-11-18,1919-11-14,in,no,"белые (Колчак), столица","переворот Колчака 18.11.1918, Омск - его столица; РККА взяла Омск 14.11.1919",
NOVONIKOLAEVSK,1918-05-26,1919-12-14,in,no,белые (Колчак),мятеж корпуса в Новониколаевске 26.05.1918; РККА - 14.12.1919,
TOMSK,1918-05-31,1919-12-20,in,no,белые (Колчак),белые взяли Томск 31.05.1918; РККА - 20.12.1919,
SIB_EAST,1918-06-05,1920-01-07,in,no,белые (Колчак),Средняя Сибирь у белых с июня 1918; РККА взяла Красноярск 07.01.1920,
IRKUTSK,1918-07-11,1920-03-07,in,no,белые (Колчак),белые и чехословаки взяли Иркутск 11.07.1918; РККА - 07.03.1920,
YAKUTIA,1918-08-01,1919-12-15,in,no,белые (Колчак),"падение советской власти в Якутске летом 1918, дальше белые и Колчак; советская власть восстановлена 15.12.1919",
FAR_EAST,1918-06-29,,in,no,"белые (Семёнов, Хорват) и интервенты (Япония, США), с 04.1920 - Дальневосточная республика","переворот чехословаков во Владивостоке 29.06.1918, интервенция до 25.10.1922, Семёнов в Забайкалье, с 04.1920 буфер ДВР - все они имперские фракции",
KZ_AKTOBE,1918-06-10,1919-09-13,in,no,уральские казаки и Оренбургское войско (Дутов),Актюбинский коридор Оренбург - Ташкент перерезан уральскими казаками и Дутовым с лета 1918; смычка Туркестанского фронта с Туркестанской АССР 13.09.1919,--- Средняя Азия -------------------------------------------------------
TRANSCASPIA,1918-07-12,1920-02-06,in,no,Закаспийское временное правительство и британцы,"Закаспийское временное правительство (русская белая администрация) и британцы в Ашхабаде 12.07.1918; РККА взяла Ашхабад 09.07.1919, Красноводск 06.02.1920",
UA_SOUTH_W,1918-12-18,1919-04-06,in,no,Антанта и Добровольческая армия (Одесса),"французский десант в Одессе 18.12.1918, губернатором Гришин-Алмазов от Добровольческой армии; эвакуация 06.04.1919",--- украинский театр при белых и Антанте ------------------------------
UA_DONBAS,1919-05-27,1920-01-01,in,no,ВСЮР (Деникин),деникинцы в Луганске 27.05.1919; Донбасс возвращён РККА к концу декабря 1919,
UA_LEFT,1919-06-25,1919-12-12,in,no,ВСЮР (Деникин),Май-Маевский взял Харьков 24.06.1919; РККА вернула Харьков и Полтаву 11-12.12.1919,
UA_DNIPRO,1919-06-25,1920-01-01,in,no,ВСЮР (Деникин),ВСЮР взяли Екатеринослав в конце июня 1919; РККА вернула его 30.12.1919,
UA_SOUTH_W,1919-08-23,1920-02-07,in,no,ВСЮР (Деникин),десант ВСЮР в Одессе 23-28.08.1919; РККА в Одессе 07.02.1920,
UA_RIGHT,1919-08-31,1919-12-16,in,no,ВСЮР (Деникин),белые в Киеве 31.08.1919 (курьёз двойного взятия с петлюровцами); РККА вернула Киев 16.12.1919,
UA_TAVRIA,1920-06-06,1920-11-01,in,no,Русская армия Врангеля,Врангель вышел из Крыма в Северную Таврию 06.06.1920; РККА вернула её к началу ноября 1920,
