key,west,minus,note,anchor,comment
1917-12-25,,UA_ALL,"Украина вне империи. ГРАНИЦА ЗДЕСЬ ПРИБЛИЖЕНА СОВРЕМЕННЫМИ ОБЛАСТЯМИ, и это не то, что было: III Универсал 20.11.1917 называет девять губерний - Киевскую, Подольскую, Волынскую, Черниговскую, Полтавскую, Харьковскую, Херсонскую, Екатеринославскую и Таврическую без Крыма. Их границы с нынешними областями не совпадают: Харьковская доходила до нынешней Белгородской, Екатеринославская - до Ростовской. Галиция, Буковина и Закарпатье в УНР не входили вовсе - это Австро-Венгрия, и чёрные они по другой причине. Вне империи также Закавказье, Крымская народная республика, Алаш-Орда, Бессарабия у Румынии, Хива и Бухара. Советские анклавы (Харьков, Донбасс, Баку) по решению куратора не рисуем",I Всеукраинский съезд советов в Харькове 25.12.1917,
1918-02-08,,UA_AUSTRIA;UA_WEST,"красные взяли Киев: Украина внутри империи кроме Волыни и Подолья (у УНР) и Галичины; Бессарабия занята румынами, Псков - немцами",взятие Киева Муравьёвым 08.02.1918,
1918-02-21,yes,,"германское наступление с 18.02.1918: немцы в Даугавпилсе (18.02), Цесисе (20.02) и Резекне (21.02) - юг Лифляндии и Латгалия вне империи; немцы в Минске (21.02)",немцы в Даугавпилсе 18.02.1918 и Минске 21.02.1918,
1918-02-25,yes,,"немцы в Таллине (25.02), Тарту, Пярну, Хаапсалу (24.02) и Пскове (25.02.1918): Эстляндия и Лифляндия под германской оккупацией, у империи ещё Нарва и восток Эстляндии",немцы в Таллине 25.02.1918,
1918-03-02,,UA_ALL,"германская оккупация: Украина под Центральной радой и немцами вне империи, Беларусь и Псков под немцами; Крым ещё красный (Таврическая ССР), Дон - междоусобица имперцев, красным не различается","немцы в Киеве 01.03.1918, Брестский мир 03.03.1918",
1918-03-04,yes,,"немцы в Нарве (04.03.1918): Эстония, Латвия и Литва вне империи до ноября 1918 года",немцы в Нарве 04.03.1918,
1918-04-18,,UA_ALL,"немцы вошли в Крым (18.04.1918) - полуостров под другой державой, вне империи; 29.04.1918 в Киеве поставлен гетман","немцы в Симферополе 18.04.1918, Севастополь 01.05.1918",
1918-06-10,,UA_ALL,"мятеж Чехословацкого корпуса: Поволжье, Урал и Сибирь переходят к Комучу, Дутову и Сибирскому правительству - это спор фракций внутри империи, карта их не различает. Вне империи - Украина, Крым и Беларусь под немцами, Закавказье, Алаш-Орда, Тува","взятие Самары чехословаками 08.06.1918, Комуч",
1918-08-15,,UA_ALL,"пик междоусобицы: Казань, Симбирск, Самара, Екатеринбург, Архангельск у белых - империя от этого не сжимается. Реально вне империи: Украина, Крым и Беларусь под немцами, Кубанская народная республика, Закавказье, Горская республика, Сибирь в окне самостоятельности (с 04.07.1918), Алаш-Орда, Тува, Хива и Бухара","взятие Казани Каппелем 07.08.1918, Декларация о самостоятельности Сибири 04.07.1918",
1918-10-10,,UA_ALL,"РККА вернула Поволжье (Казань 10.09, Самара 07.10) - внутри империи ничего не меняется; Сибирь всё ещё в окне самостоятельности (последний срез внутри него)",взятие Самары РККА 07.10.1918,
1918-11-15,,UA_ALL,"Сибирь уже вне окна самостоятельности: 03.11.1918 Временное сибирское правительство отменило декларацию и сдало власть Временному Всероссийскому правительству, 10.11.1918 областная дума самораспустилась; немцы уходят из Крыма - полуостров возвращается в империю под краевым правительством и Добровольческой армией",эвакуация немцев из Крыма и правительство С. Крыма 15.11.1918,
1918-11-18,,UA_ALL,"переворот Колчака в Омске: власть берёт военный, областников арестовывают - на карте от Тюмени до Якутска ничего не меняется, окно самостоятельности закрылось двумя неделями раньше (спор Колчака с красными карта не различает)",переворот Колчака в Омске 18.11.1918,
1918-11-29,yes,,"РККА взяла Нарву (29.11.1918), Эстляндская трудовая коммуна",взятие Нарвы 29.11.1918,
1918-12-01,yes,,"РККА в Раквере, Резекне, Лудзе и Зилупе (01.12.1918)",взятие Раквере и Резекне 01.12.1918,
1918-12-09,yes,,РККА в Алуксне (07.12) и Даугавпилсе (09.12.1918),взятие Даугавпилса 09.12.1918,
1918-12-21,yes,,РККА в Валге (18.12) и Тарту (21.12.1918),взятие Тарту 21.12.1918,
1918-12-24,yes,,"РККА в Валмиере (22.12), Цесисе (23.12) и Тапе (24.12.1918)",взятие Тапы 24.12.1918,
1919-01-03,,UA_AUSTRIA;UA_RIGHT;UA_DNIPRO,"РККА взяла Харьков: левобережье в империи, Киев ещё у Директории; Одесса под Антантой и Добровольческой армией - в империи",взятие Харькова 03.01.1919,
1919-01-05,yes,,РККА в Вильнюсе (05.01.1919); Рига и Тукумс взяты 03.01,взятие Вильнюса 05.01.1919,
1919-01-09,yes,,РККА в Елгаве и Паневежисе (09.01.1919); РККА оставила Тапу (09.01),взятие Елгавы 09.01.1919,
1919-01-15,yes,,РККА оставила Раквере (12.01) и Тарту (14.01); РККА в Шяуляе и Пинске (15.01.1919),взятие Шяуляя 15.01.1919,
1919-01-19,yes,,РККА оставила Нарву (19.01.1919),Нарва оставлена 19.01.1919,
1919-01-31,yes,,"РККА оставила Валгу и Алуксне, взяла Вентспилс (31.01.1919)",Валга оставлена 31.01.1919,
1919-02-06,,UA_AUSTRIA;UA_WEST,"Киев взят красными, Директория отошла на Волынь и Подолье",взятие Киева 05.02.1919,
1919-02-10,yes,,РККА в Барановичах (01.02) и Лиде (10.02.1919),взятие Лиды 10.02.1919,
1919-02-24,yes,,РККА оставила Вентспилс (24.02.1919),Вентспилс оставлен 24.02.1919,
1919-03-05,yes,,РККА оставила Пинск (05.03.1919),Пинск оставлен 05.03.1919,
1919-03-11,yes,,РККА оставила Шяуляй (11.03.1919),Шяуляй оставлен 11.03.1919,
1919-03-18,yes,,РККА оставила Тукумс (15.03) и Елгаву (18.03.1919),Елгава оставлена 18.03.1919,
1919-03-24,yes,,РККА оставила Паневежис (24.03.1919),Паневежис оставлен 24.03.1919,
1919-04-04,yes,,РККА вернула Паневежис (04.04.1919),Паневежис взят 04.04.1919,
1919-04-20,,UA_AUSTRIA;UA_KHMEL;UA_VOLYN,"весеннее наступление Колчака - внутриимперский спор, чёрного не прибавляет; вне империи прежние окраины плюс Каменец и Волынь",взятие Ижевска колчаковцами 13.04.1919,
1919-05-23,yes,,РККА оставила Ригу (22.05) и Паневежис (23.05.1919),Рига оставлена 22.05.1919,
1919-05-27,,UA_AUSTRIA;UA_KHMEL;UA_VOLYN,Донбасс у Деникина - остаётся красным; в горах Дагестана деникинцы разогнали Горскую республику (23.05.1919),деникинцы в Луганске 27.05.1919,
1919-06-01,,UA_AUSTRIA;UA_KHMEL;UA_VOLYN,"Каменец-Подольский у Директории, Волынь у поляков; Кубанская народная республика ещё вне империи (до 07.11.1919)","Директория в Каменце-Подольском, поляки в Луцке 16.05.1919",
1919-06-25,,UA_AUSTRIA;UA_KHMEL;UA_VOLYN,"наступление Деникина: Харьков и Екатеринослав переходят к ВСЮР - та же империя, цвет не меняется",взятие Харькова Май-Маевским 24.06.1919,
1919-07-20,,UA_AUSTRIA;UA_KHMEL;UA_VOLYN,"РККА вернула Урал (Пермь 01.07, Екатеринбург 14.07) - опять смена фракции, не смена империи",взятие Екатеринбурга РККА 14.07.1919,
1919-08-28,,UA_AUSTRIA;UA_KHMEL;UA_VOLYN,десант ВСЮР в Одессе; поляки держат Минск (с 08.08.1919) - вот это вне империи,десант Деникина в Одессе 28.08.1919,
1919-08-31,,UA_AUSTRIA;UA_KHMEL;UA_VOLYN,"белые в Киеве (курьёз двойного взятия 30-31.08.1919): Киев возвращается в империю - у ВСЮР, а не у Директории. Вне империи остаётся подольский угол УНР",белые и петлюровцы в Киеве 31.08.1919,
1919-10-15,,UA_AUSTRIA;UA_KHMEL;UA_VOLYN,"максимум Деникина: Орёл, Курск, Воронеж, Царицын, Киев у ВСЮР, Омск у Колчака - вся эта территория имперская. Чёрными остаются Кубанская народная республика (до 07.11.1919), Закавказье, эмират Узун-Хаджи, Алаш-Орда, Тува, Бессарабия, Западная Беларусь с Минском и подольский угол УНР",орловско-кромский бой 13-20.10.1919,
1919-11-20,,UA_AUSTRIA;UA_KHMEL;UA_VOLYN,падение Омска (14.11) и разгон Кубанской рады (07.11.1919): Кубань возвращается в империю - к ВСЮР,"взятие Омска РККА 14.11.1919, «кубанское действо» 07.11.1919",
1919-12-17,,UA_AUSTRIA;UA_KHMEL;UA_VOLYN,РККА вернула Киев (16.12) и Харьков (11.12) - смена фракции внутри империи,"освобождение Киева 16.12.1919, Харькова и Полтавы 11.12.1919",
1920-01-03,yes,,РККА оставила Даугавпилс (03.01.1920),Даугавпилс оставлен 03.01.1920,
1920-01-21,yes,,РККА оставила Резекне (21.01.1920),Резекне оставлен 21.01.1920,
1920-01-26,yes,,РККА оставила Лудзу (26.01.1920),Лудза оставлена 26.01.1920,
1920-02-01,yes,,РККА оставила Зилупе (01.02.1920): Латгалия вне империи,Зилупе оставлен 01.02.1920,
1920-02-08,,UA_AUSTRIA;UA_VOLYN;UA_KHMEL,"Одесса, Ростов, Красноярск красные; Хива взята 02.02.1920 - ханство входит в империю","РККА в Одессе 07.02.1920, взятие Хивы 02.02.1920",
1920-03-20,,UA_AUSTRIA;UA_VOLYN;UA_KHMEL,"север, Кубань, Сибирь и Северный Кавказ под красными; эмират Узун-Хаджи и Алаш-Орда ликвидированы в марте 1920 - последние чёрные пятна внутри пространства закрыты, вне империи остаются Закавказье, Бухара, Тува, Бессарабия и Западная Беларусь","взятие Екатеринодара 17.03.1920, Иркутска 07.03.1920",
1920-05-08,,UA_AUSTRIA;UA_RIGHT,киевский поход поляков и УНР: правобережье с Киевом вне империи; Баку советизирован 28.04.1920 - Азербайджан в империи,поляки в Киеве 07.05.1920,
1920-05-18,,UA_AUSTRIA;UA_RIGHT,советский десант в Энзели - порту Гиляна на иранском берегу Каспия: район города красный до вывода войск 08.09.1921,десант Волжско-Каспийской флотилии в Энзели 18.05.1920,
1920-07-01,,UA_AUSTRIA;UA_KHMEL;UA_VOLYN,"РККА вернула Киев (12.06) и идёт к Збручу; Врангель в Северной Таврии - это имперская фракция, Таврия красная",возврат Киева 12.06.1920,
1920-07-08,yes,,"Волынь: РККА в Ровно и Здолбунове (04.07), Остроге (05.07), Сарнах и Кременце (07.07), Дубно, Луцке и Староконстантинове (08.07.1920)",взятие Ровно 04.07.1920,
1920-07-11,yes,,Подолье: РККА в Проскурове (09.07) и Каменце-Подольском (11.07.1920); Кременец снова у поляков (09.07),взятие Каменца-Подольского 11.07.1920,
1920-07-15,yes,,РККА взяла Вильнюс (14.07) и Пинск (15.07.1920),взятие Вильнюса 14.07.1920,
1920-07-20,yes,,"РККА в Лиде (17.07), Гродно (19.07) и Барановичах (20.07.1920)",взятие Гродно 19.07.1920,
1920-07-28,yes,,"РККА в Слониме (22.07), Волковыске (24.07) и Белостоке (28.07); в Галиции - Золочев (25.07), Броды, Сокаль и Тернополь (26.07), Бережаны (27.07), Чортков и Бучач (28.07.1920)",взятие Белостока 28.07.1920,
1920-08-01,yes,,РККА в Бресте и Бяла-Подляске (01.08.1920),взятие Бреста 01.08.1920,
1920-08-08,yes,,"РККА в Острове-Мазовецком (04.08), Остроленке (07.08) и Цеханове (08.08), на Волыни - в Любомле (03.08), Ковеле и Владимире-Волынском (04.08); Броды оставлены (03.08.1920)",взятие Цеханова 08.08.1920,
1920-08-13,yes,,"наибольшее продвижение: РККА в Млаве, Седльце и Грубешове (10.08), Пултуске и Вышкове (11.08), Дзялдове и Радзымине (13.08.1920); Варшава и Плоцк не взяты",взятие Радзымина 13.08.1920,
1920-08-18,yes,,"Варшавская битва: РККА оставила Радзымин (15.08), Седльце, Пултуск и Бяла-Подляску (17.08), Цеханов, Вышков и Дзялдово (18.08); взяла Броды (14.08) и Холм (16.08.1920)",Цеханов оставлен 18.08.1920,
1920-08-23,yes,,"РККА оставила Брест (19.08), Остров-Мазовецкий (20.08), Млаву (21.08), Белосток (22.08) и Остроленку (23.08.1920)",Белосток оставлен 22.08.1920,
1920-08-26,yes,,РККА передала Вильнюс Литве (26.08.1920),Вильнюс передан 26.08.1920,
1920-09-06,yes,,РККА оставила Холм (05.09) и Грубешов (06.09.1920),Холм оставлен 05.09.1920,
1920-09-17,yes,,"Галиция и Волынь: РККА оставила Ковель и Владимир-Волынский (13.09), Любомль (14.09), Сокаль и Броды (15.09), Луцк, Золочев и Бережаны (16.09), Чортков и Бучач (17.09.1920)",Броды оставлены 15.09.1920,
1920-09-19,yes,,"РККА оставила Ровно, Дубно, Здолбунов и Корец (18.09), Тернополь и Каменец-Подольский (19.09.1920)",Ровно оставлено 18.09.1920,
1920-09-24,yes,,РККА оставила Изяслав и Волковыск (23.09) и Слоним (24.09.1920),Слоним оставлен 24.09.1920,
1920-09-26,yes,,"РККА оставила Гродно, Пинск, Кременец и Острог (26.09.1920)",Гродно оставлено 26.09.1920,
1920-09-30,yes,,"РККА оставила Проскуров и Староконстантинов (27.09), Лиду и Сарны (28.09), Барановичи (30.09.1920)",Барановичи оставлены 30.09.1920,
1920-11-01,,UA_AUSTRIA;UA_VOLYN,Врангель ещё в Крыму (в империи); Волынь за Польшей по прелиминарной Риге; Бухара взята 02.09.1920,прелиминарный Рижский договор 12.10.1920,
1920-11-17,,UA_AUSTRIA;UA_VOLYN,"эвакуация Врангеля 13-16.11.1920: Крым переходит от белых к красным, оставаясь имперским","эвакуация Севастополя 13.11.1920, Каменец-Подольский 16.11.1920",
1920-12-02,,UA_AUSTRIA;UA_VOLYN,"советизация Армении (02.12.1920); вне империи остаются Грузия, Тува, Западная Беларусь, Бессарабия и Галичина",провозглашение Армянской ССР 02.12.1920,
1921-02-25,,UA_AUSTRIA;UA_VOLYN,"советизация Грузии (25.02.1921) - Закавказье целиком в империи; Дальний Восток (ДВР и интервенты до 25.10.1922) тоже имперский, вне империи - Тува, Западная Беларусь, Бессарабия и Галичина",РККА в Тбилиси 25.02.1921,
