segment,seq,place,lat,lon,source,confidence,note
crimea-moscow-1571/approach,1,"Думчий курган, развилка Муравской и Пахнутцевой дорог",51.0330,36.7330,"Книга Большому Чертежу, л. 12: «а Думчей Курган на Муравскои дороге от Донца от Северского верст с пол-30»; Загоровский относит к нему начало Пахнутцевой дороги",средняя,"сам курган на местности не отождествлён, точка взята по Прохоровке"
crimea-moscow-1571/approach,2,"Меловой брод на Сейме",51.5300,36.9800,"Книга Большому Чертежу, л. 34 об.-35 об.: «ниже Семицы Донецкие и Лещина на Семи Меловой брод... проходят теми дорогами с верху Оки реки по Пахнутцовои дороге на Кромы и на Орел»",низкая,"место брода не установлено до сих пор: поиск ведётся годами, единственного варианта нет. Точка условная, район Солнцева"
crimea-moscow-1571/approach,3,"Щигры, водораздел Рати и Щигра",51.8700,36.9000,"А. Куркулев, «Щигровские загадки», ч. 1, со ссылкой на опись РГАДА",средняя,"дорога шла у водораздела рядом с местом будущего города"
crimea-moscow-1571/approach,4,"Кромы, брод Быстрой на реке Кроме",52.6897,35.7675,"ПСРЛ т. 13; Разрядная книга 1475-1598; разбор похода 1571 года (КиберЛенинка): «в реку Кромы блиско устья, от Кром семь верст» был брод Быстрой, через который «лезли татаровя»",высокая,"через этот брод войско перешло Оку"
crimea-moscow-1571/approach,5,"Болхов, Пахнутцева дорога",53.4500,36.0000,"тот же разбор похода: от Кром «двинулся по Пахнутцевой дороге на север к Болхову»; Книга Большому Чертежу описывает выход Пахнутцевой дороги на Кромы и Орёл",высокая,
crimea-moscow-1571/approach,6,"Устье Угры при впадении в Оку",54.5100,36.2600,"разбор похода 1571 года: около 20 мая передовые отряды вышли к устью Угры",высокая,
crimea-moscow-1571/approach,7,"Обход Серпухова с запада",55.1500,37.0000,"разбор похода: «под Кромами орда перелезла Оку и в обход Серпухова, где стоял с опричным войском Иван Грозный, устремилась к Москве»",низкая,"КОНКРЕТНОЙ ДОРОГИ ОБХОДА ИСТОЧНИК НЕ НАЗЫВАЕТ: точка проведена западнее Серпухова по смыслу манёвра"
crimea-moscow-1571/approach,8,"Москва",55.7500,37.6200,"разбор похода: 23 мая главные силы подошли к Москве, ставки в Коломенском и Воробьеве",высокая,
crimea-moscow-1571/retreat-city,1,"Москва",55.7500,37.6200,"разбор похода: 26 мая хан повернул от Москвы назад по рязанской дороге",высокая,
crimea-moscow-1571/retreat-city,2,"Бронницы, рязанская дорога",55.4200,38.2600,"направление рязанской дороги от Москвы на Коломну",низкая,"промежуточная точка дороги, в источнике не названа"
crimea-moscow-1571/retreat-ukraine,1,"Коломна",55.0900,38.7700,"рязанская дорога от Москвы шла через Коломну на Переяславль-Рязанский",средняя,
crimea-moscow-1571/retreat-ukraine,2,"Переяславль-Рязанский",54.6300,39.7400,"разбор похода: отход «по рязанской дороге, подвергнув по пути опустошению юго-восточную украйну»",средняя,
crimea-moscow-1571/retreat-ukraine,3,"Выход в степь южнее Рязани",53.8000,40.1000,"по ханской реляции грабёж занял восемнадцать дней",низкая,"точки ухода за рубеж источник не даёт, конец полосы условный"
crimea-moscow-1521/approach,1,"Вход через рязанские земли",54.3000,40.0000,"Владимирский летописец (Исторические записки, т. 15, 1945, л. 240): «посекли и пленили по Рязанской земли и по Коломенской земли и сюды к Москве»",низкая,"дороги источники не называют; для 1521 года шляхи ещё не поименованы, «Муравский шлях» впервые под 1555 годом"
crimea-moscow-1521/approach,2,"Переяславль-Рязанский",54.6300,39.7400,"тот же летописец: разорение шло по рязанской земле",средняя,
crimea-moscow-1521/approach,3,"Коломна: бой на берегу 27 июля и переправа 28 июля",55.0900,38.7800,"Постниковский летописец (ПСРЛ т. 34, с. 14): разбиты воеводы Иван Шереметев, князь Владимир Курбский-Карамышев, Яков и Юрий Замятнины; Владимирский летописец: «а в неделю и Оку перевезлися»",высокая,"названия брода или урочища переправы источники не дают"
crimea-moscow-1521/approach,4,"Кашира",54.8450,38.1630,"Постниковский летописец (ПСРЛ т. 34, с. 14): «коширской посад пожгли»",высокая,"дата внутри окна 28 июля - 4 августа"
crimea-moscow-1521/sonraid,1,"Николо-Угрешский монастырь",55.6390,37.8380,"Владимирский летописец, л. 240: сожжён, «у церкви у каменной верх завалился»",высокая,
crimea-moscow-1521/sonraid,2,"Село Остров, дворец Василия III",55.5830,37.8450,"Постниковская и Синодальная летописи (по Карамзину, ИГР т. 7, гл. 2, прим.); историко-архитектурный разбор Б. М. Винникова, Кадашевские чтения 2011/12",высокая,
crimea-moscow-1521/sonraid,3,"Воробьёвы горы",55.7100,37.5600,"Синодальная летопись (цит. по Зимину, 1972, с. 241): на Воробьёве «мёд на погребах великого князя пили»",средняя,"Никоновская летопись (ПСРЛ т. 13, с. 38) утверждает, что до города вовсе не дошли; к Москве ходил не сам хан, а его сын - «Салтан богатырь»"
crimea-moscow-1521/kazan,1,"Нижний Новгород",56.3300,44.0000,"Разрядная книга 1475-1598: заранее выставлены гарнизоны в Нижнем Новгороде, Муроме, Мещере и на Мокше в Нароватове",средняя,"маршрут казанского крыла источники не описывают - названы только цели удара"
crimea-moscow-1521/kazan,2,"Муром",55.5700,42.0500,"Хронограф: «приходил в это же время казанский царь на Муромские места и Мещерские»",средняя,
crimea-moscow-1521/kazan,3,"Окрестности Владимира",56.1300,40.4000,"пересказ летописных известий о разорении владимирских окрестностей казанским войском",низкая,"дат нет, опорных пунктов между городами нет"
crimea-moscow-1521/retreat,1,"Коломна",55.0900,38.7800,"Разрядная книга 1475-1598: «лета 7029-го… августа в 12 день, как царь пошол из земли назад» - новая роспись воевод по Коломне, Кашире, Серпухову, Угре, Туле, Рязани",средняя,
crimea-moscow-1521/retreat,2,"Переяславль-Рязанский, осада",54.6300,39.7400,"осада не раньше 15-16 августа (Пенской, со ссылкой на Герберштейна); Дашкевич пытался взять город хитростью, отражён пушкарём Иоганном Иорданом при воеводе Иване Хабаре",высокая,"НЕСТЫКОВКА ИСТОЧНИКОВ: «пошол из земли назад» 12 августа против осады не раньше 15-16 августа"
crimea-moscow-1521/retreat,3,"Выход в степь",53.9000,40.2000,"хан узнал о ногайском набеге на свои улусы и ушёл, оставив грамоту у Хабара",низкая,"точной даты ухода за рубеж нет"
molodi-1572/crossing,1,"Сенькин брод, устье Лопасни",54.8427,37.8523,"Разрядная книга 1475-1598: «Теребердей мурза с нагайскими тотары пришол на Сенкин перевоз в ночи и тех детей боярских розогнали и розгромили и плетени ис подкопов выняли да перешли на сю сторону Оки»; «тое ночи крымской царь на том же Сенкине перевозе перелез Оку со всеми своими полки»",высокая,"привязка проверена по OpenStreetMap: урочище «Сенькин брод», городской округ Серпухов"
molodi-1572/crossing,2,"Река Пахра у нынешнего Подольска",55.4309,37.5453,"Разрядная книга: «Июля в 28 день в понедельник тот Теребердей мурза пришол под Москву и круг Москвы отнял все дороги, а не воевал ничево»",средняя,"источник называет только реку; привязка к Подольску из литературы"
crimea-moscow-1591/approach,1,"Ливны",52.4253,37.6083,"А. В. Виноградов (2014, с. 24, со ссылкой на РГАДА ф. 123 оп. 1 ед. хр. 19, лл. 117об-118): поход обнаружили станичные головы у Ливен",средняя,"дата не названа; известие идёт из крымской дипломатической версии с оговоркой «якобы»"
crimea-moscow-1591/approach,2,"Дедилов и Костомаров брод на Упе",53.9400,37.8500,"Книга Большому Чертежу: «лазят Татарове выше Тулы верст с восемь реку Шать… лазят реку Упу в Костомарове броде, против Дедилова… от Тулы 20 верст»",средняя,"геометрия шляха документирована, но дата прохода в 1591 году не названа"
crimea-moscow-1591/approach,3,"Тула",54.1900,37.6200,"Разрядная книга 1475-1598: воеводы «с Тулы» и «з Дедилова» стягивались в Серпухов до подхода хана",средняя,
crimea-moscow-1591/approach,4,"Переправа через Оку под Тешиловом",54.8300,37.6000,"Разрядная книга, л. 224об: «Июля в 3 день приехол з берегу Степан Колтовской, а в роспросе сказал, что царь крымской Оку реку перелез под Тешиловым и идет прямо к Москве»",высокая,"привязка к нынешнему Спас-Тешилову - средняя"
crimea-moscow-1591/approach,5,"Подход к Москве, стычка у Пахры",55.3000,37.6000,"Разрядная книга: князь В. И. Бахтеяров с тремя сотнями отогнал татарский авангард «по Котел»",средняя,"полоса доведена до подступов: сам бой у Котлов - отдельная запись, там империя устояла"
crimea-moscow-1591/retreat,1,"Коломенское, ставка хана",55.6690,37.6700,"Летописец с новыми известиями о восстании Болотникова (публикация В. И. Корецкого, История СССР, 1968, № 4, л. 111): «пришед стал в селе Коломенском»",средняя,"Разрядная книга ставку отдельно не называет"
crimea-moscow-1591/retreat,2,"Переправа обратно за Оку, ночёвка в девяноста верстах от Москвы",54.8300,37.6000,"Летописец Корецкого: «в другую нощь против понедельника с воскресенья побежал ис-под Москвы ис Коломенскова, начевал, перешед Оку от Москвы девяноста верст»; Разрядная книга: бежал «в ночи», «того же утра и Оку перелез»",высокая,
crimea-moscow-1591/retreat,3,"Вторая ночёвка за Дедиловым",53.8000,37.8500,"Летописец Корецкого: «а другую ночь начевал за Дедиловым»",средняя,"точка не привязывается, только «южнее Дедилова»"
crimea-moscow-1591/retreat,4,"Выход в степь",53.2000,37.7000,"погоня: основная рать дошла до Серпухова и встала, за Оку высланы лёгкие отряды; стычки «меж Тулы и Дедилова»",низкая,
