territory,territory_ru,from,to,kind,event_from,event_to,source,confidence,note,series
transnistria,Приднестровье,1992-03-02,1992-07-20,war,"бои в Дубоссарах со 2 марта 1992 года: вооружённый конфликт на левом берегу Днестра переходит в войну; с 19.06.1992 бои за Бендеры; 30.06.1992 14-я гвардейская армия уничтожила молдавское подразделение у Кицкан, 27.06.1992 армию принимает Лебедь","соглашение 21.07.1992 останавливает войну по линии, которую держат приднестровские формирования и 14-я армия","Human Rights Watch / Helsinki, доклад: «Human Rights in Moldova: The Turbulent Dniester», февраль 1993 - бои в Дубоссарах возобновились 2 марта, потери считаются со 2 марта по 3-4 августа; «Мемориал» в приложении к тому же докладу датирует захват отдела милиции в Дубоссарах 2 марта; Европейский суд по правам человека, дело: «Илашку и другие против Молдовы и России» (№ 48787/99, Большая палата, 08.07.2004), § 61 - об уничтожении молдавского подразделения у Кицкан 30.06.1992",высокая,"Карту в эти месяцы не красим: контроль ещё не закреплён, а территория принадлежит Молдове. РАСХОЖДЕНИЯ. Единой даты начала войны в первичке нет: Европейский суд говорит о столкновениях в Дубоссарах с ноября 1990 года и о войне «в конце 1991-го», Центр по предотвращению конфликтов ОБСЕ (Вена, 10.06.1994) пишет про бои в марте без числа. За 2 марта стоят Human Rights Watch и «Мемориал», за 1 марта - только ведомственные приднестровские сайты, поэтому берём 2-е. Конец боёв за Бендеры тоже расходится: ОБСЕ - 21 июня, «Мемориал» - между 22 и 26 июня, ночные бои шли и после прекращения огня 07.07.1992. Артудар 14-й армии в ночь на 3 июля документально не подтверждён.",
transnistria,Приднестровье,1992-07-21,,occupation,"соглашение Ельцина и Снегура 21.07.1992: Объединённая контрольная комиссия с 27.07.1992, ввод так называемых миротворческих сил 29.07.1992; решает, где проходит линия, российская армия",,"Соглашение о принципах мирного урегулирования вооружённого конфликта в Приднестровском регионе Республики Молдова (Москва, 21.07.1992) - официальный текст разослан как документ ООН S/24369 от 06.08.1992 и воспроизведён в решении Европейского суда по правам человека, дело: «Илашку и другие против Молдовы и России», § 292; резолюция Генеральной Ассамблеи ООН A/RES/72/282 от 22.06.2018: «Полный и безусловный вывод иностранных вооружённых сил с территории Республики Молдова»",высокая,"Территория Молдовы, которой с 1992 года распоряжается империя: Оперативная группа российских войск стоит там до сегодняшнего дня, и Генеральная Ассамблея ООН в 2018 году потребовала её вывода (голосование 64-15-83; резолюция прямо фиксирует, что группа не входит в военный компонент Объединённой контрольной комиссии и миротворческого мандата не имеет). Поэтому красим красным - рекомендация куратора 26.08.2026. ЛЕСТНИЦА ПРИСУТСТВИЯ: указ Президента РФ от 01.04.1992 № 320 перевёл войска бывшего СССР в Молдове под юрисдикцию России; директивой Генштаба от 18.04.1995, действующей с 01.07.1995, 14-я армия переименована в Оперативную группу российских войск; соглашение о выводе от 21.10.1994 Россия не ратифицировала, и в силу оно не вступило; обязательство вывести войска к концу 2002 года - Стамбульская декларация ОБСЕ 1999 года, § 19.",
south_ossetia_pre2008,Южная Осетия,1991-01-05,1992-06-23,war,"Закон Республики Грузия от 11.12.1990 № 63-I упразднил Юго-Осетинскую автономную область; 5 января 1991 года в Цхинвали введены от трёх до четырёх тысяч человек из МВД Грузии, ушли они 26.01.1991 - начались полтора года войны",соглашение Ельцина и Шеварднадзе 24.06.1992 останавливает войну,"Закон Республики Грузия от 11.12.1990 № 63-I: «Об упразднении Юго-Осетинской автономной области» (отменён указом Президента СССР от 07.01.1991 № 1286); Human Rights Watch / Helsinki, доклад: «Bloodshed in the Caucasus: Violations of Humanitarian Law and Human Rights in the Georgia-South Ossetia Conflict», 1992; Соглашение о принципах урегулирования грузино-осетинского конфликта (Дагомыс/Сочи, 24.06.1992), подписали Ельцин и Шеварднадзе, публикация: «Свободная Грузия», № 82, 27.06.1992",высокая,"Карту не красим: контроля нет ни у Грузии, ни у империи. В докладах Human Rights Watch и «Мемориала» вошедшие названы МВД Грузии и парамилитарес; формула «МВД и Национальная гвардия» идёт от Большой российской энциклопедии и первичкой не подтверждается.",
south_ossetia_pre2008,Южная Осетия,1992-06-24,2008-08-25,peacekeepers,"Дагомысское соглашение 24.06.1992 учредило Смешанную контрольную комиссию с местопребыванием в Цхинвали; она работала уже 3-4 июля 1992 года, в зону конфликта введены Смешанные силы по поддержанию мира, российский батальон в них - главный",война августа 2008 года и признание 26.08.2008 меняют режим с так называемого миротворческого на прямую оккупацию,"Соглашение о принципах урегулирования грузино-осетинского конфликта (24.06.1992), статья 3 - о Смешанной контрольной комиссии; протокол комиссии от 03.07.1992 (Цхинвали) и её решение № 3 от 04.07.1992 (Владикавказ, подписи Китовани, Шойгу, Хетагурова); соглашение от 31.10.1994 о четырёхстороннем составе комиссии; доклад: «Independent International Fact-Finding Mission on the Conflict in Georgia. Report», три тома, 30.09.2009 (доклад Тальявини)",средняя,"Полигон - без Ахалгорского (Ленингорского) района: до 2008 года его держала Грузия, и красить его российским красным с 1992 года было бы враньём. ДАТА ВВОДА СИЛ. Ходовое 14.07.1992 первичным документом не подтверждается - его дают вторичные и юбилейные источники, а доклад Тальявини воспроизводит его в изложении югоосетинской стороны. Документально комиссия работала уже 3-4 июля, поэтому окно открываем датой соглашения, 24.06.1992. ЕЩЁ ОДНО ПРИБЛИЖЕНИЕ: до августа 2008 Тбилиси держал и грузинские сёла Лиахвского коридора - Кехви, Тамарашени, Земо и Квемо Ачабети, Курта, Эредви, Авневи, Нули, Тигва (доклад Тальявини, том II; Human Rights Watch, «Up in Flames»: семнадцать сёл). Из полигона они НЕ вычтены - рамка отрезает только Ахалгори. Спорное: считать ли шестнадцать лет так называемого миротворчества имперским контролем - решение куратора.",
south_ossetia,Южная Осетия,2008-08-07,2008-08-12,war,"7 августа 2008 года в 23:35 грузинская артиллерия открыла огонь, в 23:50 - по целям в Цхинвали; наземный штурм города утром 8 августа; по российской версии 58-я армия прошла Рокский тоннель 8 августа в 14:30",план Медведева-Саркози 12.08.2008 останавливает боевые действия,"доклад Тальявини (IIFFMCG), сентябрь 2009; указ Президента РФ от 26.08.2008 № 1261: «О признании Республики Южная Осетия», kremlin.ru/acts/bank/27958",высокая,"Строка нужна попапу и остановке ползунка: заливку она не меняет - территория и так под империей с 1992 года. Утверждение грузинской стороны о более раннем проходе российских войск через Рокский тоннель миссия Тальявини проверить не смогла и прямо это записала. Продвижение шло и после объявленного окончания: Ахалгори занят 16 августа, Переви - 20 августа.",
south_ossetia,Южная Осетия,2008-08-26,,occupation,"указ от 26.08.2008 № 1261 о признании; российские базы, охрана границы силами ФСБ",,"Указ Президента РФ от 26.08.2008 № 1261: «О признании Республики Южная Осетия», kremlin.ru/acts/bank/27958 (статья Собрания законодательства для него не подтверждена); доклад: «Independent International Fact-Finding Mission on the Conflict in Georgia. Report», три тома, 30.09.2009",высокая,С 2008 года полигон полный - вместе с Ахалгорским районом.,
akhalgori,Ахалгорский (Ленингорский) район,2008-08-16,,occupation,"16 августа 2008 года, уже после объявленного прекращения огня, российские войска заняли Ахалгорский район; боёв там не было, грузинская администрация и часть жителей ушли, 03.09.2008 указом Кокойты назначена своя",,"доклад Тальявини, том II: «occupied additional locations, including Akhalgori/Leningori (16 August)»; том I - о районе, находившемся под грузинским управлением до конфликта августа 2008 года",высокая,"До 16 августа 2008 года район на карте не под заливкой - его держала Грузия, и это сказано в докладе Тальявини прямым текстом.",
abkhazia_pre2008,Абхазия,1992-08-14,1994-05-13,war,ввод грузинских войск 14.08.1992,"абхазские силы выбили грузинские войска из Сухуми 27.09.1993, к 1 октября сопротивление грузинских сил прекратилось; войну закрывает Московское соглашение 14.05.1994","доклад Генерального секретаря ООН S/26551 от 07.10.1993, пункт 8 - о взятии Сухуми 27 сентября и прекращении сопротивления грузинских сил 1 октября; Соглашение о прекращении огня и разъединении сил (Москва, 14.05.1994) - приложение I к документу ООН S/1994/583 от 17.05.1994; Human Rights Watch, доклад: «Georgia/Abkhazia: Violations of the Laws of War and Russia's Role in the Conflict», март 1995",высокая,"С октября 1993 года Грузия контроля над Абхазией не имеет, но и империя ещё не встала там гарнизоном - карту в это окно не красим. Ходовой формулировки «выход к Ингури 30.09.1993» в первичке нет: ООН пишет, что усилия грузинских сил прекратились 1 октября, а 30 сентября - дата из абхазской статистики. Верхнее Кодорское ущелье тогда занято не было, бои там шли до весны 1994 года.",
abkhazia_pre2008,Абхазия,1994-05-14,2008-08-25,peacekeepers,"Московское соглашение о прекращении огня и разъединении сил 14.05.1994; с июня 1994 года в зоне конфликта стоят Коллективные силы СНГ по поддержанию мира, укомплектованные российскими военными; развёртывание завершено к 12.07.1994",война августа 2008 года и признание 26.08.2008,"Соглашение о прекращении огня и разъединении сил (Москва, 14.05.1994) - приложение I к документу ООН S/1994/583; заявление Совета глав государств СНГ от 15.04.1994 (документ ООН S/1994/476) и его решение от 22.08.1994 об использовании Коллективных сил; письмо Козырева, документ ООН S/1994/732; доклад Генерального секретаря ООН S/1994/818, пункт 15; резолюция Совета Безопасности ООН 937 (1994) от 21.07.1994; решение Совета глав государств СНГ от 19.01.1996 - приложение IV к документу ООН A/51/62-S/1996/74 от 31.01.1996, пункт 6",низкая,"СПОРНОЕ, вынесено куратору. Против того, чтобы красить эти четырнадцать лет красным: с 19.01.1996 действовало решение СНГ, запрещавшее торговые, финансовые и транспортные операции с абхазской стороной без согласия правительства Грузии, и Россия объявила, что оно её больше не связывает, только 06.03.2008 (доклад Генерального секретаря ООН S/2008/219 от 02.04.2008, пункт 14) - то есть двенадцать лет из четырнадцати формально держала ограничения сама. Промежуточные шаги: 09.09.1999 отменены пограничные ограничения 1994 года, 30.11.2000 жители Абхазии и Южной Осетии выведены из-под визового режима с Грузией. За: линию по Ингури держала российская армия, и без неё Абхазия не устояла бы. Полигон - без верхнего Кодорского ущелья: его до 2008 года держала Грузия.",
kodori,Верхнее Кодорское ущелье,2008-08-09,2008-08-12,war,бомбардировки с 9 августа 2008 года и наземное наступление абхазских и российских сил на верхнее Кодори - последний участок Абхазии под грузинским управлением; управление это Тбилиси установил операцией 25-27.07.2006,в ночь с 11 на 12 августа 2008 года грузинские силы ущелье оставили,"доклад Генерального секретаря ООН S/2008/631 от 03.10.2008, пункт 9 - о наземном наступлении 12 августа и установлении контроля над верхним Кодори; доклад Тальявини, том II - об уходе грузинских сил в ночь с 11 на 12 августа и занятии района 12-13 августа; доклад Генерального секретаря ООН S/2006/771 от 28.09.2006, пункты 6, 8, 15 - о грузинской операции 2006 года",высокая,"Дата установления контроля расходится на сутки: ООН пишет 12 августа, миссия Тальявини - 12-13 августа. Берём 12-е.",
kodori,Верхнее Кодорское ущелье,2008-08-13,,occupation,"ущелье занято, грузинского управления там больше нет",,"доклад Генерального секретаря ООН S/2008/631 от 03.10.2008, пункт 9; доклад Тальявини, том II",высокая,До августа 2008 года красить ущелье красным нельзя - именно поэтому полигон Абхазии до 2008 года идёт без него.,
abkhazia,Абхазия,2008-08-26,,occupation,"указ от 26.08.2008 № 1260 о признании; российские базы, охрана границы силами ФСБ",,"Указ Президента РФ от 26.08.2008 № 1260, kremlin.ru/acts/bank/27957; доклад Тальявини (IIFFMCG), сентябрь 2009",высокая,,
georgia_buffer,Буферные зоны в Грузии,2008-08-11,2008-10-10,occupation,"российские войска заняли Зугдиди и Сенаки 11-12.08.2008, Гори - 12-13.08, порт Поти - 12.08; из зданий администрации Гори и Зугдиди ушли 22.08.2008, из Поти и Сенаки - 13.09.2008, но блокпосты в так называемых буферных зонах вокруг Южной Осетии и Абхазии остались",вывод из буферных зон завершён 8-10.10.2008 по соглашению 8.09.2008,"соглашение о реализации плана Медведева-Саркози от 08.09.2008 (вывод из прилегающих зон не позднее 1 октября); Council Joint Action 2008/736/CFSP от 15.09.2008 об учреждении наблюдательной миссии Евросоюза, OJ L 248 от 17.09.2008; документ Совета Евросоюза S332/08 от 10.10.2008 - подтверждение вывода (проверены двенадцать блокпостов и база у Абхазии, пять блокпостов и узел связи у Южной Осетии); Human Rights Watch - об оккупации Горийского и Карельского районов до 10.10.2008; доклад Тальявини, тома I-II",средняя,"Два месяца империя распоряжалась районами самой Грузии - на карте это должно быть видно и должно исчезнуть. Контур - границы семи муниципалитетов OpenStreetMap (28.08.2026): Гори, Карели, Каспи в коридоре к Южной Осетии и Зугдиди, Хоби, Сенаки, Поти у Абхазии, 4,7 тыс. км². Хоби внесён по порядку снятия постов 08-09.10.2008 - сперва Поти, затем Сенаки и Хоби. Хашури и Абаша НЕ внесены: выход из Хашури не датирован ни одним источником, Абаша не упомянута. Прежние два нарисованных прямоугольника и краткая замена целыми регионами Natural Earth (завышала площадь вдвое, до 11,1 тыс. км², втягивая сванетские горы) сняты. РАСХОЖДЕНИЯ. Дата завершения вывода: 8 октября (позиция Грузии в Европейском суде), 9 октября (нота МИД России), 10 октября (Совет Евросоюза и Human Rights Watch) - берём 10-е. Вход в Зугдиди и Сенаки: 11 августа (Civil.ge) против 12 августа (доклад Тальявини); в Гори: 12 августа (Тальявини) против 13 августа 09:20 (Civil.ge). Окно у нас одно на весь коридор, поэтому Поти и Сенаки остаются под заливкой до 10 октября, хотя войска оттуда ушли 13 сентября. Отдельных дат по городу Карели не даёт ни один источник, дата выхода из Хашури не подтверждена; село Переви, занятое 20.08.2008, из общего вывода было исключено и в контур не заведено.",
chechnya,Чечня (Ичкерия),1994-12-11,1996-08-31,war,"ввод войск 11.12.1994 по указу от 09.12.1994 № 2166; ковровые бомбардировки Грозного, фильтрационные пункты, взятие заложников","Ичкерия отстояла независимость: 31.08.1996 в Хасавюрте подписаны соглашения: «Принципы определения основ взаимоотношений между Российской Федерацией и Чеченской Республикой», войска выводятся","Указ Президента РФ от 09.12.1994 № 2166, kremlin.ru/acts/bank/7312; Хасавюртовские соглашения от 31.08.1996 - совместное заявление и четыре пункта «Принципов определения основ взаимоотношений между Российской Федерацией и Чеченской Республикой» (Лебедь, Харламов, Масхадов, Абумуслимов), текст в Викитеке; наша база, домен нохчи: «Военная интервенция и неизбирательный террор (1994-1996)» (C1029), «Институциональный террор и фильтрационные лагеря (1994-1996)» (C1030), «Использование живого щита и заложников (1995-1996)» (C1031), «Установка марионеточного правительства через фиктивные выборы (1995-1996)» (C1033)",высокая,"Территория внутри контура империи, но контроля империя там не имела - поэтому вырезаем из красного. РЕКВИЗИТЫ. 9 декабря 1994 года подписаны указы № 2166 и № 2167; указ от 11.12.1994 № 2169, которым войска вводились непосредственно, в банке kremlin.ru и в ИПС pravo.gov.ru не публиковался - он известен по цитированию в Постановлении Конституционного Суда РФ от 31.07.1995 № 10-П. Реквизиты публикации указа № 2169 остаются дырой. ХАСАВЮРТ. В «Принципах» четыре пункта; «Мемориал» датирует подписание 30 августа - подписывали в ночь с 30 на 31, у нас стоит 31.08.1996. ВОПРОС КУРАТОРУ: по нашей же базе окно надо открывать раньше. В нашей базе есть записи: «Экономическая и транспортная блокада Ичкерии (1992-1994)» (C1027) описывает финансовые санкции и перекрытие сообщения с республикой - так блокируют соседа, а не управляют регионом; вторая запись: «Прокси-война и политическая дестабилизация (1993-1994)» (C1028) описывает снабжение вооружённой оппозиции и штурм Грозного 26.11.1994 чужими руками. Обе описывают действия ИЗВНЕ. Сейчас карта по решению куратора 26.08.2026 держит 1992-1994 красными.",
chechnya,Чечня (Ичкерия),1996-09-01,1999-09-29,de_facto_independent,"после Хасавюрта российских войск, налогов и управления в республике нет; 27.01.1997 президентом избран Аслан Масхадов, выборы наблюдала ОБСЕ",ввод наземных войск 30.09.1999,"Хасавюртовские соглашения от 31.08.1996; Договор о мире и принципах взаимоотношений между Российской Федерацией и Чеченской Республикой Ичкерия от 12.05.1997 (Ельцин, Масхадов)",высокая,"Три года Ичкерия существовала как государство: своя власть, свои выборы, признанные наблюдателями ОБСЕ, договор с Москвой как между сторонами. Империя контроля здесь не имела, и красного тут нет.",
chechnya,Чечня (Ичкерия),1999-09-30,2000-02-06,war,30.09.1999 танковые части вошли в Наурский и Шелковской районы - началась наземная часть войны; ей предшествовали авиаудары по Грозному с 23.09.1999,6.02.2000 федеральные войска заняли Грозный,"Хронология второй чеченской войны; решение Национального антитеррористического комитета: с 00:00 16.04.2009 отменён приказ, объявлявший территорию республики зоной проведения так называемой контртеррористической операции",высокая,"Вырез действует на всю республику, хотя равнинные Наурский и Шелковской районы заняты в первые дни: карта обзорная, дробить её по районам мы здесь не стали. АВГУСТОВСКИЕ УДАРЫ 1999 ГОДА подтверждаются двумя датами: 04.08 по селу Кенхи и 25-26.08 по Веденскому ущелью (последнее подтверждено Минобороны РФ); удары по Грозному - с 23.09.1999. Номер отменённого приказа в открытых источниках не назван - дыра.",
chechnya_mountains,Горная Чечня,2000-02-07,2000-04-20,war,"Грозный занят федеральными войсками, бои переносятся в горы: Шатойский, Веденский, Итум-Калинский, Шаройский и Ножай-Юртовский районы","Шатой занят 29.02.2000, бои у села Комсомольское шли 5-20.03.2000; 20.04.2000 Манилов заявил дословно: «войсковая часть контртеррористической операции» завершена","Хронология второй чеченской войны; Большая российская энциклопедия, статья: «Контртеррористические операции на Северном Кавказе 1999-2000»; заявление генерала армии Манилова 20.04.2000",средняя,"Империя восстановила контроль силой. ФОРМУЛИРОВКИ РАЗНЫЕ, и мы держим ту, которая закрывает окно: 20.04.2000 Манилов сказал именно про «войсковую часть контртеррористической операции», а «военная фаза» - это Тимченко, 01.03.2000. Прямое президентское правление оформлено Указом от 12.06.2000 № 1100: «О Главе Администрации Чеченской Республики» (kremlin.ru/acts/bank/15690), а не Указом от 08.06.2000 № 1071, который вводил временную систему органов исполнительной власти. Режим так называемой контртеррористической операции на территории республики держался ещё девять лет - до 16.04.2009. Рамка горных районов приближённая - южнее 43.05° с.ш.",
crimea,Крым и остров Тузла,2014-02-27,2014-03-17,occupation,"27.02.2014 вооружённые люди без опознавательных знаков заняли здания Верховного Совета и Совета министров Крыма; 01.03.2014 Совет Федерации разрешил ввод войск, украинские части блокированы",18.03.2014 подписан договор о принятии Крыма в состав РФ,"Постановление Совета Федерации от 01.03.2014 № 48-СФ: «Об использовании Вооружённых Сил Российской Федерации на территории Украины» (Собрание законодательства РФ, 03.03.2014, № 9, ст. 862; отменено постановлением Совета Федерации от 25.06.2014 № 296-СФ); резолюция Генеральной Ассамблеи ООН 68/262 от 27.03.2014: «Территориальная целостность Украины»",высокая,Контроль установлен за три недели до правового акта - карта идёт по контролю.,
crimea,Крым и остров Тузла,2014-03-18,,annexation,"18.03.2014 подписан договор о принятии Республики Крым в состав РФ, 21.03.2014 принят федеральный конституционный закон № 6-ФКЗ; последние украинские части покинули полуостров в конце марта 2014 года",,Федеральный конституционный закон от 21.03.2014 № 6-ФКЗ; резолюция Генеральной Ассамблеи ООН 68/262 от 27.03.2014: «Территориальная целостность Украины»; резолюция Генеральной Ассамблеи ООН 71/205 от 19.12.2016 о положении с правами человека в Крыму,высокая,"ВСТУПЛЕНИЕ В СИЛУ. По статье 10 договор действует с даты ратификации (21.03.2014), но по официальной отметке МИД России (письмо от 02.04.2014) он вступил в силу 01.04.2014, и правовые базы дают ту же дату. Мы пишем обе; на заливку это не влияет - контроль установлен 27.02.2014, аннексия оформлена 18.03.2014. ОСТРОВ ТУЗЛА идёт вместе с полуостровом: отдельной даты перехода острова под российский контроль в 2014 году нет ни в одном найденном источнике - дыра.",
ordlo,Отдельные районы Донецкой и Луганской областей,2015-02-19,,occupation,"18.02.2015 украинские войска вышли из Дебальцева - фронт встал на линии, которая держалась до 24.02.2022. С этого дня полигон DeepStateMAP наконец соответствует местности",,"резолюция Генеральной Ассамблеи ООН 68/262 от 27.03.2014; решение Европейского суда по правам человека, дело: «Украина против России (касательно Крыма и востока Украины)», §§ 50 и 56 - о захвате управления СБУ в Луганске 06.04.2014 и областной администрации 29.04.2014; доклады Управления Верховного комиссара ООН по правам человека о положении с правами человека в Украине (серия с 2014 года)",средняя,"ПОПРАВКА 26.08.2026. До этого эпизод начинался 06.04.2014, и вся Донетчина с Луганщиной появлялась на карте сплошным куском сразу - причём по линии, на которой фронт встал только после Дебальцева, в феврале 2015 года. Апрель 2014 - февраль 2015 теперь идут датированными срезами реконструкции (строки donbas_*, tools/build_donbas.py), а этот полигон включается ровно с той даты, с которой он правдив.",
#ordlo,Отдельные районы Донецкой и Луганской областей,2014-08-24,2015-02-18,war,"август 2014 года: регулярные российские части входят в Донбасс, Иловайск","Минский протокол 05.09.2014, Минские соглашения 12.02.2015 и выход украинских войск из Дебальцево 18.02.2015 фиксируют линию",доклады Управления Верховного комиссара ООН по правам человека о положении с правами человека в Украине; Минский протокол от 05.09.2014,средняя,"СНЯТО С ПОКАЗА 26.08.2026: окно 24.08.2014-18.02.2015 теперь закрыто датированными срезами реконструкции (строки donbas_*), которые эти месяцы и красят. ",
#sloviansk,Славянско-краматорский выступ,2014-04-12,2014-07-05,occupation,"12.04.2014 группа Игоря Гиркина заняла Славянск, затем Краматорск, Дружковку, Константиновку и Красный Лиман",05.07.2014 украинские войска вернули Славянск и Краматорск,"доклады Управления Верховного комиссара ООН по правам человека о положении с правами человека в Украине, 2014",средняя,"СНЯТО С ПОКАЗА 26.08.2026: рисованный прямоугольник заменён помесячной реконструкцией (строки donbas_*, tools/build_donbas.py). Строка оставлена ради пруфов и истории правки. Контур рисованный, приближённый. Три месяца этот кусок был под империей и перестал - на карте он обязан появиться и исчезнуть. ПРУФ СЛАБЫЙ: документа уровня ООН или Европейского суда на даты 12.04 и 05.07.2014 нет, даты держатся на украинских источниках - дыра.",
#mariupol,Мариуполь,2014-04-13,2014-06-13,occupation,13.04.2014 захвачено здание горсовета,13.06.2014 украинские войска вернули город,"доклады Управления Верховного комиссара ООН по правам человека о положении с правами человека в Украине, 2014",средняя,"СНЯТО С ПОКАЗА 26.08.2026: рисованный прямоугольник заменён помесячной реконструкцией (строки donbas_*). Контур рисованный, приближённый. ПРУФ СЛАБЫЙ: документа уровня ООН или Европейского суда на даты 13.04 и 13.06.2014 нет, даты держатся на украинских источниках - дыра.",
#ukraine,Украина,2022-02-24,2022-04-02,war,24.02.2022 полномасштабное вторжение,с 03.04.2022 карта идёт по снимкам DeepStateMAP,резолюция Генеральной Ассамблеи ООН ES-11/1 от 02.03.2022: «Агрессия против Украины»,высокая,"СНЯТО С ПОКАЗА 26.08.2026: окно 24.02-02.04.2022 теперь закрыто восемью срезами реконструкции (строки donbas_2022_*), которые его и красят. Заливки у строки нет: сплошных данных о занятой территории за 24.02 - 02.04.2022 у нас нет, и рисовать её мы не будем. Строка даёт остановку ползунка и запись в истории точки, дальше работает слой DeepStateMAP.",
donbas_2014_04_06,"Донбасс: первые захваты, 2014-04-06",2014-04-06,2014-04-11,occupation,"06.04.2014 занято здание областного управления Службы безопасности Украины в Луганске; в ночь на 7 апреля - здание областной администрации в Донецке, 7 апреля объявлена «ДНР»",12.04.2014 вооружённая группа под командой Игоря Гиркина заняла Славянск,"Европейский суд по правам человека, «Украина и Нидерланды против России» (№ 8019/16, 43800/14 и 28525/20), решение Большой палаты о приемлемости от 30.11.2022, §§ 50-51",средняя,"Срез реконструкции: линия построена из таблицы якорей взвешенным голосованием ближайших (tools/build_donbas.py, тот же метод и тот же код, что у слоя Второй мировой). Это не оцифровка карт боевых действий: между двумя якорями линия идёт там, где её проводит формула. Никакой сплошной области в апреле не было: на карте два пятна вокруг занятых зданий. Это и есть смысл помесячной реконструкции.",donbas
donbas_2014_04_12,"Донбасс: Славянск и Краматорск, 2014-04-12",2014-04-12,2014-04-19,occupation,"12.04.2014 группа под командой Игоря Гиркина заняла здания в Славянске, в тот же день - в Краматорске и Дружковке",к 20.04.2014 Славянск был занят целиком,"Европейский суд по правам человека, «Украина и Нидерланды против России» (№ 8019/16, 43800/14 и 28525/20), решение Большой палаты о приемлемости от 30.11.2022, §§ 52, 185",средняя,"Срез реконструкции: линия построена из таблицы якорей взвешенным голосованием ближайших (tools/build_donbas.py, тот же метод и тот же код, что у слоя Второй мировой). Это не оцифровка карт боевых действий: между двумя якорями линия идёт там, где её проводит формула. ",donbas
donbas_2014_04_20,"Донбасс: занят север и центр, 2014-04-20",2014-04-20,2014-04-30,occupation,"13-15.04.2014 заняты Мариуполь, Макеевка, Енакиево, Горловка, Харцызск и Шахтёрск; к 20.04.2014 Славянск занят целиком","28-30.04.2014 заняты Константиновка, Алчевск и здание областной администрации в Луганске (29.04)","Европейский суд по правам человека, «Украина и Нидерланды против России» (№ 8019/16, 43800/14 и 28525/20), решение Большой палаты о приемлемости от 30.11.2022, § 55; доклады Управления Верховного комиссара ООН по правам человека о положении с правами человека в Украине, серия с 2014 года",средняя,"Срез реконструкции: линия построена из таблицы якорей взвешенным голосованием ближайших (tools/build_donbas.py, тот же метод и тот же код, что у слоя Второй мировой). Это не оцифровка карт боевых действий: между двумя якорями линия идёт там, где её проводит формула. ",donbas
donbas_2014_05_01,"Донбасс: Луганщина и Амвросиевка, 2014-05-01",2014-05-01,2014-05-10,occupation,"29.04.2014 захвачено здание областной администрации в Луганске, 30.04 занят Алчевск, 01.05 - Амвросиевка",11.05.2014 проведены так называемые референдумы,"Европейский суд по правам человека, «Украина и Нидерланды против России» (№ 8019/16, 43800/14 и 28525/20), решение Большой палаты о приемлемости от 30.11.2022, § 56; доклады Управления Верховного комиссара ООН по правам человека о положении с правами человека в Украине, серия с 2014 года",средняя,"Срез реконструкции: линия построена из таблицы якорей взвешенным голосованием ближайших (tools/build_donbas.py, тот же метод и тот же код, что у слоя Второй мировой). Это не оцифровка карт боевых действий: между двумя якорями линия идёт там, где её проводит формула. ",donbas
donbas_2014_05_11,"Донбасс: так называемые референдумы, 2014-05-11",2014-05-11,2014-05-31,occupation,"11.05.2014 в занятых районах Донецкой и Луганской областей проведены так называемые референдумы; Управление Верховного комиссара ООН по правам человека отметило, что они не соответствуют ни Конституции Украины, ни международному праву",22.05.2014 заняты Северодонецк и Лисичанск,"Европейский суд по правам человека, «Украина и Нидерланды против России» (№ 8019/16, 43800/14 и 28525/20), решение Большой палаты о приемлемости от 30.11.2022, § 59; доклад УВКПЧ ООН от 15.06.2014, п. 160",средняя,"Срез реконструкции: линия построена из таблицы якорей взвешенным голосованием ближайших (tools/build_donbas.py, тот же метод и тот же код, что у слоя Второй мировой). Это не оцифровка карт боевых действий: между двумя якорями линия идёт там, где её проводит формула. ",donbas
donbas_2014_06_01,"Донбасс: бои за донецкий аэропорт, 2014-06-01",2014-06-01,2014-06-12,occupation,"26.05.2014 начались бои за донецкий аэропорт, он остался за украинскими войсками; 22.05 заняты Северодонецк и Лисичанск","04.06.2014 возвращён Красный Лиман, 13.06 - Мариуполь","Европейский суд по правам человека, «Украина и Нидерланды против России» (№ 8019/16, 43800/14 и 28525/20), решение Большой палаты о приемлемости от 30.11.2022, § 198",средняя,"Срез реконструкции: линия построена из таблицы якорей взвешенным голосованием ближайших (tools/build_donbas.py, тот же метод и тот же код, что у слоя Второй мировой). Это не оцифровка карт боевых действий: между двумя якорями линия идёт там, где её проводит формула. ",donbas
donbas_2014_06_13,"Донбасс: Мариуполь возвращён, 2014-06-13",2014-06-13,2014-06-30,occupation,"13.06.2014 украинские войска очистили Мариуполь; 04.06 возвращён Красный Лиман, 05.06 - Амвросиевка, 14.06 - Счастье и Станица Луганская",05.07.2014 вооружённые формирования отошли из Славянска к Донецку,"доклады Управления Верховного комиссара ООН по правам человека о положении с правами человека в Украине, серия с 2014 года; дата 13.06.2014 держится на украинских источниках",средняя,"Срез реконструкции: линия построена из таблицы якорей взвешенным голосованием ближайших (tools/build_donbas.py, тот же метод и тот же код, что у слоя Второй мировой). Это не оцифровка карт боевых действий: между двумя якорями линия идёт там, где её проводит формула. ПРУФ СЛАБЫЙ: документа уровня ООН или Европейского суда по правам человека на 13.06.2014 нет.",donbas
donbas_2014_07_01,"Донбасс: канун наступления, 2014-07-01",2014-07-01,2014-07-04,occupation,к июлю 2014 года украинские войска вернули часть городов и вышли к Славянску,05.07.2014 оставлен Славянск,"Европейский суд по правам человека, «Украина и Нидерланды против России» (№ 8019/16, 43800/14 и 28525/20), решение Большой палаты о приемлемости от 30.11.2022, § 65",средняя,"Срез реконструкции: линия построена из таблицы якорей взвешенным голосованием ближайших (tools/build_donbas.py, тот же метод и тот же код, что у слоя Второй мировой). Это не оцифровка карт боевых действий: между двумя якорями линия идёт там, где её проводит формула. ",donbas
donbas_2014_07_05,"Донбасс: Славянск и Краматорск возвращены, 2014-07-05",2014-07-05,2014-07-24,occupation,"05.07.2014 вооружённые формирования отошли из Славянска и окрестных городов к Донецку; 06.07 возвращён Артёмовск, 10.07 - Северск","21-24.07.2014 возвращены Соледар, Дзержинск, Рубежное, Попасная, Северодонецк и Лисичанск","Европейский суд по правам человека, «Украина и Нидерланды против России» (№ 8019/16, 43800/14 и 28525/20), решение Большой палаты о приемлемости от 30.11.2022, § 66",средняя,"Срез реконструкции: линия построена из таблицы якорей взвешенным голосованием ближайших (tools/build_donbas.py, тот же метод и тот же код, что у слоя Второй мировой). Это не оцифровка карт боевых действий: между двумя якорями линия идёт там, где её проводит формула. Славянский выступ, который на карте держался отдельной строкой с прямоугольным контуром, с этой даты исчезает сам - он часть общей линии.",donbas
donbas_2014_07_25,"Донбасс: наибольшее продвижение, 2014-07-25",2014-07-25,2014-07-31,occupation,"21.07.2014 возвращены Соледар, Дзержинск и Рубежное, 22.07 - Попасная и Северодонецк, 24.07 - Лисичанск","28.07.2014 занято Дебальцево, 30.07 - Авдеевка, 05.08 - Марьинка","доклады Управления Верховного комиссара ООН по правам человека о положении с правами человека в Украине, серия с 2014 года; украинские хроники освобождённых населённых пунктов",средняя,"Срез реконструкции: линия построена из таблицы якорей взвешенным голосованием ближайших (tools/build_donbas.py, тот же метод и тот же код, что у слоя Второй мировой). Это не оцифровка карт боевых действий: между двумя якорями линия идёт там, где её проводит формула. ",donbas
donbas_2014_08_01,"Донбасс: занятая полоса сжалась, 2014-08-01",2014-08-01,2014-08-28,occupation,"28.07.2014 занято Дебальцево, 30.07 - Авдеевка; занятая полоса сжалась до двух городов и приграничья","18-29.08.2014 Иловайск, 24-27.08 через границу вошли регулярные части","доклады Управления Верховного комиссара ООН по правам человека о положении с правами человека в Украине, серия с 2014 года",средняя,"Срез реконструкции: линия построена из таблицы якорей взвешенным голосованием ближайших (tools/build_donbas.py, тот же метод и тот же код, что у слоя Второй мировой). Это не оцифровка карт боевых действий: между двумя якорями линия идёт там, где её проводит формула. ",donbas
donbas_2014_08_29,"Донбасс: перелом, Иловайск и Новоазовск, 2014-08-29",2014-08-29,2014-09-18,occupation,"18.08.2014 украинские батальоны вошли в Иловайск, к 27.08 были окружены, 29.08 при выходе колонны по «зелёному коридору» расстреляны; 24-27.08 через границу вошли регулярные части, 27.08 занят Новоазовск и открыта приморская полоса на Мариуполь",01.09.2014 оставлен луганский аэропорт; 05.09 подписан Минский протокол,"УВКПЧ ООН, доклад о нарушениях прав человека в контексте иловайских событий августа 2014 года, п. 35, 37, 72-74; Европейский суд по правам человека, «Украина и Нидерланды против России» (№ 8019/16, 43800/14 и 28525/20), решение Большой палаты о приемлемости от 30.11.2022, § 73",средняя,"Срез реконструкции: линия построена из таблицы якорей взвешенным голосованием ближайших (tools/build_donbas.py, тот же метод и тот же код, что у слоя Второй мировой). Это не оцифровка карт боевых действий: между двумя якорями линия идёт там, где её проводит формула. ",donbas
donbas_2014_09_19,"Донбасс: линия разграничения, 2014-09-19",2014-09-19,2014-09-30,occupation,"05.09.2014 подписан Минский протокол, 19.09.2014 меморандумом зафиксирована линия разграничения и отвод тяжёлых вооружений; 01.09 оставлен луганский аэропорт, 04.09 - Дебальцево",линия держится до январских боёв 2015 года,"Европейский суд по правам человека, «Украина и Нидерланды против России» (№ 8019/16, 43800/14 и 28525/20), решение Большой палаты о приемлемости от 30.11.2022, § 74; Минский протокол от 05.09.2014 и Меморандум от 19.09.2014",средняя,"Срез реконструкции: линия построена из таблицы якорей взвешенным голосованием ближайших (tools/build_donbas.py, тот же метод и тот же код, что у слоя Второй мировой). Это не оцифровка карт боевых действий: между двумя якорями линия идёт там, где её проводит формула. Списка населённых пунктов в найденном тексте меморандума нет - линия у нас идёт по якорям, а не по приложению к документу.",donbas
donbas_2014_10_01,"Донбасс: линия стоит, 2014-10-01",2014-10-01,2014-10-31,occupation,"после меморандума 19.09.2014 линия почти не двигается, бои идут за донецкий аэропорт",,"доклады Управления Верховного комиссара ООН по правам человека о положении с правами человека в Украине, серия с 2014 года",средняя,"Срез реконструкции: линия построена из таблицы якорей взвешенным голосованием ближайших (tools/build_donbas.py, тот же метод и тот же код, что у слоя Второй мировой). Это не оцифровка карт боевых действий: между двумя якорями линия идёт там, где её проводит формула. ",donbas
donbas_2014_11_01,"Донбасс: линия стоит, 2014-11-01",2014-11-01,2014-11-30,occupation,бои за донецкий аэропорт продолжаются,,"доклады Управления Верховного комиссара ООН по правам человека о положении с правами человека в Украине, серия с 2014 года",средняя,"Срез реконструкции: линия построена из таблицы якорей взвешенным голосованием ближайших (tools/build_donbas.py, тот же метод и тот же код, что у слоя Второй мировой). Это не оцифровка карт боевых действий: между двумя якорями линия идёт там, где её проводит формула. ",donbas
donbas_2014_12_01,"Донбасс: линия стоит, 2014-12-01",2014-12-01,2014-12-31,occupation,бои за донецкий аэропорт продолжаются,,"доклады Управления Верховного комиссара ООН по правам человека о положении с правами человека в Украине, серия с 2014 года",средняя,"Срез реконструкции: линия построена из таблицы якорей взвешенным голосованием ближайших (tools/build_donbas.py, тот же метод и тот же код, что у слоя Второй мировой). Это не оцифровка карт боевых действий: между двумя якорями линия идёт там, где её проводит формула. ",donbas
donbas_2015_01_01,"Донбасс: канун январских боёв, 2015-01-01",2015-01-01,2015-01-21,occupation,в январе 2015 года бои вокруг донецкого аэропорта усилились,22.01.2015 аэропорт потерян,"Европейский суд по правам человека, «Украина и Нидерланды против России» (№ 8019/16, 43800/14 и 28525/20), решение Большой палаты о приемлемости от 30.11.2022, § 78",средняя,"Срез реконструкции: линия построена из таблицы якорей взвешенным голосованием ближайших (tools/build_donbas.py, тот же метод и тот же код, что у слоя Второй мировой). Это не оцифровка карт боевых действий: между двумя якорями линия идёт там, где её проводит формула. ",donbas
donbas_2015_01_22,"Донбасс: донецкий аэропорт потерян, 2015-01-22",2015-01-22,2015-01-31,occupation,22.01.2015 после восьми месяцев боёв потерян донецкий аэропорт,"29.01.2015 занят Углегорск, 09.02 - Логвиново: дебальцевский котёл закрылся","УВКПЧ ООН, 9-й доклад о положении с правами человека в Украине (15.02.2015), п. 33; Европейский суд по правам человека, «Украина и Нидерланды против России» (№ 8019/16, 43800/14 и 28525/20), решение Большой палаты о приемлемости от 30.11.2022, § 242",средняя,"Срез реконструкции: линия построена из таблицы якорей взвешенным голосованием ближайших (tools/build_donbas.py, тот же метод и тот же код, что у слоя Второй мировой). Это не оцифровка карт боевых действий: между двумя якорями линия идёт там, где её проводит формула. Расхождение в один день: Европейский суд по правам человека в пересказе доклада ставит 21.01.2015, сам доклад - 22.01.2015.",donbas
donbas_2015_02_01,"Донбасс: дебальцевский котёл, 2015-02-01",2015-02-01,2015-02-18,occupation,29.01.2015 занят Углегорск; 09.02.2015 занятием Логвинова перерезана дорога на Дебальцево,"12.02.2015 подписан «Комплекс мер», 17.02 принята резолюция Совета Безопасности ООН 2202, 18.02 украинские войска вышли из Дебальцева","Европейский суд по правам человека, «Украина и Нидерланды против России» (№ 8019/16, 43800/14 и 28525/20), решение Большой палаты о приемлемости от 30.11.2022, §§ 78-79; резолюция Совета Безопасности ООН 2202 (2015) от 17.02.2015",средняя,"Срез реконструкции: линия построена из таблицы якорей взвешенным голосованием ближайших (tools/build_donbas.py, тот же метод и тот же код, что у слоя Второй мировой). Это не оцифровка карт боевых действий: между двумя якорями линия идёт там, где её проводит формула. ",donbas
donbas_2022_02_24,"Вторжение: первый день, 2022-02-24",2022-02-24,2022-02-26,occupation,"24.02.2022 началось полномасштабное вторжение: с юга от Перекопа заняты Геническ и плотина Каховской ГЭС, на севере - зона Чернобыльской АЭС и аэродром в Гостомеле, на востоке - приграничные Меловое, Марковка, Щастье и Станица Луганская","26-27.02.2022 заняты Мелитополь, Бердянск, Купянск, Буча","резолюция Генеральной Ассамблеи ООН ES-11/1 от 02.03.2022: «Агрессия против Украины»; таблица якорей data/crosscheck/donbas_cities.csv (даты перехода населённых пунктов), геометрия - tools/build_donbas.py",средняя,"Срез реконструкции: линия построена из таблицы якорей взвешенным голосованием ближайших (tools/build_donbas.py, тот же метод и тот же код, что у слоя Второй мировой). Это не оцифровка карт боевых действий: между двумя якорями линия идёт там, где её проводит формула. Дыра 24.02-02.04.2022 закрыта реконструкцией: у DeepStateMAP истории за первые недели вторжения нет, его посуточный слой начинается 03.04.2022.",donbas
donbas_2022_02_27,"Вторжение: юг и Приазовье, 2022-02-27",2022-02-27,2022-02-28,occupation,"25.02 занята Новая Каховка, 26.02 - Мелитополь и Каховка, 27.02 - Бердянск, Купянск, аэродром в Чернобаевке под Херсоном, Олешки; на севере заняты Иванков, Дымер, Бородянка и Буча",01.03.2022 занят Херсон,"сводки Института изучения войны и украинские официальные сообщения; таблица якорей data/crosscheck/donbas_cities.csv (даты перехода населённых пунктов), геометрия - tools/build_donbas.py",средняя,"Срез реконструкции: линия построена из таблицы якорей взвешенным голосованием ближайших (tools/build_donbas.py, тот же метод и тот же код, что у слоя Второй мировой). Это не оцифровка карт боевых действий: между двумя якорями линия идёт там, где её проводит формула. ",donbas
donbas_2022_03_01,"Вторжение: Херсон, 2022-03-01",2022-03-01,2022-03-03,occupation,"01.03.2022 российские войска вошли в Херсон, 02.03 заняли здание горсовета; в тот же день на севере занят Тростянец","03-04.03.2022 заняты Балаклея, Пологи и Энергодар с Запорожской АЭС","сводки Института изучения войны; сообщение мэра Херсона Игоря Колыхаева от 02.03.2022; таблица якорей data/crosscheck/donbas_cities.csv (даты перехода населённых пунктов), геометрия - tools/build_donbas.py",средняя,"Срез реконструкции: линия построена из таблицы якорей взвешенным голосованием ближайших (tools/build_donbas.py, тот же метод и тот же код, что у слоя Второй мировой). Это не оцифровка карт боевых действий: между двумя якорями линия идёт там, где её проводит формула. РАСХОЖДЕНИЕ: вход войск в город - 1 марта, занятие горсовета и заявление обеих сторон о полном контроле - 2 марта. Карта идёт по контролю на местности.",donbas
donbas_2022_03_04,"Вторжение: Запорожская АЭС, 2022-03-04",2022-03-04,2022-03-18,occupation,"04.03.2022 занят Энергодар с Запорожской АЭС - первый в истории захват действующей атомной станции в ходе боевых действий; 03.03 занята Балаклея, 11.03 - Волноваха",с 25.03.2022 начинается откат на севере,"доклад Управления Верховного комиссара ООН по правам человека о положении с правами человека в Украине от 24.03.2022; таблица якорей data/crosscheck/donbas_cities.csv (даты перехода населённых пунктов), геометрия - tools/build_donbas.py",средняя,"Срез реконструкции: линия построена из таблицы якорей взвешенным голосованием ближайших (tools/build_donbas.py, тот же метод и тот же код, что у слоя Второй мировой). Это не оцифровка карт боевых действий: между двумя якорями линия идёт там, где её проводит формула. ",donbas
donbas_2022_03_19,"Вторжение: наибольшее продвижение, 2022-03-19",2022-03-19,2022-03-25,occupation,"к середине марта 2022 года заняты Снигирёвка на подступах к Николаеву и Рубежное на Луганщине; Мариуполь, Чернигов и Сумы окружены, но не заняты",25-26.03.2022 возвращены Макаров и Тростянец,"сводки Института изучения войны; таблица якорей data/crosscheck/donbas_cities.csv (даты перехода населённых пунктов), геометрия - tools/build_donbas.py",средняя,"Срез реконструкции: линия построена из таблицы якорей взвешенным голосованием ближайших (tools/build_donbas.py, тот же метод и тот же код, что у слоя Второй мировой). Это не оцифровка карт боевых действий: между двумя якорями линия идёт там, где её проводит формула. Мариуполь на карте остаётся не занятым: город был в блокаде, «Азовсталь» держалась до 20.05.2022.",donbas
donbas_2022_03_26,"Вторжение: откат на севере, 2022-03-26",2022-03-26,2022-03-31,occupation,"25.03.2022 возвращён Макаров, 26.03 - Тростянец; 29.03 на переговорах в Стамбуле объявлено о «сокращении активности» под Киевом и Черниговом","31.03.2022 оставлены Буча, зона Чернобыльской АЭС и Славутич","сводки Института изучения войны; заявления по итогам переговоров в Стамбуле 29.03.2022; таблица якорей data/crosscheck/donbas_cities.csv (даты перехода населённых пунктов), геометрия - tools/build_donbas.py",средняя,"Срез реконструкции: линия построена из таблицы якорей взвешенным голосованием ближайших (tools/build_donbas.py, тот же метод и тот же код, что у слоя Второй мировой). Это не оцифровка карт боевых действий: между двумя якорями линия идёт там, где её проводит формула. ",donbas
donbas_2022_04_01,"Вторжение: уход из-под Киева, 2022-04-01",2022-04-01,2022-04-01,occupation,"31.03.2022 оставлены Буча, зона Чернобыльской АЭС и Славутич, 01.04 - Гостомель, Бородянка, Иванков и Дымер; в тот же день установлен полный контроль над Изюмом",02.04.2022 Киевская область объявлена освобождённой,"сводки Института изучения войны; сообщения Министерства обороны Украины и Энергоатома; таблица якорей data/crosscheck/donbas_cities.csv (даты перехода населённых пунктов), геометрия - tools/build_donbas.py",средняя,"Срез реконструкции: линия построена из таблицы якорей взвешенным голосованием ближайших (tools/build_donbas.py, тот же метод и тот же код, что у слоя Второй мировой). Это не оцифровка карт боевых действий: между двумя якорями линия идёт там, где её проводит формула. ",donbas
donbas_2022_04_02,"Вторжение: стык с посуточной линией, 2022-04-02",2022-04-02,2022-04-17,occupation,02.04.2022 Киевская область объявлена освобождённой; войска ушли и из Сумской области,18.04.2022 занята Кременная - началось наступление на Луганщине,"сообщение заместителя министра обороны Украины от 02.04.2022; DeepStateMAP, снимок 03.04.2022",средняя,"Срез реконструкции: линия построена из таблицы якорей взвешенным голосованием ближайших (tools/build_donbas.py, тот же метод и тот же код, что у слоя Второй мировой). Это не оцифровка карт боевых действий: между двумя якорями линия идёт там, где её проводит формула. СТЫК. Посуточный слой DeepStateMAP идёт в показе последними днями месяцев, и первый его снимок - 30.04.2022, а не 03.04.2022. Поэтому реконструкция тянется до 29.04.2022: иначе с 3 по 29 апреля юг и восток гасли бы.",donbas
donbas_2022_04_18,"Вторжение: наступление на Луганщине, 2022-04-18",2022-04-18,2022-04-20,occupation,"18.04.2022 занята Кременная, наступление пошло на Северодонецк и Лисичанск",21.04.2022 объявлено о занятии Мариуполя,"сводки Института изучения войны (ISW) и украинские официальные сообщения; таблица якорей data/crosscheck/donbas_cities.csv (даты перехода населённых пунктов), геометрия - tools/build_donbas.py",средняя,"Срез реконструкции: линия построена из таблицы якорей взвешенным голосованием ближайших (tools/build_donbas.py, тот же метод и тот же код, что у слоя Второй мировой). Это не оцифровка карт боевых действий: между двумя якорями линия идёт там, где её проводит формула. ",donbas
donbas_2022_04_21,"Вторжение: Мариуполь, 2022-04-21",2022-04-21,2022-04-29,occupation,21.04.2022 российская сторона объявила город занятым; оборона «Азовстали» держалась до 20.05.2022,с 30.04.2022 карта идёт по снимкам DeepStateMAP,"сводки Института изучения войны (ISW) и украинские официальные сообщения; DeepStateMAP, снимок 30.04.2022; таблица якорей data/crosscheck/donbas_cities.csv (даты перехода населённых пунктов), геометрия - tools/build_donbas.py",средняя,"Срез реконструкции: линия построена из таблицы якорей взвешенным голосованием ближайших (tools/build_donbas.py, тот же метод и тот же код, что у слоя Второй мировой). Это не оцифровка карт боевых действий: между двумя якорями линия идёт там, где её проводит формула. Последний срез реконструкции. Дальше работает слой DeepStateMAP, двойного показа нет: окно закрывается 29.04.2022, первый снимок слоя - 30.04.2022.",donbas
