name,name_ru,people,from,to,territory,kind,event,source,confidence,note,hold_from,hold_to,hold_note,geo,hold_geo
kolomna_1546,Коломна 1546,русские,1546,1546,Коломна,military,"выступление стрельцов, причина не установлена","Атлас російського імперіалізму та колоніалізму (УІФ, 2026), розд. 18, п. 12",низкая,,,,,city:Коломна,
moscow_1547,Москва 1547,русские,1547-06-26,1547-07-03,Москва,urban,"городское выступление после пожара против рода Глинских; повстанцы без боя заняли Кремль 26 июня, через неделю сложили оружие","Атлас російського імперіалізму та колоніалізму (УІФ, 2026), розд. 18, п. 13",средняя,"выступление против знати, но за царя: политической программы не было",,,,city:Москва,
ustyug_1549,Устюг 1549,русские,1549,1549,Устюг,urban,выступление городских низов,"Атлас російського імперіалізму та колоніалізму (УІФ, 2026), розд. 18, п. 14",низкая,,,,,city:Великий Устюг,
pskov_1550,Псков 1550,русские,1550,1550,Псков,urban,выступление городских низов,"Атлас російського імперіалізму та колоніалізму (УІФ, 2026), розд. 18, п. 15",низкая,,,,,city:Псков,
cheremis_1_1552,Первая черемисская война 1552-1557,"марийцы, татары, удмурты",1552,1557,"левобережье Волги, бывшее Казанское ханство",national,"война марийцев и татар против московской администрации и сбора ясака; к выступлению присоединились удмурты, повстанцы захватили Арск, построили свою крепость-столицу и осадили Казань","Атлас російського імперіалізму та колоніалізму (УІФ, 2026), розд. 18, п. 16",высокая,чуваши и мордва воевали по обе стороны; отдельные выступления - 1567 г.,,,,ne:Russia:Mariy-El|Tatarstan|Chuvash|Udmurt,
cheremis_2_1571,Вторая черемисская война 1571-1574,"марийцы, татары, башкиры",1571,1574,левобережье Волги,national,война за восстановление Казанского ханства и против крещения; с 1572 г. присоединились камские башкиры,"Атлас російського імперіалізму та колоніалізму (УІФ, 2026), розд. 18, п. 17",высокая,,,,,ne:Russia:Mariy-El|Tatarstan|Chuvash|Udmurt|Bashkortostan,
cheremis_3_1581,Третья черемисская война 1581-1585,"марийцы, татары, чуваши, удмурты, башкиры",1581,1585,среднее Поволжье,national,"война всех народов среднего Поволжья против роста дани и давления московской администрации; повстанцы осадили Казань, Чебоксары и Свияжск","Атлас російського імперіалізму та колоніалізму (УІФ, 2026), розд. 18, п. 18",высокая,после поражения марийцам запретили жить в городах и на берегах больших рек и заниматься кузнечным делом; регион застроен русскими городами и крепостями,,,,ne:Russia:Mariy-El|Tatarstan|Chuvash|Udmurt|Bashkortostan|Kirov,
berezov_1595,Осада Берёзова 1595,"ханты, манси",1595,1596,"Берёзовский уезд, Нижняя Обь",national,"выступление местного населения во главе с правителем Ляпинского княжества против московской администрации, полугодовая осада Берёзовского острога","Атлас російського імперіалізму та колоніалізму (УІФ, 2026), розд. 18, п. 19",средняя,"осада не удалась, волнения в уезде шли до лета 1596 г.",,,,ne:Russia:Khanty-Mansiy,
tara_1627,«Тарская смута» 1627-1635,сибирские татары,1627,1635,"Тарский уезд, Прииртышье",national,выступления против сбора ясака и борьба потомков Кучума за восстановление Сибирского ханства; помогали калмыки и телеуты,"Атлас російського імперіалізму та колоніалізму (УІФ, 2026), розд. 31, п. 1",средняя,на стороне московских войск бились отряды вассального Кодского княжества,,,,ne:Russia:Omsk|Tyumen',
bashkir_1645,Башкирское выступление 1645,башкиры,1645,1645,Башкортостан,national,"выступление против основания Мензелинского острога, разбито войсками","Атлас російського імперіалізму та колоніалізму (УІФ, 2026), розд. 31, п. 2",средняя,,,,,ne:Russia:Bashkortostan,
salt_riot_1648,«Соляной бунт» 1648-1649,русские,1648,1650,Москва и ещё 25 городов,urban,"городское выступление против налогов и роста цены соли; в том же году поднялись Олонец, Великий Устюг, Воронеж, Курск, Томск и другие города","Атлас російського імперіалізму та колоніалізму (УІФ, 2026), розд. 31, п. 3",высокая,в большинстве случаев Москва пошла на уступки и сняла местных воевод; к 1650 г. положение выправлено силой,,,,city:Москва,
pskov_novgorod_1650,Псковско-Новгородское выступление 1650,русские,1650,1650,"Псков, Новгород, Гдов, Изборск",urban,выступления против роста цен на хлеб,"Атлас російського імперіалізму та колоніалізму (УІФ, 2026), розд. 31, п. 4",средняя,,,,,ne:Russia:Pskov|Novgorod,
buryat_1658,Бурятское восстание 1658,буряты,1658,1661,Прибайкалье,national,выступление против злоупотреблений сборщиков ясака; большая часть повстанцев откочевала в Монголию,"Атлас російського імперіалізму та колоніалізму (УІФ, 2026), розд. 31, п. 5",высокая,"до того буряты осаждали остроги в 1636, 1643-1644 и 1651 гг., уничтожили Братский острог 1634, Осинский 1648, Удинский 1654, Иргенский 1655; следующая волна - 1693-1696 гг.",,,,ne:Russia:Buryat|Irkutsk,
west_siberia_1661,Западносибирское восстание 1661-1665,"ненцы, ханты, сибирские татары",1661,1665,"средняя Обь, нижний Иртыш, Пустозерск, Мангазея",national,"серия выступлений против московского господства: в 1662 г. ненцы атаковали Пустозерск и Мангазею, в 1662-1663 гг. поднялось население средней Оби и нижнего Иртыша","Атлас російського імперіалізму та колоніалізму (УІФ, 2026), розд. 31, п. 6",средняя,,,,,ne:Russia:Khanty-Mansiy|Yamal-Nenets|Tyumen'|Nenets,
copper_riot_1662,«Медный бунт» 1662,русские,1662-07-25,1662-07-25,Москва,urban,"выступление против выпуска медной монеты и её обесценивания; разбито войсками, но через год выпуск медных денег прекращён","Атлас російського імперіалізму та колоніалізму (УІФ, 2026), розд. 31, п. 7",высокая,,,,,city:Москва,
bashkir_1662,Башкирское восстание 1662-1664,башкиры,1662,1664,Башкортостан,national,"полномасштабное выступление против наступления на башкирское землевладение и налоговых злоупотреблений; закончилось переговорами и фактической победой повстанцев - уфимский воевода отстранён, захват земель переселенцами прекращён, рост ясака отменён","Атлас російського імперіалізму та колоніалізму (УІФ, 2026), розд. 31, п. 8",высокая,"территорию повстанцы не удерживали как отдельное образование: победа выражена уступками, а не своей администрацией",,,,ne:Russia:Bashkortostan,
nganasan_1666,Восстание авамских нганасан 1666,нганасаны,1666,1666,Таймыр,national,самое крупное выступление этого народа против уплаты ясака,"Атлас російського імперіалізму та колоніалізму (УІФ, 2026), розд. 31, п. 9",низкая,,,,,ne:Russia:Krasnoyarsk,
razin_1667,Восстание Степана Разина 1667-1671,"донские казаки, русские, народы Поволжья",1667,1671,"нижняя Волга, Яик, Прикаспий",cossack,"самое крупное антиправительственное выступление XVII в.: в 1667-1669 гг. Разин подчинил нижнюю Волгу и захватил Яицкий городок, в 1670 г. повстанцы захватили Астрахань и Царицын и двинулись на Москву; программа - отмена крепостного права и казацкое самоуправление","Атлас російського імперіалізму та колоніалізму (УІФ, 2026), розд. 31, п. 10",высокая,"Астрахань после ухода Разина полтора года жила своим казацким кругом; войска царя вернули город 27.11.1671. К повстанцам массово присоединялись крестьяне, старообрядцы и народы Поволжья; соратница Разина Алёна Арзамасская, вероятно, была эрзянкой",1670-06-24,1671-11-27,Астрахань захвачена 24.06.1670 и полтора года управлялась казацким кругом во главе с Василием Усом и Фёдором Шелудяком; царские войска Милославского вернули город 27.11.1671. Полтора года подряд империя нижней Волгой не распоряжалась - на карте это чёрное окно,ne:Russia:Astrakhan'|Volgograd|Saratov,ne:Russia:Astrakhan'
ukraine_1668,Украинское восстание 1668-1669,украинцы,1668,1669,"Левобережье, частично Слобожанщина",national,вооружённое выступление против раздела Гетманщины по Андрусовскому перемирию 1667 г. и против московского господства; закончилось переговорами и возвращением Левобережья под московский протекторат на более мягких условиях («Глуховские статьи»),"Атлас російського імперіалізму та колоніалізму (УІФ, 2026), розд. 31, п. 11",высокая,,,,,ne:Ukraine:Chernihiv|Poltava|Sumy|Kharkiv,
solovki_1668,«Соловецкое сидение» 1668-1676,русские,1668,1676-01-22,Соловецкий монастырь,religious,"самое крупное выступление старообрядцев: осада и захват войсками монастыря, отказавшегося принять церковную реформу","Атлас російського імперіалізму та колоніалізму (УІФ, 2026), розд. 31, п. 12",высокая,,,,,ne:Russia:Arkhangel'sk,
bashkir_1681,Башкирское восстание 1681-1684,башкиры,1681,1684,Башкортостан,national,"полномасштабное выступление против попытки насильственного крещения башкир и произвола местной администрации; повстанцы осадили Уфу, вторжение калмыков вынудило их пойти на примирение","Атлас російського імперіалізму та колоніалізму (УІФ, 2026), розд. 31, п. 13",высокая,планы крещения Башкортостана после этого отменены,,,,ne:Russia:Bashkortostan,
khovanshchina_1682,«Хованщина» 1682,русские,1682-05,1682-09,Москва,military,"выступление стрельцов в мае, после которого царевна Софья объявлена регентшей; единственное выступление периода, сменившее власть в Москве","Атлас російського імперіалізму та колоніалізму (УІФ, 2026), розд. 31, п. 14",высокая,,,,,city:Москва,
vanyady_1683,Восстание ванядов 1683,нганасаны (вадеевские),1683,1683,"Таймыр, Эвенкия",national,"самое крупное выступление этого народа против уплаты ясака: уничтожено Есейское зимовье, население массово ушло в Якутию","Атлас російського імперіалізму та колоніалізму (УІФ, 2026), розд. 31, п. 15",средняя,,,,,ne:Russia:Krasnoyarsk,
yakut_tungus_1631,Тунгусские и якутские восстания 1631-1686,"якуты, эвенки",1631,1686,"Якутия, Охотское побережье",national,"непрерывная череда выступлений против сбора ясака: осады Якутского острога 1634, 1641-1642, осады Охотского острога 1646, 1650-1651, 1677-1678; в 1682 г. якуты во главе с Дженником вместе с эвенками несколько раз пытались захватить Якутск; в 1684 г. последнее выступление во главе с Орюканом Секуевым","Атлас російського імперіалізму та колоніалізму (УІФ, 2026), розд. 31, п. 16",высокая,"повстанцев в 1650-1678 гг. возглавлял Зелемей Ковырин, в 1675-1676 гг. - Балтуга Тимирев",,,,ne:Russia:Sakha (Yakutia),
yukaghir_1635,Юкагирские восстания 1635-1715,юкагиры,1635,1715,"Колыма, Индигирка, Анадырь",national,"юкагиры признали московское верховенство после боёв 1635-1644 гг., но оружия не сложили: столкновения 1645, 1647, 1649-1652, 1656, 1661, 1663 (уничтожено Нижнеянское зимовье), 1666, 1669, 1672, 1697 гг.; в 1681-1684 гг. Канива осадил Анадырский острог","Атлас російського імперіалізму та колоніалізму (УІФ, 2026), розд. 31, п. 17",высокая,после выступления 1714-1715 гг. юкагиры окончательно признали власть Москвы,,,,ne:Russia:Sakha (Yakutia)|Maga Buryatdan|Chukchi Autonomous Okrug,
baikal_1695,Байкальское восстание 1695-1700,"русские служилые, буряты",1695,1700,Прибайкалье и Забайкалье,urban,"выступления служилых людей против злоупотреблений местной администрации, к которым присоединялись крестьяне и ясачное население; впервые повстанцы разных городов координировали действия, забайкальские казаки заключили союз","Атлас російського імперіалізму та колоніалізму (УІФ, 2026), розд. 31, п. 18",средняя,"очаги: Красноярск и Нерчинск (1695), остроги Баргузинский, Братский, Ильинский, Кабанский, Селенгинский, Удинский и Илимск (1696), Иркутск (1697); большинство выступлений заканчивалось компромиссом за 2-3 года",,,,ne:Russia:Irkutsk|Buryat|Chita|Krasnoyarsk,
strelets_1698,Стрелецкое выступление 1698,русские,1698-06,1698-06,Подмосковье,military,"выступление четырёх старых полков против реформ Петра I, разбито новой регулярной армией","Атлас російського імперіалізму та колоніалізму (УІФ, 2026), розд. 31, п. 19",высокая,,,,,city:Москва,
koryak_itelmen_1699,Сопротивление коряков и ительменов 1699-1757,"коряки, ительмены, чукчи, юкагиры",1699,1757,"Камчатка, северное побережье Охотского моря",national,"освободительная борьба началась сразу после захвата полуострова: в 1699, 1700, 1705 и 1708 гг. коряки и ительмены уничтожали русские отряды, в 1706 г. сожгли Большерецкий острог; за 1700-1716 гг. зафиксировано 31 вооружённое столкновение (15 выиграли русские, 10 - коряки, 6 вничью)","Атлас російського імперіалізму та колоніалізму (УІФ, 2026), розд. 37, п. 1",высокая,"захват крепости «Великий Посад» в 1714 г. после полугодовой осады переломил борьбу; вторая волна - 1731-1733 гг.; выступление 1745-1757 гг. во главе с Евонтой Косинским освободило от русского господства всё северное побережье Охотского моря, и только после его разгрома силой Камчатка окончательно вошла в состав империи",,,,ne:Russia:Kamchatka|Maga Buryatdan,
bashkir_1704,Башкирское восстание 1704-1711,башкиры,1704,1711,"Башкортостан, Зауралье, Прикамье",national,"выступление во главе с Алдаром Исекеевым против новых налогов, религиозного давления и рекрутчины; в 1708 г. повстанцы объявили о создании Башкирской орды во главе с ханом, башкирские войска держали территорию от Казани до Зауралья и нанесли империи ряд поражений","Атлас російського імперіалізму та колоніалізму (УІФ, 2026), розд. 37, п. 2",высокая,"на стороне повстанцев выступили каракалпаки, на стороне войск империи - калмыки; юридически довоенное положение восстановлено только в 1722 г.",1708-01-01,1711-12-31,"атлас прямо пишет: «На певний час башкири здобули фактичну незалежність». Своя государственность - Башкирская орда со своим ханом, объявлена в 1708 г.; территорию держали до поражений 1711 г. Вычитаем современный Башкортостан, обрезанный контуром империи: остальная захваченная полоса до Казани и Зауралья машиночитаемого контура не имеет. С 28.08.2026 вся башкирская земля вычтена из красного до 1740 года (аудит «акт против контроля»: подданство 1554-1557 было словами, война 1735-1740 решила дело), поэтому отдельный вырез 1708-1711 больше не нужен - paint=shown_elsewhere, чтобы не вычитать дважды",ne:Russia:Bashkortostan|Chelyabinsk|Kurgan,
astrakhan_1705,Астраханское восстание 1705-1706,"русские, казаки",1705-07-30,1706-03-13,"Астрахань, Гурьев, Терки",urban,"вооружённое выступление казаков, стрельцов и горожан против роста налогов и коррупции; новым правительством города стал казацкий круг, к Астрахани присоединились Гурьев и Терки","Атлас російського імперіалізму та колоніалізму (УІФ, 2026), розд. 37, п. 3",высокая,"разбито войсками империи при поддержке калмыцких отрядов; восемь месяцев - меньше нашего порога удержания в год, поэтому вычитанием не показываем",,,,city:Астрахань,
bulavin_1707,Булавинское восстание 1707-1708,донские казаки,1707-10,1708-07-07,Дон,cossack,"война во главе с Кондратием Булавиным против попыток Петра I ограничить казацкое самоуправление, отобрать соляные промыслы и силой вернуть с Дона беглых крестьян","Атлас російського імперіалізму та колоніалізму (УІФ, 2026), розд. 37, п. 4",высокая,"выступление раскололо и донских, и запорожских, и слободских казаков - представители каждой общности бились по обе стороны; Черкасск занят 1 мая 1708 г., Булавин погиб 7 июля 1708 г. - два месяца, порога удержания нет",,,,ne:Russia:Rostov|Volgograd,
yaik_1721,Яицкие выступления 1721 и 1772,яицкие казаки,1721,1772,Яик,cossack,выступления Яицкого казацкого войска против подчинения Военной коллегии (1721) и против насилия столичных чиновников (1772),"Атлас російського імперіалізму та колоніалізму (УІФ, 2026), розд. 37, п. 5",средняя,второе выступление перешло в «Пугачёвщину»,,,,ne:Kazakhstan:West Kazakhstan|Atyrau,
tara_1722,Тарское выступление 1722,"русские старообрядцы, казаки",1722,1722,Тара,religious,вооружённое выступление старообрядцев и казаков против присяги преемнику Петра I,"Атлас російського імперіалізму та колоніалізму (УІФ, 2026), розд. 37, п. 6",средняя,,,,,city:Тара,
bashkir_1735,Башкирские восстания 1735-1740,башкиры,1735,1740,Башкортостан,national,"серия выступлений против строительства крепостей (Орск, Челябинск), наступления на землевладение и переписи населения; в последний год повстанцы снова избрали себе хана","Атлас російського імперіалізму та колоніалізму (УІФ, 2026), розд. 37, п. 7",высокая,после поражения территорию Башкортостана обнесли линиями крепостей,,,,ne:Russia:Bashkortostan|Chelyabinsk|Orenburg,
teryushevo_1743,Терюшевское восстание 1743-1745,эрзя,1743,1745,"Терюшевская волость, Поволжье",national,вооружённое сопротивление эрзян насильственному крещению,"Атлас російського імперіалізму та колоніалізму (УІФ, 2026), розд. 37, п. 8",средняя,,,,,ne:Russia:Nizhegorod,
osa_1747,Осинско-сибирское выступление 1747,"башкиры, коренное население Приуралья",1747,1747,Осинская и Сибирская дороги Оренбургской губернии,national,выступление против замены ясака подушной податью,"Атлас російського імперіалізму та колоніалізму (УІФ, 2026), розд. 37, п. 9",средняя,,,,,ne:Russia:Perm'|Bashkortostan,
bashkir_1755,Башкирское восстание 1755-1756,башкиры,1755,1756,Башкортостан,national,выступление во главе с Батыршой против замены ясака налогом на соль и запрета огнестрельного оружия,"Атлас російського імперіалізму та колоніалізму (УІФ, 2026), розд. 37, п. 10",высокая,"после поражения началась массовая эмиграция башкир в Казахстан, но самые жёсткие нововведения отменены",,,,ne:Russia:Bashkortostan,
aleut_1763,Алеутское восстание 1763-1765,алеуты,1763,1765,Алеутские острова,national,"выступление против жестокого сбора ясака; после того как промышленники расправились с повстанцами, открылся путь к заселению Аляски","Атлас російського імперіалізму та колоніалізму (УІФ, 2026), розд. 37, п. 11",высокая,,,,,,
plague_riot_1771,«Чумной бунт» 1771,русские,1771-09-15,1771-09-17,Москва,urban,выступление городских низов против карантинных мер,"Атлас російського імперіалізму та колоніалізму (УІФ, 2026), розд. 37, п. 12",средняя,,,,,city:Москва,
kuril_1771,Южнокурильское выступление 1771-1772,айны,1771,1772,южные Курильские острова,national,выступление против жестокого сбора ясака; закончилось победой повстанцев - с 1779 г. обложение айнов ясаком запрещено,"Атлас російського імперіалізму та колоніалізму (УІФ, 2026), розд. 37, п. 13",высокая,"один из немногих случаев, когда выступление добилось своей цели",,,,ne:Russia:Sakhalin,
pugachev_1773,«Пугачёвщина» (Народная война) 1773-1775,"яицкие казаки, башкиры, татары, финно-угры Поволжья, казахи",1773-09-17,1775,"Яик, Оренбургский край, Башкортостан, Прикамье, Поволжье",cossack,"самое крупное казацко-крестьянское выступление в истории империи: началось с яицких казаков, после того как Емельян Пугачёв объявил себя императором Петром III и отменил крепостное право, переросло в войну по всему краю; на стороне повстанцев выступили поволжские финно-угры против крещения, татары против налогов и рекрутчины, башкиры во главе с Салаватом Юлаевым против переселенческой колонизации, частично калмыки и казахи; повстанцы впервые в истории империи захватили Казань","Атлас російського імперіалізму та колоніалізму (УІФ, 2026), розд. 37, п. 14",высокая,"УДЕРЖАНИЯ НЕТ, вычитанием не показываем: Оренбург, Уфа и Яицкая крепость выдержали осаду и не сдались, Казань захвачена 12.07.1774 и оставлена через сутки, своей администрации на удержанной территории повстанцы не выстроили. Осада Оренбурга шла с 5 октября 1773 г. по 23 марта 1774 г. - меньше полугода, и город остался за империей. После поражения права дворян и национальных элит расширены, вольности рядовых казаков урезаны, Запорожская Сечь ликвидирована",,,,ne:Russia:Orenburg|Bashkortostan|Chelyabinsk|Samara|Ul'yanovsk|Tatarstan|Perm'|Saratov;ne:Kazakhstan:West Kazakhstan,
koktemir_1775,Восстание Коктемир 1775-1776,казахи,1775,1776,Младший жуз,national,"выступления казахов Младшего жуза против жестокости, с которой войска империи расправлялись с участниками «Пугачёвщины»; после раскола среди повстанцев самые непримиримые откочевали с подконтрольной империи территории","Атлас російського імперіалізму та колоніалізму (УІФ, 2026), розд. 37, п. 15",средняя,,,,,ne:Kazakhstan:West Kazakhstan|Atyrau|Aqtöbe,
nogai_1783,Ногайское восстание 1783,ногайцы,1783,1783,Кубань,national,вооружённое выступление ногайцев Кубани против присоединения к империи и планов переселить их за Урал и на Тамбовщину,"Атлас російського імперіалізму та колоніалізму (УІФ, 2026), розд. 37, п. 16",высокая,"после разгрома ногайцев переселили на Каспий и в Приазовье, их ординскую организацию отменили",,,,ne:Russia:Krasnodar|Stavropol',
syrym_1783,Восстание Сырыма Датова 1783-1797,казахи,1783,1797,Младший жуз,national,"началось как выступление против запрета переправляться через Урал, переросло в борьбу главы съезда казахской знати Датова против ханской власти и царского протектората; сопровождалось нападениями на пограничные крепости","Атлас російського імперіалізму та колоніалізму (УІФ, 2026), розд. 37, п. 17",высокая,Датов откочевал в Хиву,,,,ne:Kazakhstan:West Kazakhstan|Atyrau|Aqtöbe,
turbai_1789,Турбаевское восстание 1789-1793,украинцы,1789,1793,"Турбаи, Полтавщина",peasant,"самое крупное крестьянское выступление против крепостного права в Украине: крестьяне, чьи казацкие привилегии не признал суд, отказались от барщины и создали своё самоуправление в Турбаях и окрестных сёлах","Атлас російського імперіалізму та колоніалізму (УІФ, 2026), розд. 37, п. 18",высокая,,,,,ne:Ukraine:Poltava,
esaulov_1792,Есауловское выступление 1792-1794,донские казаки,1792,1794,Второй донской округ,cossack,выступление казаков против царского указа о переселении на Кубань,"Атлас російського імперіалізму та колоніалізму (УІФ, 2026), розд. 37, п. 19",средняя,,,,,ne:Russia:Rostov|Volgograd,
kosciuszko_1794,Восстание Костюшко 1794,"поляки, литовцы",1794-03-24,1794-11-16,"Речь Посполитая, включая аннексированные Пруссией земли",national,"освободительная война поляков и литовцев во главе с Тадеушем Костюшко против второго раздела Речи Посполитой 1793 г., отмены Конституции 3 мая и оккупации страны российскими войсками; одновременно революция - превращение Польши в республику и распространение гражданских прав на крестьян","Атлас російського імперіалізму та колоніалізму (УІФ, 2026), розд. 37, п. 20",высокая,разбито совместно российскими и прусскими войсками при поддержке австрийских; в следующем году третий раздел прекратил существование Речи Посполитой,,,,ne:Poland:*;ne:Lithuania:*;ne:Belarus:Grodno|Brest,
kabarda_1794,Восстания в Кабарде 1794-1825,кабардинцы,1794,1825,Кабарда,national,вооружённые выступления кабардинской знати против новых порядков - родовых судов вместо шариатских и строительства российских крепостей,"Атлас російського імперіалізму та колоніалізму (УІФ, 2026), розд. 42, п. 1",высокая,"за 1763-1825 гг. число кабардинцев сократилось с 300 до 30 тыс. человек - следствие боёв, эмиграции и эпидемии чумы 1805-1811 гг.; при разгроме выступлений уничтожались десятки и сотни аулов, в 1818-1822 гг. Кабарду заняли войска, границы страны сузили, должность старшего князя отменили; десятки тысяч беженцев основали за Кубанью «Хажретову» («Беглую») Кабарду или присоединились к мюридам Чечни и Дагестана",,,,ne:Russia:Kabardin-Balkar,
imereti_1810,Имеретинское восстание 1810,грузины,1810,1810,Имеретия,national,"вооружённое выступление против аннексии и ликвидации Имеретинского царства во главе с царём Соломоном II, бежавшим из-под ареста","Атлас російського імперіалізму та колоніалізму (УІФ, 2026), розд. 42, п. 2",высокая,,,,,ne:Georgia:Imereti,
bug_cossacks_1817,Восстание Бугского казацкого войска 1817-1818,украинцы,1817,1818,Побужье,cossack,выступление казаков против ликвидации войска и превращения их в военных поселенцев,"Атлас російського імперіалізму та колоніалізму (УІФ, 2026), розд. 42, п. 3",средняя,,,,,ne:Ukraine:Mykolayiv|Kirovohrad,
imereti_guria_1819,Имеретинско-гурийское восстание 1819-1820,грузины,1819,1820,"Имеретия, Гурия",national,выступления против реформы Грузинской православной церкви - перевода её крестьян и земель в казну,"Атлас російського імперіалізму та колоніалізму (УІФ, 2026), розд. 42, п. 4",высокая,,,,,ne:Georgia:Imereti|Guria,
dagestan_1818,Дагестанское восстание 1818-1819,дагестанцы,1818,1822,Дагестан,national,вооружённые выступления местной знати против действий армии Ермолова; ядро сопротивления - Кайтагское уцмийство - ликвидировано в 1820 г.,"Атлас російського імперіалізму та колоніалізму (УІФ, 2026), розд. 42, п. 5",высокая,отдельные выступления вспыхивали и в 1822 г.,,,,ne:Russia:Dagestan,
chuguev_1819,Чугуевское восстание 1819,"украинцы, русские",1819,1820,"Чугуев, юг Украины",military,выступление военных поселян Чугуевского полка против тяжёлых условий службы; на следующий год волнения охватили 200 поселений юга Украины,"Атлас російського імперіалізму та колоніалізму (УІФ, 2026), розд. 42, п. 6",средняя,,,,,ne:Ukraine:Kharkiv,
taymiev_1821,Восстания Бейбулата Таймиева 1821-1826,чеченцы,1821,1826,"Чечня, северный Дагестан",national,выступление против выселения (1821-1822) и общее выступление против российского господства в Чечне и северном Дагестане (1825-1826),"Атлас російського імперіалізму та колоніалізму (УІФ, 2026), розд. 42, п. 7",высокая,"в нашей базе домена нохчи этот сюжет разложен на отдельные записи (кампания C1146, кампания C1153)",,,,ne:Russia:Chechnya|Ingush,
zholaman_1_1822,Первое восстание Жоламана Тленшиулы 1822-1825,казахи,1822,1825,берега реки Илек,national,вооружённые выступления против выселения казахов ради строительства Новоилецкой укреплённой линии,"Атлас російського імперіалізму та колоніалізму (УІФ, 2026), розд. 42, п. 8",высокая,продолжилось в восстании Саржана Касымова,,,,ne:Kazakhstan:Aqtöbe|West Kazakhstan,
shamkhal_1823,"Шамхальские восстания 1823, 1831, 1843",дагестанцы,1823,1843,"Шамхальство Тарковское, Мехтулинское ханство",national,"выступления против российского господства, против своих пророссийских правителей и в поддержку Имамата","Атлас російського імперіалізму та колоніалізму (УІФ, 2026), розд. 42, п. 9",высокая,,,,,ne:Russia:Dagestan,
chernigov_regiment_1825,Восстание Черниговского полка 1825,"русские, украинцы",1825-12-29,1826-01-03,Киевщина,military,выступление военных в поддержку декабристов,"Атлас російського імперіалізму та колоніалізму (УІФ, 2026), розд. 42, п. 10",высокая,,,,,ne:Ukraine:Kiev|Cherkasy,
sarzhan_1825,Восстание Саржана Касымова 1825-1836,казахи,1825,1836,Средний жуз,national,"борьба казахов Среднего жуза во главе с ханским сыном против российской экспансии - отмены ханской власти, строительства крепостей в степи, выселения кочевников и вмешательства в их хозяйство","Атлас російського імперіалізму та колоніалізму (УІФ, 2026), розд. 42, п. 11",высокая,"регулярные бои закончились к 1832 г., дальше шли партизанские вылазки; в 1834 г. на стороне повстанцев неудачно выступило Кокандское ханство, через два года Саржан убит",,,,ne:Kazakhstan:Qaraghandy|Aqmola|Pavlodar,
imamate_1828,Имамат 1828-1859,"чеченцы, дагестанцы",1828,1859-08-25,горная Чечня и горный Дагестан,national,"на первом этапе (до 1839 г.) - выступления Гази-Мухаммада, Гамзат-бека и Шамиля против российского господства и пророссийской знати Кавказа; с 1840 г. - полноценное государство, Имамат, воевавшее с империей до 1859 г.","Атлас російського імперіалізму та колоніалізму (УІФ, 2026), розд. 42, п. 12",высокая,"УЖЕ ПОКАЗАН на карте вычитанием из контура (RESIST в tools/build_expansion.py): горная Чечня чёрная до 19.08.1859, горный Дагестан до 25.08.1859, левобережье Кубани до 21.05.1864. Даты - из нашей базы домена нохчи (кампания C1168, кампания C1169), не из атласа. Второй раз то же самое не вычитаем",1840-01-01,1859-08-25,"удержание УЖЕ показано другим механизмом - RESIST в tools/build_expansion.py; строка нужна как учёт, геометрии в нашем слое у неё нет",ne:Russia:Chechnya|Dagestan,
shebelinka_1829,Шебелинское восстание 1829,украинцы,1829,1829,"Шебелинка, Слобожанщина",peasant,выступление государственных крестьян против превращения их в военных поселенцев,"Атлас російського імперіалізму та колоніалізму (УІФ, 2026), розд. 42, п. 13",средняя,,,,,ne:Ukraine:Kharkiv,
cholera_riots_1830,«Холерные бунты» 1830-1831,"русские, украинцы",1830-06,1831-07,"Севастополь, Тамбов, Старая Русса, Петербург",urban,городские выступления и сельские волнения на фоне карантинных мер и чиновничьих злоупотреблений; в июне 1830 г. вооружённые матросы и горожане пять дней держали Севастополь,"Атлас російського імперіалізму та колоніалізму (УІФ, 2026), розд. 42, п. 14",высокая,,,,,city:Севастополь;city:Тамбов;city:Санкт-Петербург,
poland_1830,Польское («Ноябрьское») восстание 1830-1831,поляки,1830-11-29,1831-10-21,"Царство Польское, Литва, Волынь, Подолье",national,фактически российско-польская война из-за нарушения Петербургом польской конституции; на первом этапе независимость Польши восстановлена,"Атлас російського імперіалізму та колоніалізму (УІФ, 2026), розд. 42, п. 15",высокая,после поражения польскую автономию в составе империи существенно урезали,,,,ne:Poland:*;ne:Lithuania:*,
kaitag_1831,Кайтаго-Табасаранское восстание 1831,дагестанцы,1831,1831,"Кайтаг, Табасаран",national,вооружённое выступление в поддержку выступления Гази-Мухаммада (Имамата),"Атлас російського імперіалізму та колоніалізму (УІФ, 2026), розд. 42, п. 16",средняя,,,,,ne:Russia:Dagestan,
bashkir_1834,Башкирское восстание 1834-1835,"башкиры, мишари, тептяри",1834,1835,Башкортостан,national,выступления против планов перевести местных казённых крестьян в удельные и против слухов о крещении башкир; присоединились русские крестьяне и часть оренбургских казаков,"Атлас російського імперіалізму та колоніалізму (УІФ, 2026), розд. 42, п. 17",высокая,план смены положения местного крестьянства отменён,,,,ne:Russia:Bashkortostan|Orenburg,
taimanov_1836,Восстание Исатая Тайманова 1836-1838,казахи,1836,1838,Букеевская орда,national,борьба зависимого населения против ханской власти и вспомогательных российских отрядов из-за обезземеливания и высоких налогов,"Атлас російського імперіалізму та колоніалізму (УІФ, 2026), розд. 42, п. 18",высокая,рост налогов после этого приостановлен,,,,ne:Kazakhstan:West Kazakhstan|Atyrau,
zholaman_2_1836,Второе восстание Жоламана Тленшиулы 1836-1838,казахи,1836,1838,верховья Яика,national,выступления против выселения казахов ради строительства Новой укреплённой линии,"Атлас російського імперіалізму та колоніалізму (УІФ, 2026), розд. 42, п. 19",высокая,продолжилось в восстании Кенесары Касымова,,,,ne:Kazakhstan:Aqtöbe|West Kazakhstan,
quba_1837,Кубинское восстание 1837-1839,"лезгины, азербайджанцы",1837,1839,"Кубинское и Кюринское ханства, Самурская долина",national,масштабная борьба во главе с Хаджи-Мухаммадом Хулухским против российской колонизации и в поддержку Шамиля,"Атлас російського імперіалізму та колоніалізму (УІФ, 2026), розд. 42, п. 20",высокая,после поражения вольные общества Самурской долины ликвидированы,,,,ne:Azerbaijan:Quba|Qusar|Xaçmaz;ne:Russia:Dagestan,
kenesary_1837,Восстание Кенесары Касымова 1837-1847,казахи,1837,1847,"Средний жуз, степи от Тургая до Каркаралинска",national,"вооружённое сопротивление казахов всех трёх жузов российской экспансии; после ряда успешных боёв в 1841 г. Кенесары, брат Саржана, избран ханом всех казахов, и Казахстан фактически вышел из-под власти Петербурга","Атлас російського імперіалізму та колоніалізму (УІФ, 2026), розд. 42, п. 21",высокая,"в 1846 г. полное подданство Петербургу признали султаны Старшего жуза; вытесненный в земли киргизов, Кенесары разбит, захвачен и казнён в 1847 г.",1841-09-01,1845-01-01,"атлас прямо пишет: «Казахстан фактично вийшов з-під влади Петербурга» после избрания Кенесары ханом всех казахов в 1841 г., и там же: «лише після будівництва у 1845-1847 рр. шести фортів в степах росіяни відновили контроль над країною». Своя государственность - ханская власть, признанная тремя жузами. Вычитаем степные области Среднего жуза, обрезанные контуром империи; окно закрываем 1845 годом, когда в степи ставят укрепления",ne:Kazakhstan:Aqmola|Astana|Qaraghandy|Qostanay|North Kazakhstan|Pavlodar,ne:Kazakhstan:Aqmola|Astana|Qaraghandy|Qostanay|North Kazakhstan|Pavlodar
vauli_1839,Выступление Ваули Пиеттомина 1839-1841,ненцы,1839,1841,Обдорский край,national,"движение ненцев, лидер которого объявил себя старшиной над всеми коренными жителями и отстранил от власти обдорского правителя Ивана Тайшина; требовали уменьшить ясак вдвое","Атлас російського імперіалізму та колоніалізму (УІФ, 2026), розд. 42, п. 22",средняя,Ваули схвачен казаками,,,,ne:Russia:Yamal-Nenets,
akramovo_1842,Акрамовское восстание 1842,"чуваши, марийцы, татары",1842,1842,Поволжье,peasant,выступление казённых крестьян против коллективных запашек и роста налогов; стало кульминацией «картофельных бунтов» 1841-1842 гг. в Поволжье,"Атлас російського імперіалізму та колоніалізму (УІФ, 2026), розд. 42, п. 23",высокая,,,,,ne:Russia:Chuvash|Mariy-El|Tatarstan,
kotibarov_1853,Восстание Есета Котибарова 1853-1858,казахи,1853,1858,Младший жуз,national,"нападения повстанцев на российские и пророссийские казахские отряды с требованиями отменить налоги, прекратить репрессии и разрешить свободную кочёвку","Атлас російського імперіалізму та колоніалізму (УІФ, 2026), розд. 42, п. 24",высокая,Котибаров заключил соглашение с империей после поражения 1857 года,,,,ne:Kazakhstan:Aqtöbe|West Kazakhstan,
nurmuhamedov_1856,Восстание Жаконжи Нурмухамедова 1856-1857,казахи,1856,1857,Сырдарьинская линия,national,"сопротивление строительству Сырдарьинской линии, изъятию земель и строительно-дорожным повинностям","Атлас російського імперіалізму та колоніалізму (УІФ, 2026), розд. 42, п. 25",средняя,после поражения повстанцы отступили в Хивинское ханство,,,,ne:Kazakhstan:Qyzylorda,
akusha_dargo_1843,Восстание в Акуша-Дарго 1843,дагестанцы,1843,1843,Акуша-Дарго,national,"выступление в вольном обществе Акуша-Дарго во главе с Мухаммадом-кади, после которого эта территория присоединилась к Имамату Шамиля","Атлас російського імперіалізму та колоніалізму (УІФ, 2026), розд. 42, п. 26",высокая,,,,,ne:Russia:Dagestan,
kyiv_cossacks_1855,«Киевская казаччина» 1855,украинцы,1855,1855,Киевщина,peasant,массовое движение украинских крестьян за статус вольных казаков,"Атлас російського імперіалізму та колоніалізму (УІФ, 2026), розд. 42, п. 27",высокая,,,,,ne:Ukraine:Kiev,
nazran_1858,Назрановское восстание 1858,ингуши,1858,1858,Назрань,national,выступление ингушей против запрета холодного оружия и принудительного слияния мелких поселений,"Атлас російського імперіалізму та колоніалізму (УІФ, 2026), розд. 42, п. 28",высокая,,,,,ne:Russia:Ingush,
peasants_1861,Крестьянские восстания 1861,русские,1861,1861,Пензенская и Казанская губернии,peasant,выступления крестьян против условий освобождения от крепостного права; самые крупные - Кандиевское в Пензенской и Бездненское в Казанской губернии,"Атлас російського імперіалізму та колоніалізму (УІФ, 2026), розд. 42, п. 29",высокая,,,,,ne:Russia:Penza|Tatarstan,
poland_1863,Польское («Январское») восстание 1863-1864,"поляки, литовцы, белорусы",1863-01-22,1864-04,"Царство Польское, Литва, Беларусь, Правобережная Украина",national,масштабная вооружённая борьба поляков за восстановление независимости своего государства,"Атлас російського імперіалізму та колоніалізму (УІФ, 2026), розд. 42, п. 30",высокая,после поражения польскую автономию урезали ещё сильнее,,,,ne:Poland:*;ne:Lithuania:*;ne:Belarus:*,
abkhazia_1866,Восстание в Абхазии 1866,абхазы,1866-07-26,1866-08,Абхазия,national,вооружённое выступление против аннексии и ликвидации Абхазского княжества в 1864 г.,"Атлас російського імперіалізму та колоніалізму (УІФ, 2026), розд. 42, п. 31",высокая,,,,,ne:Georgia:Abkhazia,
kaitag_1866,Кайтаго-Табасаранское восстание 1866,дагестанцы,1866,1866,"Кайтаг, Табасаран",national,выступление против налоговых и административных реформ,"Атлас російського імперіалізму та колоніалізму (УІФ, 2026), розд. 42, п. 32",средняя,,,,,ne:Russia:Dagestan,
krugobaikal_1866,Кругобайкальское восстание 1866,поляки,1866-06,1866-07,Прибайкалье,national,вооружённое выступление сосланных в Сибирь польских повстанцев,"Атлас російського імперіалізму та колоніалізму (УІФ, 2026), розд. 42, п. 33",высокая,после поражения положение поляков улучшилось,,,,ne:Russia:Irkutsk|Buryat,
ural_turgai_1868,Уральско-Тургайское восстание 1868-1869,казахи,1868,1869,Уральская и Тургайская области,national,"борьба казахов против акта 1868 года: «Временное положение об управлении Степным краем», которым империя покончила с внутренней автономией кочевников","Атлас російського імперіалізму та колоніалізму (УІФ, 2026), розд. 42, п. 34",высокая,,,,,ne:Kazakhstan:Qostanay|West Kazakhstan|Aqtöbe,
aday_1870,Адаевское восстание 1870-1871,"казахи, туркмены",1870,1871,Мангышлак,national,масштабное выступление против российских административных и налоговых реформ,"Атлас російського імперіалізму та колоніалізму (УІФ, 2026), розд. 42, п. 35",высокая,после поражения реформы смягчили,,,,ne:Kazakhstan:Mangghystau,
svaneti_1875,Восстание в Сванетии 1875-1876,сваны,1875,1876,вольная Сванетия,national,выступления в сёлах вольной Сванетии против учёта пашни,"Атлас російського імперіалізму та колоніалізму (УІФ, 2026), розд. 42, п. 36",средняя,,,,,ne:Georgia:Samegrelo-Zemo Svaneti|Racha-Lechkhumi-Kvemo Svaneti,
chechen_dagestan_1877,Чеченско-дагестанское восстание 1877,"чеченцы, дагестанцы",1877-04,1877-11,"Чечня, Дагестан",national,масштабное вооружённое выступление во главе с Алибеком-Хаджи Алдамовым за восстановление Имамата,"Атлас російського імперіалізму та колоніалізму (УІФ, 2026), розд. 42, п. 37",высокая,в нашей базе домена нохчи этот сюжет разложен на отдельную запись (кампания C1172),,,,ne:Russia:Chechnya|Dagestan,
cholera_riots_1892,«Холерные бунты» 1892,"русские, украинцы",1892,1892,"Ташкент, Юзовка (Донецк)",urban,массовые волнения горожан из-за карантинных мер,"Атлас російського імперіалізму та колоніалізму (УІФ, 2026), розд. 42, п. 38",средняя,,,,,city:Ташкент;city:Донецк,
andijan_1898,Андижанское восстание 1898,"узбеки, киргизы",1898-05-17,1898-05-18,"Андижан, Ферганская долина",religious,вооружённое выступление религиозного характера во главе с Мухаммедом Али за восстановление Кокандского ханства и освобождение Туркестана из-под власти Петербурга,"Атлас російського імперіалізму та колоніалізму (УІФ, 2026), розд. 42, п. 39",высокая,"УДЕРЖАНИЯ НЕТ: выступление проиграло в первом же бою с российским гарнизоном Андижана - одни сутки, вычитать нечего",,,,city:Андижан,
upa_1944,Украинская повстанческая армия 1944-1960,украинцы,1944,1960,западные области УССР,underground,"вооружённая борьба за восстановление независимости Украины, против коллективизации, советизации и массовых депортаций; с 1949 г. по решению главнокомандующего Романа Шухевича - подполье, последний бой отряда 1960 г., последний бой одиночки 1967 г., последний подпольщик легализовался в 1991 г.","Атлас російського імперіалізму та колоніалізму (УІФ, 2026), розд. 51, п. 1",высокая,"против УПА действовали НКВД - МГБ - КГБ: войсковые операции, агентурно-боевые группы из переодетых чекистов и перевербованных повстанцев, депортации семей, массовые аресты. Последний главный командир Василь Кук арестован в мае 1954 г. | 02.09.2026, РЕШЕНИЕ ПО ВЫРЕЗУ: удержание НЕ заводится. Имамат Шамиля вырезан потому, что был государством с наибствами, судами и налогами — сплошной властью на своей земле. У УПА этого нет: сборник документов Института истории Украины «ОУН і УПА в 1944 році» описывает не удержанную территорию, а «боротьбу за вплив і контроль над територією» — нападения на сельсоветы и райкомы при существующей советской администрации в райцентрах. Вырезать землю на этом основании значило бы выдумать контроль, которого документы не показывают. Если найдутся документы НКВД о конкретных районах и сроках, где советской власти не было, — завести удержание по ним.",,,,ne:Ukraine:L'viv|Ternopil'|Ivano-Frankivs'k|Volyn|Rivne|Transcarpathia,
forest_brothers_1944,«Лесные братья» 1944-1956,"литовцы, латыши, эстонцы",1944,1956,"Литва, Латвия, Эстония",underground,"партизанские отряды прибалтийских республик: нападения на советские гарнизоны и карательные органы, распространение антикоммунистической информации","Атлас російського імперіалізму та колоніалізму (УІФ, 2026), розд. 51, п. 2",высокая,литовские партизаны в 1948 г. создали «Союз борцов за свободу Литвы» во главе с Йонасом Жямайтисом-Витаутасом; последний командир Адольфас Раманаускас арестован в 1956 г. и казнён в следующем году,,,,ne:Lithuania:*;ne:Latvia:*;ne:Estonia:*,
cursed_soldiers_1947,Польские «проклятые солдаты» 1947,поляки,1947,1947,Польша,underground,вооружённое подполье «Вольность и независимость» и другие отряды,"Атлас російського імперіалізму та колоніалізму (УІФ, 2026), розд. 51, п. 3",средняя,,,,,ne:Poland:*,
gorlag_1953,"Норильск, лагерь «Горлаг» 1953",узники более 80 национальностей,1953-05-26,1953-08-04,Норильск,camp,"около 17 тыс. узников требовали пересмотра дел; большинство повстанцев - украинцы, бывшие участники вооружённого подполья; первое масштабное выступление после смерти Сталина, длилось больше двух месяцев","Атлас російського імперіалізму та колоніалізму (УІФ, 2026), розд. 51, п. 4",высокая,"погибло до 150 человек, почти 3 тыс. активистов отправлены на усиленный режим",,,,city:Норильск,
plzen_1953,Пльзень 1953,чехи,1953-06-01,1953-06-02,Чехословакия,satellite,выступление рабочих против денежной реформы,"Атлас російського імперіалізму та колоніалізму (УІФ, 2026), розд. 51, п. 5",средняя,,,,,ne:Czech Republic:Plzeňský,
berlin_1953,"Берлин, Дрезден, Лейпциг, Магдебург 1953",немцы,1953-06-16,1953-06-17,ГДР,satellite,"забастовка рабочих переросла в демонстрации с требованиями отменить решения правительства о повышении норм выработки на 10 % без роста зарплаты, расширить политические свободы и провести свободные выборы","Атлас російського імперіалізму та колоніалізму (УІФ, 2026), розд. 51, п. 6",высокая,"выступление разбито советскими войсками: погибли более 50 человек, сотни ранены, около 15 тыс. арестованы",,,,ne:Germany:Berlin|Brandenburg|Sachsen|Sachsen-Anhalt,
rechlag_1953,"Воркута, лагерь «Речлаг» 1953",узники ГУЛАГа,1953-07-19,1953-08-01,Воркута,camp,"19 июля чуть больше трёхсот узников отказались выходить на работу, 22 июля их стало 1,5 тыс., назавтра - 3 тыс.; всего в отказе участвовали 12 тыс. человек, требовавших отмены каторжных работ, сокращения сроков и встречи с представителем ЦК КПСС","Атлас російського імперіалізму та колоніалізму (УІФ, 2026), розд. 51, п. 7",высокая,"29 июля в Воркуту прибыла комиссия во главе с заместителем министра внутренних дел; при разгроме выступления погибли 53 человека, 138 ранены",,,,city:Воркута,
kengir_1954,"Кенгир, лагерь «Степлаг» 1954","украинцы, прибалты, кавказцы, узники ГУЛАГа",1954-05-16,1954-06-26,"Кенгир, Казахская ССР",camp,"около 20 тыс. узников сорок дней держали лагерь, создав своё самоуправление; поводом стал расстрел конвоиром колонны узников - погибли 13 человек, ещё пятеро умерли позже от ран, 33 ранены","Атлас російського імперіалізму та колоніалізму (УІФ, 2026), розд. 51, п. 8",высокая,"выступление разбито танками; по официальным данным погибли сотни, участники событий говорят о большем числе убитых и раненых",,,,city:Жезказган,
klimovsk_1955,Климовск 1955,русские,1955-05-02,1955-05-02,Московская область,worker,протест около 2 тыс. человек,"Атлас російського імперіалізму та колоніалізму (УІФ, 2026), розд. 51, п. 9",средняя,,,,,city:Подольск,
novorossiysk_1956,Новороссийск 1956,русские,1956-01,1956-01,Новороссийск,worker,массовое выступление,"Атлас російського імперіалізму та колоніалізму (УІФ, 2026), розд. 51, п. 10",низкая,,,,,city:Новороссийск,
tbilisi_1956,Тбилиси 1956,грузины,1956-03-05,1956-03-10,Тбилиси,national,"массовые выступления, расстрелянные войсками","Атлас російського імперіалізму та колоніалізму (УІФ, 2026), розд. 51, п. 11",средняя,,,,,city:Тбилиси,
poznan_1956,Познань 1956,поляки,1956-06-28,1956-06-30,Польша,satellite,"рабочее восстание, разбитое армией и службами безопасности","Атлас російського імперіалізму та колоніалізму (УІФ, 2026), розд. 51, п. 12",высокая,,,,,city:Познань,
orenburg_1956,Оренбург 1956,русские,1956-07,1956-07,Оренбург,worker,массовое выступление,"Атлас російського імперіалізму та колоніалізму (УІФ, 2026), розд. 51, п. 13",низкая,,,,,city:Оренбург,
budapest_1956,Будапешт 1956,венгры,1956-10-23,1956-11-11,Венгрия,satellite,"протесты 23 октября переросли в общенациональное выступление под лозунгом «Росіяни, забирайтеся додому»; 25 октября у здания парламента войска открыли огонь по демонстрации и убили около сотни человек; глава правительства Имре Надь обещал демократические реформы и выход страны из Варшавского договора","Атлас російського імперіалізму та колоніалізму (УІФ, 2026), розд. 51, п. 14",высокая,"в ночь с 3 на 4 ноября более 60 тыс. советских солдат вошли в Венгрию, 11 ноября захвачен Будапешт; погибли или стали жертвами репрессий более 20 тыс. человек, включая Надя, эмигрировали около 200 тыс.",,,,city:Будапешт,
bydgoszcz_1956,Быдгощ 1956,поляки,1956-11,1956-11,Польша,satellite,массовое выступление,"Атлас російського імперіалізму та колоніалізму (УІФ, 2026), розд. 51, п. 15",низкая,,,,,city:Быдгощ,
szczecin_1956,Щецин 1956,поляки,1956-12,1956-12,Польша,satellite,массовое выступление,"Атлас російського імперіалізму та колоніалізму (УІФ, 2026), розд. 51, п. 16",низкая,,,,,ne:Poland:West Pomeranian,
podolsk_1957,Подольск 1957,русские,1957-06,1957-06,Московская область,worker,протест более 3 тыс. рабочих,"Атлас російського імперіалізму та колоніалізму (УІФ, 2026), розд. 51, п. 17",средняя,,,,,city:Подольск,
grozny_1958,Грозный 1958,русские,1958-08-26,1958-08-28,Грозный,worker,массовые волнения после возвращения депортированных чеченцев и ингушей,"Атлас російського імперіалізму та колоніалізму (УІФ, 2026), розд. 51, п. 18",средняя,"выступление направлено против вернувшихся из ссылки - это не антиколониальное сопротивление, а реакция переселенцев на возвращение депортированного народа; в реестре стоит как позиция атласа",,,,city:Грозный,
temirtau_1959,Темиртау 1959,рабочие Казахской ССР,1959-08-01,1959-08-03,"Темиртау, Казахская ССР",worker,волнения с участием 5 тыс. человек переросли в вооружённое противостояние с силовыми структурами,"Атлас російського імперіалізму та колоніалізму (УІФ, 2026), розд. 51, п. 19",высокая,,,,,city:Темиртау,
krasnodar_1961,Краснодар 1961,русские,1961-01,1961-01,Краснодар,worker,массовое выступление,"Атлас російського імперіалізму та колоніалізму (УІФ, 2026), розд. 51, п. 20",низкая,,,,,city:Краснодар,
biysk_1961,Бийск 1961,русские,1961-06,1961-06,Бийск,worker,массовое выступление,"Атлас російського імперіалізму та колоніалізму (УІФ, 2026), розд. 51, п. 21",низкая,,,,,city:Бийск,
murom_1961,Муром 1961,русские,1961-06,1961-06,Муром,worker,массовое выступление,"Атлас російського імперіалізму та колоніалізму (УІФ, 2026), розд. 51, п. 22",низкая,,,,,city:Муром,
aleksandrov_1961,Александров 1961,русские,1961-07,1961-07,Александров,worker,массовое выступление,"Атлас російського імперіалізму та колоніалізму (УІФ, 2026), розд. 51, п. 23",низкая,,,,,ne:Russia:Vladimir,
beslan_1961,Беслан 1961,осетины,1961-09,1961-09,Беслан,worker,массовое выступление,"Атлас російського імперіалізму та колоніалізму (УІФ, 2026), розд. 51, п. 24",низкая,,,,,ne:Russia:North Ossetia,
novocherkassk_1962,Новочеркасск 1962,русские,1962-06-01,1962-06-02,"Новочеркасск, Ростовская область",worker,"рабочие протестовали против роста цен и низких зарплат; войска открыли огонь по демонстрации: погибли 24 человека, 39 ранены","Атлас російського імперіалізму та колоніалізму (УІФ, 2026), розд. 51, п. 25",высокая,,,,,city:Новочеркасск,
kryvyi_rih_1963,Кривой Рог 1963,украинцы,1963-06,1963-06,Кривой Рог,worker,массовое выступление,"Атлас російського імперіалізму та колоніалізму (УІФ, 2026), розд. 51, п. 26",низкая,,,,,city:Кривой Рог,
sumgait_1963,Сумгаит 1963,азербайджанцы,1963-11,1963-11,Сумгаит,worker,массовое выступление,"Атлас російського імперіалізму та колоніалізму (УІФ, 2026), розд. 51, п. 27",низкая,,,,,ne:Azerbaijan:Sumqayıt,
bronnitsy_1964,Бронницы 1964,русские,1964-04,1964-04,Московская область,worker,массовое выступление,"Атлас російського імперіалізму та колоніалізму (УІФ, 2026), розд. 51, п. 28",низкая,,,,,ne:Russia:Moskovskaya,
stavropol_1964,Ставрополь 1964,русские,1964-04,1964-04,Ставрополь,worker,массовое выступление,"Атлас російського імперіалізму та колоніалізму (УІФ, 2026), розд. 51, п. 29",низкая,,,,,city:Ставрополь,
frunze_1967,Фрунзе (Бишкек) 1967,киргизы,1967-05,1967-05,Киргизская ССР,worker,массовое выступление,"Атлас російського імперіалізму та колоніалізму (УІФ, 2026), розд. 51, п. 30",низкая,,,,,city:Бишкек,
chimkent_1967,Чимкент (Шымкент) 1967,казахи,1967-06,1967-06,Казахская ССР,worker,массовое выступление,"Атлас російського імперіалізму та колоніалізму (УІФ, 2026), розд. 51, п. 31",низкая,,,,,city:Шымкент,
stepanakert_1967,Степанакерт 1967,армяне,1967-07,1967-07,Нагорный Карабах,national,массовое выступление,"Атлас російського імперіалізму та колоніалізму (УІФ, 2026), розд. 51, п. 32",низкая,,,,,city:Степанакерт,
slutsk_1967,Слуцк 1967,белорусы,1967-10,1967-10,Слуцк,worker,массовое выступление,"Атлас російського імперіалізму та колоніалізму (УІФ, 2026), розд. 51, п. 33",низкая,,,,,ne:Belarus:Minsk,
nalchik_1968,Нальчик 1968,"кабардинцы, балкарцы",1968-07,1968-07,Нальчик,worker,массовое выступление,"Атлас російського імперіалізму та колоніалізму (УІФ, 2026), розд. 51, п. 34",низкая,,,,,city:Нальчик,
prague_1968,Прага 1968,"чехи, словаки",1968-08-21,1968-08-21,Чехословакия,satellite,"в ответ на попытку первого секретаря ЦК Компартии Чехословакии Александра Дубчека либерализовать режим советские войска вместе с армиями стран Варшавского договора вторглись в страну; погибли около ста мирных жителей, более пятисот ранены","Атлас російського імперіалізму та колоніалізму (УІФ, 2026), розд. 51, п. 35",высокая,"Дубчека сместили, на его место назначили лояльного Москве Густава Гусака",,,,ne:Czech Republic:*,
zarafshan_1969,Лагерь Зарафшан 1969,узники,1969-07,1969-08,Узбекская ССР,camp,выступление в лагере,"Атлас російського імперіалізму та колоніалізму (УІФ, 2026), розд. 51, п. 36",низкая,,,,,city:Зарафшан,
prague_brno_1969,"Прага, Брно 1969",чехи,1969-08,1969-08,Чехословакия,satellite,выступления к годовщине вторжения,"Атлас російського імперіалізму та колоніалізму (УІФ, 2026), розд. 51, п. 37",средняя,,,,,ne:Czech Republic:Prague|Jihomoravský,
gdansk_1970,"Гданьск, Щецин 1970-1971",поляки,1970-12,1971-01,Польша,satellite,рабочие выступления на побережье,"Атлас російського імперіалізму та колоніалізму (УІФ, 2026), розд. 51, п. 38",высокая,,,,,city:Гданьск;ne:Poland:West Pomeranian,
kaunas_1972,Каунас 1972,литовцы,1972-05-14,1972-05-18,Литовская ССР,national,выступления после самосожжения Ромаса Каланты,"Атлас російського імперіалізму та колоніалізму (УІФ, 2026), розд. 51, п. 39",высокая,,,,,city:Каунас,
dniprodzerzhynsk_1972,Днепродзержинск (Каменское) 1972,украинцы,1972-06,1972-06,Днепродзержинск,worker,массовое выступление,"Атлас російського імперіалізму та колоніалізму (УІФ, 2026), розд. 51, п. 40",низкая,,,,,ne:Ukraine:Dnipropetrovs'k,
rubtsovsk_1974,Рубцовск 1974,русские,1974-05,1974-05,Алтайский край,worker,массовое выступление,"Атлас російського імперіалізму та колоніалізму (УІФ, 2026), розд. 51, п. 41",низкая,,,,,city:Рубцовск,
smolensk_camp_1978,Лагерь под Смоленском 1978,узники,1978,1978,Смоленская область,camp,выступление в лагере,"Атлас російського імперіалізму та колоніалізму (УІФ, 2026), розд. 51, п. 42",низкая,,,,,city:Смоленск,
ordzhonikidze_1981,Орджоникидзе (Владикавказ) 1981,"осетины, ингуши",1981-10,1981-10,Северная Осетия,national,массовое выступление,"Атлас російського імперіалізму та колоніалізму (УІФ, 2026), розд. 51, п. 43",средняя,,,,,city:Владикавказ,
katowice_1981,"Шахта «Вуек» - Катовице, Гданьск 1981",поляки,1981-12-13,1981-12-16,Польша,satellite,выступления профсоюза «Солидарность» разбиты силой: с декабря 1981 г. по 1983 г. в Польше действовало чрезвычайное положение,"Атлас російського імперіалізму та колоніалізму (УІФ, 2026), розд. 51, п. 44",высокая,профсоюз «Солидарность» во главе с Лехом Валенсой возник в начале 1980 г. и собрал 9 млн сторонников - первое независимое общественное движение в коммунистических странах Центральной и Восточной Европы,,,,city:Катовице;city:Гданьск,
leninogorsk_1984,Лениногорск 1984,казахи,1984-08,1984-08,Восточно-Казахстанская область,worker,массовое выступление,"Атлас російського імперіалізму та колоніалізму (УІФ, 2026), розд. 51, п. 45",низкая,,,,,city:Риддер,
kardzhali_1984,Кырджалийская и Сливенская области 1984-1985,турки Болгарии,1984-12,1985-01,Болгария,satellite,выступления против насильственной смены имён,"Атлас російського імперіалізму та колоніалізму (УІФ, 2026), розд. 51, п. 46",средняя,,,,,ne:Bulgaria:Kardzhali|Sliven,
kuchukov_1708,Восстание Мурата Кучукова 1708,чеченцы,1708,1708,равнинная Чечня,national,вооружённое выступление против имперского присутствия на равнине; после поражения начался террор против коренного населения,"наша база: кампания C1126 (домен нохчи, data/campaigns/nohchi.json)",высокая,выступления нет в пяти разделах атласа - строка заведена из нашей базы,,,,ne:Russia:Chechnya,
chechnya_1732,Вооружённое восстание на равнинной Чечне 1732,чеченцы,1732,1732,равнинная Чечня,national,"вооружённое выступление, в ходе которого чеченцы разбили карательный отряд полковника Коха; против них шла экспедиция генерала Дугласа",наша база: кампания C1132 (домен нохчи),высокая,выступления нет в пяти разделах атласа - строка заведена из нашей базы,,,,ne:Russia:Chechnya,
karmalyuk_1813,Восстание Устима Кармалюка 1813-1835,украинцы,1813,1835,Подолье,peasant,многолетнее вооружённое выступление подольских крестьян во главе с Устимом Кармалюком против крепостного права и имперской администрации,"наша база: кампания C0058 (домен украина, data/campaigns/ukraina.json)",высокая,выступления нет в пяти разделах атласа - строка заведена из нашей базы,,,,ne:Ukraine:Vinnytsya|Khmel'nyts'kyy,
chechnya_1840,Всеобщее восстание в Чечне 1840,чеченцы,1840-02,1840-11,Чечня,national,"всеобщее выступление чеченцев, после которого Чечня вошла в Имамат Шамиля","наша база: кампания C1164 (домен нохчи); атлас розд. 42, п. 12 датирует превращение выступления в государство 1840 годом",высокая,"внутри окна удержания Имамата, отдельного вычитания не требует",,,,ne:Russia:Chechnya,
chechnya_1860,Восстания 1860-1861 годов,чеченцы,1860-06-01,1864-02-29,"южная Чечня, Ичкерия",national,"выступления после падения Имамата, вызванные массовыми выселениями горцев; после разгрома казнён Байсангур, у Шали расстреляны зикристы","наша база: кампания C1169 (домен нохчи); атлас розд. 42, п. 12",высокая,империя контроль уже держала - вычитанием не показываем,,,,ne:Russia:Chechnya,
central_asia_1916,Среднеазиатское восстание 1916,"казахи, киргизы, узбеки, туркмены",1916-07-04,1917-02,"Туркестан, Семиречье, Тургайская область",national,"выступление против указа о мобилизации коренного населения на тыловые работы; по атласу погибли 150-270 тыс. казахов и киргизов, сотни тысяч бежали в Китай","Атлас російського імперіалізму та колоніалізму (УІФ, 2026), розд. 41 и розд. 43",высокая,"УДЕРЖАНИЯ НЕТ: тургайская группа Амангельды Иманова осаждала Тургай зимой 1916/1917 г., но города не захватила и своей администрации на удержанной территории не создала; в пяти разделах антиколониальных выступлений атласа этого сюжета нет, он проходит по разделам экспансии",,,,ne:Kazakhstan:Almaty|Qostanay|Aqtöbe;ne:Kyrgyzstan:*;ne:Uzbekistan:Ferghana|Andijon|Namangan,
basmachi_1918,Басмачество 1918-1930-е,"узбеки, таджики, туркмены, киргизы",1918-02,1934,"Ферганская долина, Восточная Бухара, Хорезм, Туркмения",underground,"вооружённое сопротивление установлению советской власти в Средней Азии; началось после того, как войска РСФСР уничтожили Кокандскую автономию в феврале 1918 года","Атлас російського імперіалізму та колоніалізму (УІФ, 2026), розд. 44; наша база: окна слоя реконструкции 1917-1921 (tools/build_zones_1917_1921.py)",средняя,"ОТДЕЛЬНОГО ВЫЧИТАНИЯ НЕ ДЕЛАЕМ: Восточная Бухара и Хорезм уже вычтены окнами слоя реконструкции 1917-1921, а ферганские отряды держали кишлаки, но не города и не железные дороги - бинарной заливкой это не рисуется",,,,ne:Uzbekistan:Ferghana|Andijon|Namangan|Bukhoro|Khorezm;ne:Tajikistan:Khatlon|Gorno-Badakhshan;ne:Turkmenistan:*,
kronstadt_1921,Кронштадт 1921,моряки и рабочие Кронштадта,1921-02-28,1921-03-18,Кронштадт,military,выступление гарнизона и рабочих под лозунгом «Советы без коммунистов»; разбито штурмом по льду,"Атлас російського імперіалізму та колоніалізму (УІФ, 2026), розд. 44; справочная литература по 1921 году",высокая,УДЕРЖАНИЯ НЕТ: восемнадцать дней на острове - меньше порога в год,,,,ne:Russia:City of St. Petersburg,
tambov_1920,Тамбовское восстание 1920-1921,русские крестьяне,1920-08-19,1921-07,Тамбовская губерния,peasant,крестьянская война против продразвёрстки - повстанческие армии и «Союз трудового крестьянства» со своим самоуправлением в сёлах,"Атлас російського імперіалізму та колоніалізму (УІФ, 2026), розд. 44; справочная литература по 1921 году",высокая,"УДЕРЖАНИЯ НЕТ в нашем смысле: повстанцы держали сёла, а города, железные дороги и уездные центры оставались за империей. Бинарной заливкой село без города не рисуется - вычитать целую губернию значило бы соврать",,,,ne:Russia:Tambov,
west_siberia_1921,Западно-Сибирское восстание 1921,"русские и сибирские крестьяне, казахи",1921-01-31,1921-12,"Тюменская, Омская, Челябинская, Екатеринбургская губернии",peasant,"крестьянская война против продразвёрстки; повстанцы захватили Тобольск 21.02.1921 и удерживали его до 08.04.1921, перерезали железную дорогу на Москву","Атлас російського імперіалізму та колоніалізму (УІФ, 2026), розд. 44; справочная литература по 1921 году",высокая,"УДЕРЖАНИЯ НЕТ: Тобольск удерживался шесть с половиной недель, порога в год нет",,,,ne:Russia:Tyumen'|Omsk|Kurgan|Chelyabinsk,
ichkeria_1991,Ичкерия 1991-1999,чеченцы,1991-11-01,1999-09-30,Чечня,national,"независимость, отстоянная в войне 1994-1996 годов и уничтоженная вторжением 1999 года",наша база: домен нохчи (кампания C1027 и соседние); слой постсоветских эпизодов data/postsoviet/registry.csv,высокая,"УЖЕ ПОКАЗАНА на карте вырезом из контура: строки chechnya в data/postsoviet/registry.csv, kind=de_facto_independent. Второй раз то же самое не вычитаем",1996-08-31,1999-09-30,"удержание УЖЕ показано другим механизмом - слоем постсоветских эпизодов; строка нужна как учёт, геометрии в нашем слое у неё нет",ne:Russia:Chechnya,
tungus_1924,Тунгусское восстание 1924-1925,"эвенки (тунгусы), якуты",1924-05-10,1925-07-18,"Аяно-Нельканская земля, Охотское побережье, восток Якутии",national,"отряд Михаила Артемьева занял Нелькан 10.05.1924, 06.06.1924 после восемнадцатичасового боя взят порт Аян; съезд аяно-нельканских, охотско-аянских и маймаканских тунгусов и якутов избрал Временное центральное тунгусское национальное управление во главе с К. Стручковым, объявил полную независимость тунгусской нации и принял бело-зелёно-чёрный флаг; 09.05.1925 подписан мирный договор с СССР и управление самораспустилось, отряд Павла Карамзина сложил оружие 18.07.1925","Тунгусское национальное восстание 1924-1925 гг. (КиберЛенинка); Тунгусское восстание и Временное центральное тунгусское национальное управление (ru.wikipedia, fccland.ru); опись - data/sources/registry.json",средняя,"около 600 участников из 13 тысяч тунгусов края; взятых в плен солдат и сотрудников ОГПУ повстанцы отпускали живыми; требования мирной делегации - отделить Охотское побережье от Дальнего Востока и присоединить к Якутии, право самим решать свои дела, устранить от власти коммунистов, проводивших политику террора; с 1927 года участников репрессировали",1924-05-10,1925-05-09,"землю держали год: советской администрации в Аяно-Нельканском краю не было. Вырез из красного делает слой потерь контроля (эпизод tungus-1924 в tools/build_losses.py) - здесь paint=shown_elsewhere, чтобы не вычитать дважды",file:data/khabarovsk/ayano_maysky.geojson,
makhno_1918,Махновское движение 1918-1921,украинцы,1918-09-01,1921-08-28,"Гуляйпольский район, Екатеринославская и Таврическая губернии",peasant,"крестьянское повстанчество, воевавшее и с белыми, и с красными, и с немцами. Осенью 1919 года после прорыва в тыл Деникина повстанцы взяли под контроль Гуляйполе, Александровск и Екатеринослав; 20 октября в Александровске съезд крестьян, рабочих и повстанцев принял программу самостоятельной крестьянской республики. Екатеринослав удерживали до 19 декабря 1919 года","Х. Раковский о Махно: «із усіх старих партизанів він є найголовнішим захисником ідеї “Незалежної Української Соціалістичної Радянської Республіки”» (Еволюція української радянської державності, с. 411, материалы домена украины); перехваченная телеграмма Махно войскам 31.07.1919: «Хай живе УКРАЇНСЬКА НЕЗАЛЕЖНА СОЦІАЛІСТИЧНА РАДЯНЬСКА РЕСПУБЛІКА!»",средняя,"заведено 02.09.2026 по решению куратора: «махно - це черное, бо он точно был не за империю». Границы махновского района подвижны, взято ядро — восемь районов вокруг Гуляйполя",1919-10-20,1919-12-19,"от съезда в Александровске 20.10.1919, где принята программа крестьянской республики, до потери Екатеринослава 19.12.1919. В эти два месяца ни белой, ни красной власти на этой земле не было, а карта показывала её имперской",file:data/ukraine/makhno_region.geojson,file:data/ukraine/makhno_region.geojson
kholodny_yar_1919,Холодноярская республика 1919-1922,украинцы,1919-04-05,1922-12-31,"Чигиринский уезд Киевской губернии, 25 сёл вокруг Мотронинского монастыря",peasant,"крестьянское повстанчество вокруг Мотронинского монастыря: 5 апреля 1919 года там провозглашена Холодноярская республика, объединившая 25 сёл; крестьянская армия доходила до пятнадцати тысяч. Воевали и с белыми, и с красными. 4-7 августа 1921 года чекисты обманом склонили часть атаманов сложить оружие, остальных взяли в засаду","ВИКИПЕДИЯ, «Холодноярская республика»; решение суда о признании отрядов Холодного Яра борцами за независимость Украины",средняя,"заведено 02.09.2026. Геометрия — Чигиринская громада, а не укрупнённый район 2020 года: иначе вырез был бы втрое больше удержанного. ДОКУМЕНТАЛЬНАЯ БАЗА СЛАБЕЕ, чем у махновского района: даты держатся на описаниях, актов не найдено",1919-04-05,1921-08-07,"от провозглашения республики в Мотронинском монастыре до 7 августа 1921 года, когда часть атаманов сложила оружие. Контроль партизанский, а не сплошной: держали лес и сёла вокруг него",file:data/ukraine/kholodny_yar.geojson,file:data/ukraine/kholodny_yar.geojson
baysangur_1860,Восстание Байсангура Беноевского в Ичкерии 1860-1861,нохчи (чеченцы),1860-05-01,1861-02-17,"Ичкерия (Беной, Дышни-Ведено, Ичкеринский округ)",national,"к июлю 1860 восстание охватило почти все селения Ичкеринского округа, связь Ведено с Эрсеноем прервана, крепость Ведено в осаде; Байсангур пленён 17.02.1861, казнён в марте","Ахмадов Я.З., История Чечни в XIX-XX веках (2005), гл. VI, по РГВИА ф. 1300; кампания C1169 базы; разбор loop_2026-09-03/F1_chechnya_shagi.md",средняя,"старая старшинская администрация перебита или бежала, империя контроля в округе не имела; окно короче года, но по правилу 28.08.2026 «рейд вырезает красное» удержание показываем",1860-05-01,1861-02-17,Веденский и Ножай-Юртовский районы - приближение Ичкеринского округа,file:data/chechnya/ichkeria_districts.geojson,file:data/chechnya/ichkeria_districts.geojson
alibek_1877,Восстание Алибека-Хаджи и Умы Дуева 1877,нохчи (чеченцы),1877-04-17,1877-10-16,Ичкерия и Аргунское ущелье,national,"к 21.04.1877 из подчинения вышли 47 аулов Ичкерии (18 тыс. человек), администрация перебита или бежала, Ведено в изоляции; второй пик 14.08.1877 у Гамар-Дука; военные действия прекращены 16.10.1877, казни 09.03.1878","Ахмадов Я.З. 2005, гл. IX §1-2, донесения Свистунова, Авалова, Ломновского (РГВИА ф. 1300 оп. 1 д. 43, 44, 52); кампания C1172 базы; разбор F1_chechnya_shagi.md",средняя,равнинная Чечня не восставала (шалинцы отбили повстанцев 28.04.1877) - вырез только по Ичкерии,1877-04-17,1877-10-16,Веденский и Ножай-Юртовский районы - приближение,file:data/chechnya/ichkeria_districts.geojson,file:data/chechnya/ichkeria_districts.geojson
