city,lat,lon,start,lost,liberated,changes,region,anchor,source,note
Брест,52.0938,23.6852,empire,,,,Беларусь,yes,"опорная точка: Беларусь на этой карте несуверенна непрерывно с 1991 года, а в 2022 году с её территории шло наступление на Киев",в показ не идёт - лежит вне рамки театра
Гомель,52.4239,31.0132,empire,,,,Беларусь,yes,"опорная точка: Беларусь на этой карте несуверенна непрерывно с 1991 года, а в 2022 году с её территории шло наступление на Киев",в показ не идёт - лежит вне рамки театра
Мозырь,52.0495,29.2676,empire,,,,Беларусь,yes,"опорная точка: Беларусь на этой карте несуверенна непрерывно с 1991 года, а в 2022 году с её территории шло наступление на Киев",в показ не идёт - лежит вне рамки театра
Наровля,51.7976,29.5069,empire,,,,Беларусь,yes,"опорная точка: Беларусь на этой карте несуверенна непрерывно с 1991 года, а в 2022 году с её территории шло наступление на Киев",в показ не идёт - лежит вне рамки театра
Пинск,52.1114,26.1025,empire,,,,Беларусь,yes,"опорная точка: Беларусь на этой карте несуверенна непрерывно с 1991 года, а в 2022 году с её территории шло наступление на Киев",в показ не идёт - лежит вне рамки театра
Речица,52.3718,30.3860,empire,,,,Беларусь,yes,"опорная точка: Беларусь на этой карте несуверенна непрерывно с 1991 года, а в 2022 году с её территории шло наступление на Киев",в показ не идёт - лежит вне рамки театра
Авдеевка,48.1339,37.7467,foreign,2014-04-16,2014-07-30,,Донецкая область,yes,украинские хроники и пресса: документа уровня ООН или Европейского суда по правам человека на эту дату нет,"дата захвата: день в источниках не назван, стоит дата ближайшего датированного события в этом же кусте - приближение"
Амвросиевка,47.7953,38.4798,foreign,,,2014-05-01:empire;2014-06-05:foreign;2014-08-24:empire,Донецкая область,yes,украинские хроники и пресса: документа уровня ООН или Европейского суда по правам человека на эту дату нет,"дата повторного занятия - день в источниках не назван, стоит дата ближайшего датированного события в этом же кусте - приближение"
Артёмовск,48.5894,38.0021,foreign,2014-04-12,2014-07-06,,Донецкая область,yes,украинские хроники и пресса: документа уровня ООН или Европейского суда по правам человека на эту дату нет,сегодня Бахмут; дату возврата источники дают в диапазоне 4-6 июля 2014 года
Волноваха,47.6015,37.4934,foreign,2022-03-11,,,Донецкая область,yes,украинские хроники и пресса: документа уровня ООН или Европейского суда по правам человека на эту дату нет,"город не переходил под контроль вооружённых формирований в 2014 году: бой 22.05.2014 - не взятие, заявление о «взятии» 30.08.2014 не подтверждено. Занят 11.03.2022; на снимке DeepStateMAP от 03.04.2022 город занят"
Горловка,48.3059,38.0028,foreign,2014-04-14,,,Донецкая область,yes,украинские хроники и пресса: документа уровня ООН или Европейского суда по правам человека на эту дату нет,"Европейский суд по правам человека (§ 297) датирует захват только «началом апреля 2014 года», число - по прессе"
Дебальцево,48.3397,38.3999,foreign,,,2014-04-13:empire;2014-07-28:foreign;2015-02-18:empire,Донецкая область,yes,украинские хроники и пресса: документа уровня ООН или Европейского суда по правам человека на эту дату нет,"взятие украинскими войсками датируют 28 или 29 июля 2014 года; выход украинских войск из города - 18.02.2015, через шесть дней после «Комплекса мер» от 12.02.2015 и на следующий день после резолюции Совета Безопасности ООН 2202 (17.02.2015)"
Дзержинск,48.3970,37.8501,foreign,2014-04-15,2014-07-21,,Донецкая область,yes,украинские хроники и пресса: документа уровня ООН или Европейского суда по правам человека на эту дату нет,сегодня Торецк
Донецк,48.0159,37.8013,foreign,2014-04-07,,,Донецкая область,yes,"Европейский суд по правам человека, «Украина и Нидерланды против России» (№ 8019/16, 43800/14 и 28525/20), решение Большой палаты о приемлемости от 30.11.2022, § 51","в ночь на 7 апреля занято здание областной администрации, 7 апреля объявлена «ДНР»; днём раньше, 6 апреля, начались захваты зданий"
Донецкий аэропорт,48.0686,37.7421,foreign,2015-01-22,,,Донецкая область,yes,"УВКПЧ ООН, 9-й доклад о положении с правами человека в Украине (15.02.2015), п. 33","бои за аэропорт начались 26.05.2014 (ЕСПЧ, § 198) и шли восемь месяцев; Европейский суд по правам человека в пересказе доклада УВКПЧ ставит 21.01.2015 (§ 242), сам доклад - 22.01.2015: расхождение в один день"
Дружковка,48.6199,37.5249,foreign,2014-04-12,2014-07-05,,Донецкая область,yes,"Европейский суд по правам человека, «Украина и Нидерланды против России» (№ 8019/16, 43800/14 и 28525/20), решение Большой палаты о приемлемости от 30.11.2022, § 185",Европейский суд по правам человека называет Дружковку вместе со Славянском и Краматорском в записи о 12.04.2014
Енакиево,48.2305,38.1850,foreign,2014-04-13,,,Донецкая область,yes,украинские хроники и пресса: документа уровня ООН или Европейского суда по правам человека на эту дату нет,
Иловайск,47.9248,38.1976,foreign,,,2014-04-16:empire;2014-08-18:foreign;2014-08-29:empire,Донецкая область,yes,"УВКПЧ ООН, доклад о нарушениях прав человека в контексте иловайских событий августа 2014 года, п. 35, 37, 72-74","украинские батальоны вошли в город 18.08.2014, к 27.08 были окружены, 29.08 при выходе колонны по «зелёному коридору» расстреляны; дата первого захвата весной не найдена ни в одном источнике - день в источниках не назван, стоит дата ближайшего датированного события в этом же кусте - приближение"
Комсомольское,47.6688,38.0739,foreign,2014-08-27,,,Донецкая область,yes,украинские хроники и пресса: документа уровня ООН или Европейского суда по правам человека на эту дату нет,"сегодня Кальмиусское; день в источниках не назван, стоит дата ближайшего датированного события в этом же кусте - приближение"
Константиновка,48.5349,37.6924,foreign,2014-04-28,2014-07-05,,Донецкая область,yes,украинские хроники и пресса: документа уровня ООН или Европейского суда по правам человека на эту дату нет,
Краматорск,48.7389,37.5844,foreign,2014-04-12,2014-07-05,,Донецкая область,yes,"Европейский суд по правам человека, «Украина и Нидерланды против России» (№ 8019/16, 43800/14 и 28525/20), решение Большой палаты о приемлемости от 30.11.2022, § 52, 185, 211",
Красный Лиман,48.9801,37.8168,foreign,2014-04-12,2014-06-04,,Донецкая область,yes,украинские хроники и пресса: документа уровня ООН или Европейского суда по правам человека на эту дату нет,"сегодня Лиман; вернулся под контроль Украины в начале июня, а не в ходе июльского наступления"
Курахово,47.9835,37.2826,foreign,,,,Донецкая область,yes,украинские хроники и пресса: документа уровня ООН или Европейского суда по правам человека на эту дату нет,в 2014-2015 годах остался под контролем Украины
Логвиново,48.3790,38.3468,foreign,,,2014-04-16:empire;2014-07-28:foreign;2015-02-09:empire,Донецкая область,yes,украинские хроники и пресса: документа уровня ООН или Европейского суда по правам человека на эту дату нет,09.02.2015 занятием Логвинова перерезана дорога на Дебальцево - «котёл» закрылся; попытка отбить село 13-14.02.2015 не удалась
Макеевка,48.0448,37.9635,foreign,2014-04-13,,,Донецкая область,yes,украинские хроники и пресса: документа уровня ООН или Европейского суда по правам человека на эту дату нет,
Мангуш,47.0568,37.3078,foreign,2022-03-01,,,Донецкая область,yes,украинские хроники и пресса: документа уровня ООН или Европейского суда по правам человека на эту дату нет,"в 2014 году под контроль вооружённых формирований не переходил; занят в начале марта 2022 года при обходе Мариуполя с запада, день в источниках не назван, стоит дата ближайшего датированного события в этом же кусте - приближение"
Мариуполь,47.0958,37.5500,foreign,,,2014-04-13:empire;2014-06-13:foreign;2022-04-21:empire,Донецкая область,yes,"УВКПЧ ООН, доклад о положении с правами человека в Украине от 15.06.2014, п. 189","контроль переходил из рук в руки: 13.04.2014 занято здание горсовета, 09.05.2014 - штурм здания милиции (ЕСПЧ, § 187), 13.06.2014 город очищен. За датой 13.06.2014 стоит только пресса - документа уровня ООН или Европейского суда по правам человека на неё нет. В 2022 году город с 24.02 в блокаде, но до 02.04.2022 занят не был. 21.04.2022 российская сторона объявила город занятым, «Азовсталь» держалась до 20.05.2022 - на снимке DeepStateMAP от 30.04.2022 город закрашен занятым"
Марьинка,47.9401,37.5022,foreign,2014-04-16,2014-08-05,,Донецкая область,yes,украинские хроники и пресса: документа уровня ООН или Европейского суда по правам человека на эту дату нет,"дата захвата: день в источниках не назван, стоит дата ближайшего датированного события в этом же кусте - приближение"
Николаевка,48.8611,37.7619,foreign,2014-04-16,2014-07-04,,Донецкая область,yes,украинские хроники и пресса: документа уровня ООН или Европейского суда по правам человека на эту дату нет,"дата захвата: день в источниках не назван, стоит дата ближайшего датированного события в этом же кусте - приближение"
Новоазовск,47.1139,38.0831,foreign,2014-08-27,,,Донецкая область,yes,украинские хроники и пресса: документа уровня ООН или Европейского суда по правам человека на эту дату нет,"в апреле 2014 года над зданием администрации подняли флаг, но город остался украинским; военное занятие - 27.08.2014, с ним открылась приморская полоса на Мариуполь"
Пески,48.0660,37.6745,foreign,,,,Донецкая область,yes,украинские хроники и пресса: документа уровня ООН или Европейского суда по правам человека на эту дату нет,село под аэропортом оставалось за украинскими войсками весь период
Покровск,48.2771,37.1772,foreign,,,,Донецкая область,yes,украинские хроники и пресса: документа уровня ООН или Европейского суда по правам человека на эту дату нет,"01.05.2014 над горсоветом на день подняли флаг «ДНР», контроля это не дало. Прежнее, советское имя города снято переименованием 2016 года"
Северск,48.8676,38.0902,foreign,2014-04-18,2014-07-10,,Донецкая область,yes,украинские хроники и пресса: документа уровня ООН или Европейского суда по правам человека на эту дату нет,
Селидово,48.1501,37.3019,foreign,,,,Донецкая область,yes,украинские хроники и пресса: документа уровня ООН или Европейского суда по правам человека на эту дату нет,
Славянск,48.8523,37.6058,foreign,2014-04-12,2014-07-05,,Донецкая область,yes,"Европейский суд по правам человека, «Украина и Нидерланды против России» (№ 8019/16, 43800/14 и 28525/20), решение Большой палаты о приемлемости от 30.11.2022, § 52, 55, 66",12.04.2014 группа под командой Игоря Гиркина заняла здания в Славянске; к 20.04.2014 город был под вооружёнными формированиями целиком (§ 55); 05.07.2014 они отошли из Славянска и окрестных городов к Донецку (§ 66)
Снежное,48.0221,38.7635,foreign,2014-04-29,,,Донецкая область,yes,украинские хроники и пресса: документа уровня ООН или Европейского суда по правам человека на эту дату нет,дату даёт один вторичный источник
Соледар,48.6957,38.0672,foreign,2014-04-12,2014-07-21,,Донецкая область,yes,украинские хроники и пресса: документа уровня ООН или Европейского суда по правам человека на эту дату нет,"дата захвата: взят в одном кусте со Славянском, отдельного пруфа нет"
Старобешево,47.7498,38.0252,foreign,2014-08-27,,,Донецкая область,yes,украинские хроники и пресса: документа уровня ООН или Европейского суда по правам человека на эту дату нет,"как и в Новоазовске, апрельский флаг на здании администрации - не занятие города; военное занятие - конец августа 2014 года"
Тельманово,47.4125,38.0187,foreign,2014-08-27,,,Донецкая область,yes,украинские хроники и пресса: документа уровня ООН или Европейского суда по правам человека на эту дату нет,"сегодня Бойковское; день в источниках не назван, стоит дата ближайшего датированного события в этом же кусте - приближение"
Торез,48.0261,38.6181,foreign,2014-04-29,,,Донецкая область,yes,украинские хроники и пресса: документа уровня ООН или Европейского суда по правам человека на эту дату нет,"дату даёт один вторичный источник; вблизи города 17.07.2014 сбит рейс MH17 - территория тогда была под вооружёнными формированиями (ЕСПЧ, § 69)"
Углегорск,48.3120,38.2609,foreign,,,2014-04-16:empire;2014-08-12:foreign;2015-01-29:empire,Донецкая область,yes,украинские хроники и пресса: документа уровня ООН или Европейского суда по правам человека на эту дату нет,"дата январского взятия расходится: 29.01.2015 (украинские и англоязычные источники) против 30-31.01.2015 (российские); дата захвата весной 2014 - день в источниках не назван, стоит дата ближайшего датированного события в этом же кусте - приближение"
Угледар,47.7810,37.2461,foreign,,,,Донецкая область,yes,украинские хроники и пресса: документа уровня ООН или Европейского суда по правам человека на эту дату нет,
Харцызск,48.0340,38.1498,foreign,2014-04-14,,,Донецкая область,yes,украинские хроники и пресса: документа уровня ООН или Европейского суда по правам человека на эту дату нет,
Чернухино,48.3278,38.5019,foreign,,,2014-04-16:empire;2014-07-28:foreign;2015-02-18:empire,Донецкая область,yes,украинские хроники и пресса: документа уровня ООН или Европейского суда по правам человека на эту дату нет,"посёлок в дебальцевском выступе, идёт за Дебальцевом; день в источниках не назван, стоит дата ближайшего датированного события в этом же кусте - приближение"
Шахтёрск,48.0550,38.4459,foreign,2014-04-15,,,Донецкая область,yes,украинские хроники и пресса: документа уровня ООН или Европейского суда по правам человека на эту дату нет,"31.07.2014 украинские подразделения вошли на окраины, контроля над городом не установили"
Ямполь,48.9401,37.9601,foreign,2014-04-16,2014-06-19,,Донецкая область,yes,украинские хроники и пресса: документа уровня ООН или Европейского суда по правам человека на эту дату нет,"дата захвата: день в источниках не назван, стоит дата ближайшего датированного события в этом же кусте - приближение"
Ясиноватая,48.1271,37.8590,foreign,2014-04-13,,,Донецкая область,yes,украинские хроники и пресса: документа уровня ООН или Европейского суда по правам человека на эту дату нет,узел под контролем «ДНР» непрерывно до 2022 года; сообщение о взятии украинскими войсками 17.08.2014 другими источниками не подтверждается
Армянск,46.1133,33.6904,foreign,2014-02-27,,,Крым,yes,"Европейский суд по правам человека, «Украина и Нидерланды против России» (№ 8019/16, 43800/14 и 28525/20), решение Большой палаты о приемлемости от 30.11.2022, § 46","полуостров в слое не красится этим билдером (его красит собственный эпизод), но как якорь он нужен: с него шло наступление на юг Украины в 2022 году"
Джанкой,45.7120,34.3927,foreign,2014-02-27,,,Крым,yes,"Европейский суд по правам человека, «Украина и Нидерланды против России» (№ 8019/16, 43800/14 и 28525/20), решение Большой палаты о приемлемости от 30.11.2022, § 46","полуостров в слое не красится этим билдером (его красит собственный эпизод), но как якорь он нужен: с него шло наступление на юг Украины в 2022 году"
Евпатория,45.1943,33.3748,foreign,2014-02-27,,,Крым,yes,"Европейский суд по правам человека, «Украина и Нидерланды против России» (№ 8019/16, 43800/14 и 28525/20), решение Большой палаты о приемлемости от 30.11.2022, § 46","полуостров в слое не красится этим билдером (его красит собственный эпизод), но как якорь он нужен: с него шло наступление на юг Украины в 2022 году"
Керчь,45.3636,36.6115,foreign,2014-02-27,,,Крым,yes,"Европейский суд по правам человека, «Украина и Нидерланды против России» (№ 8019/16, 43800/14 и 28525/20), решение Большой палаты о приемлемости от 30.11.2022, § 46","полуостров в слое не красится этим билдером (его красит собственный эпизод), но как якорь он нужен: с него шло наступление на юг Украины в 2022 году"
Севастополь,44.5737,33.4006,foreign,2014-02-27,,,Крым,yes,"Европейский суд по правам человека, «Украина и Нидерланды против России» (№ 8019/16, 43800/14 и 28525/20), решение Большой палаты о приемлемости от 30.11.2022, § 46","полуостров в слое не красится этим билдером (его красит собственный эпизод), но как якорь он нужен: с него шло наступление на юг Украины в 2022 году"
Симферополь,44.9521,34.1025,foreign,2014-02-27,,,Крым,yes,"Европейский суд по правам человека, «Украина и Нидерланды против России» (№ 8019/16, 43800/14 и 28525/20), решение Большой палаты о приемлемости от 30.11.2022, § 46","полуостров в слое не красится этим билдером (его красит собственный эпизод), но как якорь он нужен: с него шло наступление на юг Украины в 2022 году"
Алчевск,48.4702,38.8010,foreign,2014-04-30,,,Луганская область,yes,украинские хроники и пресса: документа уровня ООН или Европейского суда по правам человека на эту дату нет,
Антрацит,48.1164,39.0886,foreign,2014-05-05,,,Луганская область,yes,"Европейский суд по правам человека, «Украина и Нидерланды против России» (№ 8019/16, 43800/14 и 28525/20), решение Большой палаты о приемлемости от 30.11.2022, § 58",Европейский суд по правам человека датирует «началом мая 2014 года» приход в Антрацит первых казачьих отрядов под командой Николая Козицына; часть источников говорит об апреле
Беловодск,49.2068,39.5912,foreign,2022-02-24,,,Луганская область,yes,"DeepStateMAP, снимок 03.04.2022 (первый день посуточного слоя)","приграничный райцентр: в 2014-2015 годах под контролем Украины, занят в первые дни вторжения 2022 года"
Белокуракино,49.5264,38.7354,foreign,2022-03-01,,,Луганская область,yes,"DeepStateMAP, снимок 03.04.2022 (первый день посуточного слоя)",то же приближение
Брянка,48.5036,38.6643,foreign,2014-05-02,,,Луганская область,yes,украинские хроники и пресса: документа уровня ООН или Европейского суда по правам человека на эту дату нет,"встречающаяся дата «с 07.04.2014» - административная, привязанная к захвату здания Службы безопасности в Луганске, а не к занятию самого города"
Дьяково,47.9436,39.1285,foreign,2014-08-07,,,Луганская область,yes,украинские хроники и пресса: документа уровня ООН или Европейского суда по правам человека на эту дату нет,"пограничная полоса, которую до августа 2014 года держали украинские войска сектора Д; отдельных дат по сёлам источники не дают - день в источниках не назван, стоит дата ближайшего датированного события в этом же кусте - приближение"
Изварино,48.2858,39.8913,foreign,2014-08-07,,,Луганская область,yes,украинские хроники и пресса: документа уровня ООН или Европейского суда по правам человека на эту дату нет,"пункт пропуска на границе: украинские пограничники держали его до 07.08.2014, когда его заняли в ходе августовского вторжения. Источники путают статус пункта пропуска и статус самого посёлка"
Кировск,48.6414,38.6479,foreign,2014-05-02,,,Луганская область,yes,украинские хроники и пресса: документа уровня ООН или Европейского суда по правам человека на эту дату нет,"сегодня Голубовка; день в источниках не назван, стоит дата ближайшего датированного события в этом же кусте - приближение"
Красная Таловка,48.8449,39.8423,foreign,2022-02-24,,,Луганская область,yes,украинские хроники и пресса: документа уровня ООН или Европейского суда по правам человека на эту дату нет,"пограничное село севернее Станицы Луганской: в 2014-2015 годах осталось под контролем Украины, занято в первый день вторжения 2022 года"
Краснодон,48.2951,39.7297,foreign,2014-04-29,,,Луганская область,yes,украинские хроники и пресса: документа уровня ООН или Европейского суда по правам человека на эту дату нет,"сегодня Сорокино; день в источниках не назван, стоит дата ближайшего датированного события в этом же кусте - приближение"
Красный Луч,48.1351,38.9199,foreign,2014-05-02,,,Луганская область,yes,украинские хроники и пресса: документа уровня ООН или Европейского суда по правам человека на эту дату нет,сегодня Хрустальный; под контроль Украины не возвращался
Кременная,49.0463,38.2179,foreign,2022-04-18,,,Луганская область,yes,украинские хроники и пресса: документа уровня ООН или Европейского суда по правам человека на эту дату нет,"в 2014 году под контроль вооружённых формирований не переходила; занята 18.04.2022 - на снимке DeepStateMAP от 03.04.2022 город ещё украинский, на снимке от 30.04.2022 уже занят"
Лисичанск,48.9173,38.4286,foreign,2014-05-22,2014-07-24,,Луганская область,yes,украинские хроники и пресса: документа уровня ООН или Европейского суда по правам человека на эту дату нет,сто два дня под вооружёнными формированиями
Луганск,48.5717,39.2973,foreign,2014-04-06,,,Луганская область,yes,"Европейский суд по правам человека, «Украина и Нидерланды против России» (№ 8019/16, 43800/14 и 28525/20), решение Большой палаты о приемлемости от 30.11.2022, § 50, 56","06.04.2014 занято здание областного управления Службы безопасности Украины, 27.04 объявлена «ЛНР», 29.04 захвачено здание областной администрации"
Луганский аэропорт,48.4175,39.3739,foreign,2014-09-01,,,Луганская область,yes,украинские хроники и пресса: документа уровня ООН или Европейского суда по правам человека на эту дату нет,"оборона держалась с апреля 2014 года, последний день - 31.08.2014, аэропорт оставлен в ночь на 1 сентября. Координаты поставлены вручную: в OpenStreetMap объект как населённый пункт не ищется"
Лутугино,48.4008,39.1981,foreign,2014-05-02,,,Луганская область,yes,украинские хроники и пресса: документа уровня ООН или Европейского суда по правам человека на эту дату нет,"день в источниках не назван, стоит дата ближайшего датированного события в этом же кусте - приближение"
Марковка,49.5239,39.5682,foreign,2022-02-24,,,Луганская область,yes,"DeepStateMAP, снимок 03.04.2022 (первый день посуточного слоя)","приграничный пункт, занят в первый день вторжения"
Меловое,49.3801,40.1255,foreign,2022-02-24,,,Луганская область,yes,"DeepStateMAP, снимок 03.04.2022 (первый день посуточного слоя)","приграничный пункт, занят в первый день вторжения"
Новоайдар,48.9596,38.9938,foreign,,,2014-05-11:empire;2014-05-14:foreign;2022-02-25:empire,Луганская область,yes,украинские хроники и пресса: документа уровня ООН или Европейского суда по правам человека на эту дату нет,"в 2014 году оккупация длилась три дня; в 2022 году занят в первые дни вторжения, на снимке DeepStateMAP от 03.04.2022 - занят"
Первомайск,48.6252,38.5373,foreign,2014-05-02,,,Луганская область,yes,украинские хроники и пресса: документа уровня ООН или Европейского суда по правам человека на эту дату нет,под контроль Украины не возвращался
Перевальск,48.4374,38.8078,foreign,2014-06-01,,,Луганская область,yes,украинские хроники и пресса: документа уровня ООН или Европейского суда по правам человека на эту дату нет,источники дают «начало июня 2014 года»
Попасная,48.6323,38.3777,foreign,2014-05-02,2014-07-22,,Луганская область,yes,украинские хроники и пресса: документа уровня ООН или Европейского суда по правам человека на эту дату нет,"дата захвата: день в источниках не назван, стоит дата ближайшего датированного события в этом же кусте - приближение; операция за город шла 18-22.07.2014"
Ровеньки,48.0898,39.3680,foreign,2014-05-02,,,Луганская область,yes,украинские хроники и пресса: документа уровня ООН или Европейского суда по правам человека на эту дату нет,источники расходятся: 07.04.2014 (административная дата) или май 2014 года
Рубежное,49.0329,38.3726,foreign,,,2014-05-22:empire;2014-07-21:foreign;2022-03-16:empire,Луганская область,yes,"DeepStateMAP, снимок 03.04.2022 (первый день посуточного слоя)","дата захвата 2014 года: день в источниках не назван, стоит дата ближайшего датированного события в этом же кусте - приближение. В 2022 году источники дают середину марта, на снимке DeepStateMAP от 03.04.2022 город занят"
Сватово,49.4177,38.1457,foreign,2022-03-06,,,Луганская область,yes,"DeepStateMAP, снимок 03.04.2022 (первый день посуточного слоя)","в 2014 году не переходил; дата 2022 года - приближение по окну первых дней вторжения, точного числа в источниках нет, на снимке от 03.04.2022 занят"
Свердловск,48.0811,39.6426,foreign,2014-05-02,,,Луганская область,yes,украинские хроники и пресса: документа уровня ООН или Европейского суда по правам человека на эту дату нет,"сегодня Довжанск; день в источниках не назван, стоит дата ближайшего датированного события в этом же кусте - приближение"
Северодонецк,48.9479,38.4936,foreign,2014-05-22,2014-07-22,,Луганская область,yes,украинские хроники и пресса: документа уровня ООН или Европейского суда по правам человека на эту дату нет,
Славяносербск,48.6947,38.9863,foreign,2014-05-02,,,Луганская область,yes,украинские хроники и пресса: документа уровня ООН или Европейского суда по правам человека на эту дату нет,"день в источниках не назван, стоит дата ближайшего датированного события в этом же кусте - приближение"
Станица Луганская,48.6430,39.4957,foreign,,,2014-04-16:empire;2014-06-14:foreign;2022-02-24:empire,Луганская область,yes,украинские хроники и пресса: документа уровня ООН или Европейского суда по правам человека на эту дату нет,"хронология «маятниковая»: первый вход украинских войск 14.06.2014, окончательно закрепились к 21.08.2014"
Станично-Луганское село,48.6519,39.5350,foreign,2022-02-24,,,Луганская область,yes,украинские хроники и пресса: документа уровня ООН или Европейского суда по правам человека на эту дату нет,село Валуйское под Станицей Луганской; в 2014-2015 годах под контролем Украины
Старобельск,49.2822,38.8974,foreign,2022-02-25,,,Луганская область,yes,"DeepStateMAP, снимок 03.04.2022 (первый день посуточного слоя)",то же приближение
Стаханов,48.5596,38.6500,foreign,2014-05-02,,,Луганская область,yes,украинские хроники и пресса: документа уровня ООН или Европейского суда по правам человека на эту дату нет,"сегодня Кадиевка; источники дают окно 28.04-02.05.2014, под контроль Украины город больше не возвращался"
Счастье,48.7453,39.1711,foreign,,,2014-04-16:empire;2014-06-14:foreign;2022-02-24:empire,Луганская область,yes,украинские хроники и пресса: документа уровня ООН или Европейского суда по правам человека на эту дату нет,"дата захвата 2014 года: день в источниках не назван, стоит дата ближайшего датированного события в этом же кусте - приближение"
Троицкое,49.9074,38.2868,foreign,2022-03-01,,,Луганская область,yes,"DeepStateMAP, снимок 03.04.2022 (первый день посуточного слоя)",то же приближение
Червонопартизанск,48.0762,39.7736,foreign,2014-08-07,,,Луганская область,yes,украинские хроники и пресса: документа уровня ООН или Европейского суда по правам человека на эту дату нет,"сегодня Вознесеновка; пограничный пункт пропуска, утрачен в том же августовском вторжении"
Ахтырка,50.3115,34.8869,foreign,,,,"Украина, вне зоны занятия",yes,украинские хроники и пресса: документа уровня ООН или Европейского суда по правам человека на эту дату нет,атака 24.02.2022 отбита
Барвенково,48.9030,37.0246,foreign,,,,"Украина, вне зоны занятия",yes,опорная точка: пункт под контролем Украины весь период слоя,
Белая Церковь,49.7970,30.1158,foreign,,,,"Украина, вне зоны занятия",yes,опорная точка: пункт под контролем Украины весь период слоя,
Бровары,50.5111,30.7900,foreign,,,,"Украина, вне зоны занятия",yes,опорная точка: пункт под контролем Украины весь период слоя,
Васильков,50.1781,30.3175,foreign,,,,"Украина, вне зоны занятия",yes,опорная точка: пункт под контролем Украины весь период слоя,
Великая Новосёлка,47.8437,36.8396,foreign,,,,"Украина, вне зоны занятия",yes,украинские хроники и пресса: документа уровня ООН или Европейского суда по правам человека на эту дату нет,"на снимке DeepStateMAP от 03.04.2022 пункт закрашен занятым, но украинский контроль там держался до 2025 года - расхождение записано, за якорем оставлена украинская сторона"
Винница,49.2320,28.4680,foreign,,,,"Украина, вне зоны занятия",yes,опорная точка: пункт под контролем Украины весь период слоя,
Вознесенск,47.5680,31.3339,foreign,,,,"Украина, вне зоны занятия",yes,украинские хроники и пресса: документа уровня ООН или Европейского суда по правам человека на эту дату нет,атака 2-9 марта 2022 года отбита
Вышгород,50.5824,30.4851,foreign,,,,"Украина, вне зоны занятия",yes,опорная точка: пункт под контролем Украины весь период слоя,
Гуляйполе,47.6655,36.2657,foreign,,,,"Украина, вне зоны занятия",yes,украинские хроники и пресса: документа уровня ООН или Европейского суда по правам человека на эту дату нет,"российские подразделения входили 05.03.2022, были выбиты; на снимке DeepStateMAP от 03.04.2022 город украинский"
Днепр,49.6243,31.6667,foreign,,,,"Украина, вне зоны занятия",yes,опорная точка: пункт под контролем Украины весь период слоя,
Житомир,50.2601,28.6696,foreign,,,,"Украина, вне зоны занятия",yes,опорная точка: пункт под контролем Украины весь период слоя,
Запорожье,47.8508,35.1183,foreign,,,,"Украина, вне зоны занятия",yes,опорная точка: пункт под контролем Украины весь период слоя,
Ивано-Франковск,48.9225,24.7103,foreign,,,,"Украина, вне зоны занятия",yes,опорная точка: пункт под контролем Украины весь период слоя,
Ичня,50.8623,32.3910,foreign,,,,"Украина, вне зоны занятия",yes,опорная точка: пункт под контролем Украины весь период слоя,
Киев,50.4500,30.5241,foreign,,,,"Украина, вне зоны занятия",yes,опорная точка: пункт под контролем Украины весь период слоя,
Козелец,50.9161,31.1168,foreign,,,,"Украина, вне зоны занятия",yes,опорная точка: пункт под контролем Украины весь период слоя,
Коростень,50.9491,28.6418,foreign,,,,"Украина, вне зоны занятия",yes,опорная точка: пункт под контролем Украины весь период слоя,
Кременчуг,49.0929,33.4308,foreign,,,,"Украина, вне зоны занятия",yes,опорная точка: пункт под контролем Украины весь период слоя,
Кривой Рог,47.9103,33.3918,foreign,,,,"Украина, вне зоны занятия",yes,опорная точка: пункт под контролем Украины весь период слоя,
Кропивницкий,48.5106,32.2656,foreign,,,,"Украина, вне зоны занятия",yes,опорная точка: пункт под контролем Украины весь период слоя,
Лебедин,50.5810,34.4753,foreign,,,,"Украина, вне зоны занятия",yes,опорная точка: пункт под контролем Украины весь период слоя,
Лозовая,48.8842,36.3160,foreign,,,,"Украина, вне зоны занятия",yes,опорная точка: пункт под контролем Украины весь период слоя,
Луцк,50.7451,25.3201,foreign,,,,"Украина, вне зоны занятия",yes,опорная точка: пункт под контролем Украины весь период слоя,
Львов,49.8420,24.0316,foreign,,,,"Украина, вне зоны занятия",yes,опорная точка: пункт под контролем Украины весь период слоя,
Нежин,51.0465,31.8806,foreign,,,,"Украина, вне зоны занятия",yes,опорная точка: пункт под контролем Украины весь период слоя,
Николаев,46.9759,31.9940,foreign,,,,"Украина, вне зоны занятия",yes,опорная точка: пункт под контролем Украины весь период слоя,
Никополь,47.5692,34.3917,foreign,,,,"Украина, вне зоны занятия",yes,опорная точка: пункт под контролем Украины весь период слоя,
Обухов,50.1102,30.6270,foreign,,,,"Украина, вне зоны занятия",yes,опорная точка: пункт под контролем Украины весь период слоя,
Овруч,51.3260,28.8027,foreign,,,,"Украина, вне зоны занятия",yes,опорная точка: пункт под контролем Украины весь период слоя,
Одесса,46.4843,30.7323,foreign,,,,"Украина, вне зоны занятия",yes,опорная точка: пункт под контролем Украины весь период слоя,
Орехов,47.5754,35.7855,foreign,,,,"Украина, вне зоны занятия",yes,опорная точка: пункт под контролем Украины весь период слоя,
Павлоград,48.5317,35.8704,foreign,,,,"Украина, вне зоны занятия",yes,опорная точка: пункт под контролем Украины весь период слоя,
Полтава,49.5897,34.5508,foreign,,,,"Украина, вне зоны занятия",yes,опорная точка: пункт под контролем Украины весь период слоя,
Прилуки,50.5951,32.3867,foreign,,,,"Украина, вне зоны занятия",yes,опорная точка: пункт под контролем Украины весь период слоя,
Ровно,50.6196,26.2513,foreign,,,,"Украина, вне зоны занятия",yes,опорная точка: пункт под контролем Украины весь период слоя,
Ромны,50.7421,33.4877,foreign,,,,"Украина, вне зоны занятия",yes,опорная точка: пункт под контролем Украины весь период слоя,
Сумы,50.9120,34.8028,foreign,,,,"Украина, вне зоны занятия",yes,украинские хроники и пресса: документа уровня ООН или Европейского суда по правам человека на эту дату нет,"бои на окраинах 24-26.02.2022, город удержан"
Тернополь,49.5558,25.5924,foreign,,,,"Украина, вне зоны занятия",yes,опорная точка: пункт под контролем Украины весь период слоя,
Ужгород,48.6224,22.3023,foreign,,,,"Украина, вне зоны занятия",yes,опорная точка: пункт под контролем Украины весь период слоя,
Умань,48.7498,30.2203,foreign,,,,"Украина, вне зоны занятия",yes,опорная точка: пункт под контролем Украины весь период слоя,
Харьков,49.9923,36.2310,foreign,,,,"Украина, вне зоны занятия",yes,украинские хроники и пресса: документа уровня ООН или Европейского суда по правам человека на эту дату нет,"здание областной администрации занимали 6-8 апреля 2014 года, контроля это не дало; в 2022 году город не занят"
Хмельницкий,49.4196,26.9794,foreign,,,,"Украина, вне зоны занятия",yes,опорная точка: пункт под контролем Украины весь период слоя,
Черкассы,49.4447,32.0588,foreign,,,,"Украина, вне зоны занятия",yes,опорная точка: пункт под контролем Украины весь период слоя,
Чернигов,51.4941,31.2943,foreign,,,,"Украина, вне зоны занятия",yes,украинские хроники и пресса: документа уровня ООН или Европейского суда по правам человека на эту дату нет,"город был окружён с 26.02.2022, но занят не был"
Шостка,51.8644,33.4729,foreign,,,,"Украина, вне зоны занятия",yes,украинские хроники и пресса: документа уровня ООН или Европейского суда по правам человека на эту дату нет,"город был отрезан, но не занят"
Азов,47.1139,39.4260,empire,,,,по ту сторону границы,yes,"опорная точка: территория самой империи, сторона не менялась","в показ не идёт - лежит вне рамки театра; нужен, чтобы линия у границы не провисала внутрь Украины"
Белгород,50.5956,36.5873,empire,,,,по ту сторону границы,yes,"опорная точка: территория самой империи, сторона не менялась","в показ не идёт - лежит вне рамки театра; нужен, чтобы линия у границы не провисала внутрь Украины"
Богучар,49.9324,40.5545,empire,,,,по ту сторону границы,yes,"опорная точка: территория самой империи, сторона не менялась","в показ не идёт - лежит вне рамки театра; нужен, чтобы линия у границы не провисала внутрь Украины"
Брянск,53.2424,34.3668,empire,,,,по ту сторону границы,yes,"опорная точка: территория самой империи, сторона не менялась","в показ не идёт - лежит вне рамки театра; нужен, чтобы линия у границы не провисала внутрь Украины"
Брянск-запад,52.5853,32.7603,empire,,,,по ту сторону границы,yes,"опорная точка: территория самой империи, сторона не менялась","в показ не идёт - лежит вне рамки театра; нужен, чтобы линия у границы не провисала внутрь Украины"
Валуйки,50.2113,38.1002,empire,,,,по ту сторону границы,yes,"опорная точка: территория самой империи, сторона не менялась","в показ не идёт - лежит вне рамки театра; нужен, чтобы линия у границы не провисала внутрь Украины"
Воронеж,51.6606,39.2006,empire,,,,по ту сторону границы,yes,"опорная точка: территория самой империи, сторона не менялась","в показ не идёт - лежит вне рамки театра; нужен, чтобы линия у границы не провисала внутрь Украины"
Гуково,48.0460,39.9487,empire,,,,по ту сторону границы,yes,"опорная точка: территория самой империи, сторона не менялась","в показ не идёт - лежит вне рамки театра; нужен, чтобы линия у границы не провисала внутрь Украины"
Донецк (Ростовская обл.),48.3383,39.9509,empire,,,,по ту сторону границы,yes,"опорная точка: территория самой империи, сторона не менялась","в показ не идёт - лежит вне рамки театра; нужен, чтобы линия у границы не провисала внутрь Украины"
Каменск-Шахтинский,48.2755,40.2318,empire,,,,по ту сторону границы,yes,"опорная точка: территория самой империи, сторона не менялась","в показ не идёт - лежит вне рамки театра; нужен, чтобы линия у границы не провисала внутрь Украины"
Курск,51.7270,36.1922,empire,,,,по ту сторону границы,yes,"опорная точка: территория самой империи, сторона не менялась","в показ не идёт - лежит вне рамки театра; нужен, чтобы линия у границы не провисала внутрь Украины"
Миллерово,48.9196,40.3919,empire,,,,по ту сторону границы,yes,"опорная точка: территория самой империи, сторона не менялась","в показ не идёт - лежит вне рамки театра; нужен, чтобы линия у границы не провисала внутрь Украины"
Новозыбков,52.5365,31.9335,empire,,,,по ту сторону границы,yes,"опорная точка: территория самой империи, сторона не менялась","в показ не идёт - лежит вне рамки театра; нужен, чтобы линия у границы не провисала внутрь Украины"
Новошахтинск,47.7963,39.8936,empire,,,,по ту сторону границы,yes,"опорная точка: территория самой империи, сторона не менялась","в показ не идёт - лежит вне рамки театра; нужен, чтобы линия у границы не провисала внутрь Украины"
Россошь,50.1983,39.5630,empire,,,,по ту сторону границы,yes,"опорная точка: территория самой империи, сторона не менялась","в показ не идёт - лежит вне рамки театра; нужен, чтобы линия у границы не провисала внутрь Украины"
Ростов-на-Дону,47.2223,39.7199,empire,,,,по ту сторону границы,yes,"опорная точка: территория самой империи, сторона не менялась","в показ не идёт - лежит вне рамки театра; нужен, чтобы линия у границы не провисала внутрь Украины"
Рыльск,51.5705,34.6835,empire,,,,по ту сторону границы,yes,"опорная точка: территория самой империи, сторона не менялась","в показ не идёт - лежит вне рамки театра; нужен, чтобы линия у границы не провисала внутрь Украины"
Таганрог,47.2155,38.9284,empire,,,,по ту сторону границы,yes,"опорная точка: территория самой империи, сторона не менялась","в показ не идёт - лежит вне рамки театра; нужен, чтобы линия у границы не провисала внутрь Украины"
Шахты,47.7095,40.2155,empire,,,,по ту сторону границы,yes,"опорная точка: территория самой империи, сторона не менялась","в показ не идёт - лежит вне рамки театра; нужен, чтобы линия у границы не провисала внутрь Украины"
Балаклея,49.4521,36.8398,foreign,2022-03-03,,,"север и северо-восток, 2022",yes,сводки Института изучения войны (ISW) и украинские официальные сообщения,часть источников даёт 04.03.2022
Бородянка,50.6438,29.9278,foreign,2022-02-26,2022-04-01,,"север и северо-восток, 2022",yes,сводки Института изучения войны (ISW) и украинские официальные сообщения,
Буча,50.5503,30.2107,foreign,2022-02-27,2022-03-31,,"север и северо-восток, 2022",yes,сводки Института изучения войны (ISW) и украинские официальные сообщения,дату полного занятия источники дают в диапазоне 27.02-12.03.2022
Волчанск,50.2929,36.9370,foreign,2022-02-24,,,"север и северо-восток, 2022",yes,сводки Института изучения войны (ISW) и украинские официальные сообщения,"приграничный город, занят в первый день; точного числа источники не дают"
Глухов,51.6783,33.9093,foreign,2022-02-25,2022-04-02,,"север и северо-восток, 2022",yes,сводки Института изучения войны (ISW) и украинские официальные сообщения,то же
Гостомель,50.5883,30.2591,foreign,2022-02-24,2022-04-01,,"север и северо-восток, 2022",yes,сводки Института изучения войны (ISW) и украинские официальные сообщения,бой за аэродром «Антонов» в первый день вторжения; 02.04.2022 Киевская область объявлена освобождённой
Дымер,50.7864,30.3039,foreign,2022-02-25,2022-04-01,,"север и северо-восток, 2022",yes,сводки Института изучения войны (ISW) и украинские официальные сообщения,
Иванков,50.9330,29.9043,foreign,2022-02-25,2022-04-01,,"север и северо-восток, 2022",yes,сводки Института изучения войны (ISW) и украинские официальные сообщения,
Изюм,49.1913,37.2784,foreign,2022-04-01,,,"север и северо-восток, 2022",yes,сводки Института изучения войны (ISW) и украинские официальные сообщения,"заявления о взятии города звучали с середины марта, Институт изучения войны их опровергал; полный контроль источники относят к 01.04.2022"
Конотоп,51.2397,33.2067,foreign,2022-02-25,2022-04-02,,"север и северо-восток, 2022",yes,сводки Института изучения войны (ISW) и украинские официальные сообщения,"вывод войск из Сумской области завершился в первых числах апреля; на снимке DeepStateMAP от 03.04.2022 область свободна, поэтому окно закрывается 02.04.2022"
Купянск,49.7133,37.6142,foreign,2022-02-27,,,"север и северо-восток, 2022",yes,сводки Института изучения войны (ISW) и украинские официальные сообщения,город оставался занятым до сентября 2022 года - за пределами окна слоя
Макаров,50.4640,29.8069,foreign,2022-02-27,2022-03-25,,"север и северо-восток, 2022",yes,сводки Института изучения войны (ISW) и украинские официальные сообщения,источники сильно расходятся: от 03.03 до 25.03.2022
Славутич,51.5201,30.7562,foreign,2022-03-27,2022-03-31,,"север и северо-восток, 2022",yes,сводки Института изучения войны (ISW) и украинские официальные сообщения,город был в осаде с 18.03.2022
Тростянец,50.4805,34.9647,foreign,2022-03-01,2022-03-26,,"север и северо-восток, 2022",yes,сводки Института изучения войны (ISW) и украинские официальные сообщения,"один из первых городов, возвращённых под контроль Украины"
Чернобыль,51.2705,30.2196,foreign,2022-02-24,2022-03-31,,"север и северо-восток, 2022",yes,сводки Института изучения войны (ISW) и украинские официальные сообщения,"зона Чернобыльской АЭС занята в первый день вторжения, оставлена 31.03.2022"
Кишинёв,47.0245,28.8323,foreign,,,,соседи,yes,опорная точка: держит поле от расползания на запад,
Люблин,51.2506,22.5701,foreign,,,,соседи,yes,опорная точка: держит поле от расползания на запад,
Яссы,47.1616,27.5838,foreign,,,,соседи,yes,опорная точка: держит поле от расползания на запад,
Белозёрка,46.6308,32.4454,foreign,2022-03-01,,,"юг, 2022",yes,"DeepStateMAP, снимок 03.04.2022 (первый день посуточного слоя)","даты в источниках нет, идёт за Херсоном"
Бердянск,46.7557,36.7888,foreign,2022-02-27,,,"юг, 2022",yes,сводки Института изучения войны (ISW) и украинские официальные сообщения,"порт и аэродром заняты 26.02.2022, о полном контроле объявлено 27.02.2022"
Берислав,46.8358,33.4167,foreign,2022-03-01,,,"юг, 2022",yes,сводки Института изучения войны (ISW) и украинские официальные сообщения,"источники дают только месяц - день в источниках не назван, стоит дата ближайшего датированного события в этом же кусте - приближение"
Василевка,47.4432,35.2803,foreign,2022-03-01,,,"юг, 2022",yes,сводки Института изучения войны (ISW) и украинские официальные сообщения,"источники дают «начало марта» - день в источниках не назван, стоит дата ближайшего датированного события в этом же кусте - приближение"
Геническ,46.1662,34.8089,foreign,2022-02-24,,,"юг, 2022",yes,сводки Института изучения войны (ISW) и украинские официальные сообщения,первый занятый город: колонны от Перекопа прошли его в первый день
Гола Пристань,46.5320,32.5345,foreign,2022-03-01,,,"юг, 2022",yes,"DeepStateMAP, снимок 03.04.2022 (первый день посуточного слоя)",даты в источниках нет; на снимке DeepStateMAP от 03.04.2022 занята
Днепрорудное,47.3899,35.0028,foreign,2022-03-01,,,"юг, 2022",yes,"DeepStateMAP, снимок 03.04.2022 (первый день посуточного слоя)",то же приближение
Каховка,46.8055,33.4818,foreign,2022-02-26,,,"юг, 2022",yes,сводки Института изучения войны (ISW) и украинские официальные сообщения,
Мелитополь,46.8467,35.3827,foreign,2022-02-26,,,"юг, 2022",yes,сводки Института изучения войны (ISW) и украинские официальные сообщения,часть источников даёт 25.02.2022 - расхождение в один день
Новая Каховка,46.7583,33.3567,foreign,2022-02-25,,,"юг, 2022",yes,сводки Института изучения войны (ISW) и украинские официальные сообщения,"плотина Каховской ГЭС занята 24.02.2022, сам город - 25.02.2022"
Олешки,46.6261,32.7220,foreign,2022-02-27,,,"юг, 2022",yes,"DeepStateMAP, снимок 03.04.2022 (первый день посуточного слоя)","даты в источниках нет; левый берег напротив Херсона занят раньше самого города, на снимке от 03.04.2022 занят"
Пологи,47.4785,36.2531,foreign,2022-03-03,,,"юг, 2022",yes,сводки Института изучения войны (ISW) и украинские официальные сообщения,вошли 3 марта после боя с территориальной обороной
Приморск,46.7343,36.3472,foreign,2022-02-27,,,"юг, 2022",yes,"DeepStateMAP, снимок 03.04.2022 (первый день посуточного слоя)",идёт за Бердянском
Скадовск,46.1204,32.9103,foreign,2022-03-01,,,"юг, 2022",yes,сводки Института изучения войны (ISW) и украинские официальные сообщения,"источники дают только месяц - день в источниках не назван, стоит дата ближайшего датированного события в этом же кусте - приближение"
Снигирёвка,47.0707,32.7925,foreign,2022-03-19,,,"юг, 2022",yes,"DeepStateMAP, снимок 03.04.2022 (первый день посуточного слоя)",точной даты в источниках нет; на снимке DeepStateMAP от 03.04.2022 занята
Токмак,47.2550,35.7092,foreign,2022-03-01,,,"юг, 2022",yes,сводки Института изучения войны (ISW) и украинские официальные сообщения,"источники дают «начало марта» - день в источниках не назван, стоит дата ближайшего датированного события в этом же кусте - приближение"
Херсон,46.6401,32.6144,foreign,2022-03-01,,,"юг, 2022",yes,сводки Института изучения войны (ISW) и украинские официальные сообщения,"РАСХОЖДЕНИЕ: 1 марта 2022 года российские войска вошли в город и в бою с территориальной обороной сломили сопротивление, 2 марта заняли здание горсовета - мэр Игорь Колыхаев сообщил, что в здание вошли российские офицеры, а министерство обороны России заявило о «полном контроле». Карта идёт по контролю на местности, поэтому стоит 1 марта; дата занятия горсовета - 2 марта"
Чаплинка,46.3618,33.5380,foreign,2022-02-25,,,"юг, 2022",yes,сводки Института изучения войны (ISW) и украинские официальные сообщения,"отдельной даты в источниках нет; через район шли колонны от Перекопа, дата взята по Новой Каховке - приближение"
Чернобаевка,46.6927,32.5455,foreign,2022-02-27,,,"юг, 2022",yes,сводки Института изучения войны (ISW) и украинские официальные сообщения,аэродром под Херсоном занят раньше города
Энергодар,47.4901,34.6603,foreign,2022-03-04,,,"юг, 2022",yes,сводки Института изучения войны (ISW) и украинские официальные сообщения,вместе с Запорожской АЭС - первый в истории захват действующей атомной станции в ходе боевых действий
