acquisition,date,act,city,lat,lon,expect_in_empire,source,note
Новгородская земля,1470-01-01,до капитуляции Новгорода 15.01.1478,Великий Новгород,58.521,31.271,no,"Атлас російського імперіалізму і колоніалізму (УІФ, 2026), розд. 2 і 4-5",негативная проверка: до 1478 это другой субъект - Новгородская республика со своим типом колониализма; вассалом Москвы она стала после Шелони 14.07.1471 но красным её не красим
Новгородская земля,1480-01-01,капитуляция Новгорода 15.01.1478,Великий Новгород,58.521,31.271,yes,ПСРЛ т. 25; ПСРЛ т. 4,первый акт империализма по атласу УІФ: республика ликвидирована владения отошли Москве
Двинская земля (Заволочье),1470-01-01,до капитуляции Новгорода 15.01.1478,Холмогоры,64.226,41.667,no,"Атлас УІФ, розд. 5, п. 10",негативная проверка: дальняя новгородская волость
Двинская земля (Заволочье),1480-01-01,капитуляция Новгорода 15.01.1478,Холмогоры,64.226,41.667,yes,"ПСРЛ т. 25; Атлас УІФ, розд. 5, п. 10",Заволочье приближено Архангельской областью
Вологда и Заозерье,1460-01-01,до Коростынского договора 11.08.1471,Вологда,59.220,39.891,no,"Атлас УІФ, розд. 5, п. 4-5",негативная проверка: по договору 1456 г. Вологда числилась новгородской
Вологда и Заозерье,1475-01-01,Коростынский договор 11.08.1471,Вологда,59.220,39.891,yes,"Грамоты Великого Новгорода и Пскова (1949); Атлас УІФ, розд. 5, п. 4-5",проверка среза Шелони: Вологда красная за семь лет до самого Новгорода
Великое княжество Тверское,1480-01-01,до сдачи Твери 12.09.1485,Тверь,56.859,35.912,no,ПСРЛ т. 25,негативная проверка: независимое государство до 1485 г.
Великое княжество Тверское,1490-01-01,сдача Твери 12.09.1485,Тверь,56.859,35.912,yes,"ПСРЛ т. 25; Атлас УІФ, розд. 5, п. 18",
Вятская земля,1480-01-01,до похода на Хлынов 16.08.1489,Киров (Хлынов),58.604,49.668,no,"Атлас УІФ, розд. 5, п. 19",негативная проверка: с 1485 г. фактически самостоятельная республика
Вятская земля,1490-01-01,взятие Хлынова 16.08.1489,Киров (Хлынов),58.604,49.668,yes,"ПСРЛ т. 25; Атлас УІФ, розд. 5, п. 19",республиканское устройство ликвидировано верхушка выведена в 1490 г.
Псковская земля,1500-01-01,до 13.01.1510,Псков,57.819,28.332,no,ПСРЛ т. 5 (Псковские летописи),негативная проверка: Псков отделился от Новгорода мирно в 1348 г. и до 1510 г. был отдельной республикой
Псковская земля,1515-01-01,упразднение Псковской республики 13.01.1510,Псков,57.819,28.332,yes,ПСРЛ т. 5 (Псковские летописи),геометрия - контур Пскова из файла источника 1500 г.
Великое княжество Рязанское,1515-01-01,до присоединения 1521 г.,Рязань,54.629,39.736,no,ПСРЛ т. 8; ПСРЛ т. 13,негативная проверка: у источника Рязань отдельная фича и в 1492 и в 1500 г.
Великое княжество Рязанское,1525-01-01,присоединение Рязани 1521 (месяц условный),Рязань,54.629,39.736,yes,ПСРЛ т. 8; ПСРЛ т. 13,"источник в срезе 1530 г. отдаёт Рязань Ногайской орде - шум обзорного контура, приобретение его перекрывает"
Начало покрытия (рамка),1450-01-01,-,Москва,55.755,37.617,yes,"Атлас УІФ, розд. 3 «Піднесення Москви»",рамка: с 1450 г. карта обязана отвечать - раньше покрытие начиналось с 1500 г.
Начало покрытия (рамка),1450-01-01,-,Великий Новгород,58.521,31.271,no,"Атлас УІФ, розд. 2 «Новгородський тип колоніалізму»",рамка: на первом же срезе новгородская земля обязана быть чёрной
Казанское ханство,1540-06-01,до взятия Казани,Казань,55.796,49.106,no,Худяков М. Очерки по истории Казанского ханства,негативная проверка: до 1552 Казань не империя
Казанское ханство,1553-10-02,взятие Казани 02.10.1552,Казань,55.796,49.106,yes,ПСРЛ т. 13 (Никоновская летопись); Худяков М. Очерки по истории Казанского ханства,первое завоевание некоторого ханства - точка отсчёта колониальной экспансии
Астраханское ханство,1557-06-01,взятие Астрахани 1556,Астрахань,46.348,48.033,yes,ПСРЛ т. 13; Зайцев И.В. Астраханское ханство,выход на Каспий
Западная Сибирь,1588-06-01,основание Тобольска 1587 после похода Ермака 1582,Тобольск,58.199,68.254,yes,"Сибирские летописи (Есиповская, Ремезовская); Миллер Г.Ф. История Сибири","Сибирское ханство уничтожено, на Иртыше поставлен острог"
Ленский край,1633-06-01,Якутский острог 1632,Якутск,62.028,129.732,no,Миллер Г.Ф. История Сибири; ДАИ т. 2,"ОСТРОГ - НЕ ЗАХВАТ (решение куратора 28.08.2026). Якуты подняли семь антиколониальных восстаний, последнее 1683-1684; сам источник называет 1632 год УСЛОВНОЙ датой вхождения. Красное приходит с 1684 года, а на месте острога до того стоит точка слоя ostrog. Строка оставлена сторожем, чтобы дата снова не уехала на основание избы. Разбор - data/crosscheck/siberia_control_vs_act.md"
Охотское побережье,1648-06-01,Косой острожек (Охотск) 1647,Охотск,59.363,143.243,yes,Миллер Г.Ф. История Сибири; отписки И. Москвитина и С. Шелковникова,выход к Тихому океану
Левобережье,1655-06-01,Переяславская рада 08(18).01.1654,Чернигов,51.494,31.294,yes,Акты ЮЗР т. 10; Переяславские статьи 1654,вход Войска Запорожского в подданство
Урянхайский край (Тува),1660-06-01,до протектората 1914,Кызыл,51.719,94.438,no,Белоглазов А. Урянхайский вопрос,источник рисует Урянхай внутри Московского царства в срезах 1650 и 1700 - шум обзорного контура
Левобережье,1668-06-01,Андрусовское перемирие 30.01.1667,Полтава,49.589,34.551,yes,ПСЗРИ т. 1 № 398 (Андрусовское перемирие),Левобережье закреплено за Москвой
Киев,1687-06-01,Вечный мир с Речью Посполитой 06.05.1686,Киев,50.450,30.523,yes,ПСЗРИ т. 2 № 1186 (Вечный мир 1686),Киев уступлен Москве навсегда за 146 тыс. рублей
Урянхайский край (Тува),1710-06-01,до протектората 1914,Кызыл,51.719,94.438,no,Белоглазов А. Урянхайский вопрос,тот же шум источника в срезе 1700
Прибалтика (Лифляндия),1722-06-01,Ништадтский мир 30.08.1721,Рига,56.949,24.105,yes,ПСЗРИ т. 6 № 3819 (Ништадтский мир),"Лифляндия, Эстляндия, Ингрия, часть Карелии"
Прибалтика (Эстляндия),1722-06-01,Ништадтский мир 30.08.1721,Таллин,59.437,24.754,yes,ПСЗРИ т. 6 № 3819 (Ништадтский мир),Ревель
Камчатка,1732-06-01,походы В. Атласова 1697-1699; к 1731 империя обложила ительменов и коряков ясаком,Петропавловск-Камчатский,53.024,158.643,no,Крашенинников С.П. Описание земли Камчатки (1755),"ОСТРОГ - НЕ ЗАХВАТ (решение куратора 28.08.2026). Последнее выступление на полуострове - 1746 год, участников переловили к 1748-му; до того на Камчатке стоят только остроги точками. Строка оставлена сторожем. Разбор - data/crosscheck/siberia_control_vs_act.md"
Младший жуз,1732-06-01,присяга Абулхаира 19.02.1731,Уральск,51.233,51.367,no,"война Срыма Датова 1783-1797; Устав об оренбургских киргизах 1824","строка перевёрнута 28.08.2026: присяга хана управления степью не давала, красное приходит Уставом 1824 года"
Первый раздел Речи Посполитой,1773-06-01,конвенция о разделе 25.07(05.08).1772,Витебск,55.184,30.201,yes,ПСЗРИ т. 19 № 13850,"Полоцк, Витебск, Мстиславль, часть Инфлянтов"
Крым,1780-06-01,до манифеста 1783,Симферополь,44.952,34.102,no,Кючук-Кайнарджийский мир 1774: ханство формально независимо,негативная проверка
Крым,1784-06-01,манифест Екатерины II 08(19).04.1783,Симферополь,44.952,34.102,yes,ПСЗРИ т. 21 № 15708 (манифест о принятии Крыма),ликвидация Крымского ханства
Картли-Кахети (Грузия),1790-06-01,до манифеста 1801,Тбилиси,41.716,44.784,no,"Георгиевский трактат 1783 - протекторат, не присоединение",негативная проверка
Западная Грузия,1790-06-01,до присоединения Мегрелии (1803) и Имеретии (1810),Кутаиси,42.27,42.706,no,ПСЗРИ т. 31 № 24246,источник держал Западную Грузию в империи с 1783 - вычтено до Гюлистана
Второй раздел Речи Посполитой,1794-06-01,конвенция 12(23).01.1793,Минск,53.902,27.562,yes,ПСЗРИ т. 23 № 17108,"Минщина, Волынь, Подолье"
Третий раздел Речи Посполитой,1796-06-01,конвенция 13(24).10.1795,Вильнюс,54.687,25.280,yes,ПСЗРИ т. 23 № 17417,"Литва, Курляндия, Западная Волынь"
Финляндия,1800-06-01,до Фридрихсгама,Хельсинки,60.170,24.938,no,Швеция до 1809,негативная проверка
Русская Америка,1800-06-01,привилегии Российско-Американской компании 08(19).07.1799,Ситка,57.053,-135.330,yes,ПСЗРИ т. 25 № 19030 (привилегии РАК),Ново-Архангельск основан 1799
Правобережье Кубани (рамка не тронута),1800-06-01,переселение Черноморского казачьего войска на Кубань 1792,Екатеринодар,45.035,38.975,yes,ПСЗРИ т. 23 № 17055 (жалованная грамота Черноморскому войску 30.06.1792),проверка рамки Черкесии: правобережье вычитание не трогает
Картли-Кахети (Грузия),1802-06-01,манифест Александра I 12(24).09.1801,Тбилиси,41.716,44.784,yes,ПСЗРИ т. 26 № 20007 (манифест о присоединении Грузии); Георгиевский трактат 1783,"упразднение царства, введение имперского управления"
Царство Польское,1805-06-01,до Венского конгресса,Варшава,52.230,21.011,no,третий раздел 1795: Варшава отошла Пруссии,"негативная проверка: 1795-1806 Варшава прусская, 1807-1815 - Варшавское герцогство"
Финляндия,1810-06-01,Фридрихсгамский мир 05(17).09.1809,Хельсинки,60.170,24.938,yes,ПСЗРИ т. 30 № 23883 (Фридрихсгамский трактат); Боргоский сейм 1809,Великое княжество Финляндское
Бессарабия,1810-06-01,до Бухарестского мира,Кишинёв,47.011,28.863,no,Османская империя до 1812,негативная проверка
Бессарабия,1813-06-01,Бухарестский мир 16(28).05.1812,Кишинёв,47.011,28.863,yes,ПСЗРИ т. 32 № 25110 (Бухарестский трактат),земли между Прутом и Днестром
Западная Грузия,1814-06-01,"Мегрелия 1803, Имеретия и Гурия 1810, Абхазия 1810",Кутаиси,42.270,42.706,yes,ПСЗРИ т. 31 № 24246 (манифест о присоединении Имеретии 1810),череда просительных пунктов и упразднений
Гюлистан: Баку и Ширван,1814-06-01,Гюлистанский мир 12(24).10.1813,Баку,40.409,49.867,yes,ПСЗРИ т. 32 № 25466 (Гюлистанский трактат),"Персия отказалась от Бакинского, Ширванского, Карабахского, Гянджинского, Дербентского, Кубинского и Талышского ханств"
Гюлистан: Дербент,1814-06-01,Гюлистанский мир 12(24).10.1813,Дербент,42.058,48.290,yes,ПСЗРИ т. 32 № 25466,Дербентское ханство
Гюлистан: Гянджа,1814-06-01,взятие Гянджи 03.01.1804; Гюлистанский мир 1813,Гянджа,40.683,46.361,yes,АКАК т. 2 (реляции Цицианова); ПСЗРИ т. 32 № 25466,город переименован в Елисаветполь
Гюлистан: Карабах,1814-06-01,Кюрекчайский трактат 14.05.1805; Гюлистанский мир 1813,Шуша,39.755,46.751,yes,АКАК т. 2 № 1436 (Кюрекчайский трактат); ПСЗРИ т. 32 № 25466,вассальный переход Ибрагим-хана
Царство Польское,1816-06-01,"Венский конгресс, акт 03(15).05.1815; конституция 27.11.1815",Варшава,52.230,21.011,yes,ПСЗРИ т. 33 № 25842; заключительный акт Венского конгресса,личная уния с императором
Туркманчай: Эриванское ханство,1820-06-01,до Туркманчая,Ереван,40.183,44.514,no,Персия до 1828,негативная проверка: Гюлистан 1813 Эривань империи не дал
Адрианополь: Ахалцихский пашалык,1820-06-01,до Адрианополя,Ахалцихе,41.640,42.985,no,Османская империя до 1829,негативная проверка
Средний жуз,1823-06-01,присяга Абулмамбета 1740; Устав о сибирских киргизах 22.06.1822,Семипалатинск,50.411,80.227,yes,ПСЗРИ т. 38 № 29127 (Устав о сибирских киргизах),окружная система вместо ханской власти
Туркманчай: Эриванское ханство,1829-06-01,Туркманчайский мир 10(22).02.1828,Ереван,40.183,44.514,yes,ПСЗРИ (2-е собр.) т. 3 № 1794 (Туркманчайский трактат),Армянская область учреждена 21.03.1828
Туркманчай: Нахичеванское ханство,1829-06-01,Туркманчайский мир 10(22).02.1828,Нахичевань,39.209,45.412,yes,ПСЗРИ (2-е собр.) т. 3 № 1794,второе ханство по Туркманчаю
Адрианополь: Ахалцихский пашалык,1830-06-01,Адрианопольский мир 02(14).09.1829,Ахалцихе,41.640,42.985,yes,ПСЗРИ (2-е собр.) т. 4 № 3128 (Адрианопольский трактат),Ахалцихе и Ахалкалаки от Османской империи
Адрианополь: черноморское побережье,1830-06-01,Адрианопольский мир 02(14).09.1829,Поти,42.146,41.673,yes,ПСЗРИ (2-е собр.) т. 4 № 3128,побережье от Анапы до Св. Николая
Адрианополь: Анапа,1830-06-01,Адрианопольский мир 02(14).09.1829,Анапа,44.894,37.316,yes,ПСЗРИ (2-е собр.) т. 4 № 3128,крепости Анапа и Суджук-кале
Бессарабия,1830-06-01,Бухарестский мир 16(28).05.1812,Кишинёв,47.011,28.863,yes,ПСЗРИ т. 32 № 25110,сценарий куратора: попап по Кишинёву при 1830
Анапа и Суджук-кале (рамка не тронута),1830-06-01,Адрианопольский мир 02(14).09.1829,Анапа,44.894,37.316,yes,ПСЗРИ (2-е собр.) т. 4 № 3128,проверка рамки Черкесии: приобретение 1829 г. не срезано
Старший жуз,1840-06-01,до присяги старших жузов,Алматы,43.238,76.889,no,Кокандское влияние в Семиречье до 1850-х,негативная проверка
Чечня южнее Терека (война сопротивления),1840-06-01,"Гюлистанский мир 12(24).10.1813 - де-юре; контроля у империи нет, идёт война",Грозный,43.317,45.698,no,"наша база кампаний, домен нохчи: «Стеснение Чечни со всех сторон»: блокада, тайная война, карательные экспедиции и Сунженская линия (1840-1846) (C1165)",правка 19.08.2026: до неё карта красила Чечню имперской с 1783 г.; см. data/crosscheck/control_vs_act.csv
Терская линия (рамка не тронута),1840-06-01,"Кизлярская крепость 1735, станицы Терского казачьего войска",Кизляр,43.851,46.716,yes,"домен нохчи: Возведение укрепленных станиц, подселение казаков на границах и удержание заложников (1736-1740) (C1134)",проверка рамки: приtеречную полосу вычитание Чечни не трогает
Терская линия (рамка не тронута),1840-06-01,станица Наурская на Тереке,Наурская,43.678,45.386,yes,домен нохчи: C1134,проверка рамки по широте 43.5 градуса
Владикавказ (Ингушетию не правили),1840-06-01,крепость Владикавказ 1784,Владикавказ,43.030,44.680,yes,ПСЗРИ т. 22 № 16194,"войны за контроль над Ингушетией наша база не описывает - Ингушетию на карте не трогали, см. data/crosscheck/control_vs_act.csv"
Кумыкская плоскость (война сопротивления),1840-06-01,"Гюлистанский мир 12(24).10.1813 - де-юре; контроля у империи нет",Хасавюрт (Эндирей),43.251,46.587,no,"АКАК т. 9, обзор конца 1830-х: «Укрѣпленія, построенныя въ Кумыкской землѣ - Внезапная, Умахан-юртъ и Таш-кичу, не охраняли Кумыковъ отъ нападеній и не упрочивали сообщенія»","правка 29.08.2026: до неё карта красила плоскость с 1783 года"
Картли-Кахети (Грузия),1850-06-01,манифест Александра I 12(24).09.1801,Тбилиси,41.716,44.784,yes,ПСЗРИ т. 26 № 20007,"сценарий куратора: попап по Тбилиси при 1850 обязан говорить «в империи с 1801», а не с 1886"
Финляндия,1850-06-01,Фридрихсгамский мир 05(17).09.1809,Хельсинки,60.17,24.938,yes,ПСЗРИ т. 30 № 23883,сценарий куратора: попап по Хельсинки при 1850
Черкесия,1850-06-01,до окончания Кавказской войны,Сочи,43.585,39.723,no,АКАК т. 12,негативная проверка
Приамурье,1850-06-01,до Айгунского договора,Благовещенск,50.29,127.527,no,Нерчинский договор 1689,источник держал левобережье Амура в империи с 1815 - вычтено до Айгуна
Салатавия и Аух (война сопротивления),1850-06-01,"рамка горного Дагестана обрезана по 43.15°, эти земли севернее",Новолакское,43.197,46.357,no,"АКАК т. 12: участки Ауховский и Салатавский присоединены к Кумыкскому округу уже после падения имамата","часть имамата: наибства Салатавии и Ауха воевали до 1859 года"
Старший жуз,1855-06-01,принятие в подданство 1846-1848; укрепление Верное 1854,Алматы,43.238,76.889,yes,"Материалы по истории Казахской ССР; ЦГИА, дела Оренбургской пограничной комиссии",Заилийский край
Приморье,1855-06-01,до Айгуна и Пекина,Владивосток,43.116,131.883,no,Цинская империя по Нерчинскому договору 1689,негативная проверка
Чечня южнее Терека (война сопротивления),1855-06-01,до завоевания Чечни Евдокимовым,Ведено,42.964,46.078,no,"домен нохчи: «Ни пахать, ни сеять»: погром Чечни, организованный голод, перекупка элит и институты подчинения (1852-1857) (C1167)","столица имамата; негативная проверка, см. data/crosscheck/control_vs_act.csv"
Горный Дагестан (ядро имамата),1855-06-01,Гюлистанский мир 12(24).10.1813 - де-юре; идёт война имамата,Гуниб,42.388,46.914,no,"домен нохчи: C1169 - «имамат пал в 1859: в апреле войска взяли Ведено, в августе у дагестанского аула Гуниб сдался сам Шамиль»",сценарий куратора: Гуниб при 1855; см. data/crosscheck/control_vs_act.csv
Приморский Дагестан (рамка не тронута),1855-06-01,Гюлистанский мир 12(24).10.1813,Петровск (Махачкала),42.976,47.502,yes,ПСЗРИ т. 32 № 25466,проверка рамки горного Дагестана: приморскую полосу вычитание не трогает
Приамурье,1859-06-01,Айгунский договор 16(28).05.1858,Благовещенск,50.290,127.527,yes,Сборник договоров России с Китаем 1689-1881; Айгунский трактат,левобережье Амура
Ташкент,1860-06-01,до штурма 1865,Ташкент,41.311,69.240,no,Кокандское ханство до 1865,негативная проверка
Чечня южнее Терека,1860-06-01,"завоевание Чечни Евдокимовым (1857-1859), взятие Ведено в апреле 1859",Ведено,42.964,46.078,yes,домен нохчи: Просеки и голод: завоевание Чечни Евдокимовым (1857-1859) (C1168); падение Ведено датировано в C1169,контроль установлен - территория красная с 19.08.1859
Чечня южнее Терека,1860-06-01,завоевание Чечни Евдокимовым (1857-1859),Грозный,43.317,45.698,yes,домен нохчи: C1168,сценарий куратора: у Грозного при 1900 войны за контроль уже нет
Горный Дагестан (ядро имамата),1860-06-01,сдача имама Шамиля у аула Гуниб 25.08.1859,Гуниб,42.388,46.914,yes,домен нохчи: C1169,контроль установлен - территория красная с 25.08.1859
Черкесия: левобережье Кубани,1860-06-01,до окончания Кавказской войны,Майкоп,44.609,40.106,no,АКАК т. 12; Берже А.П. Выселение горцев с Кавказа,"правка 19.08.2026: приобретение 1864 г. в таблице было, но контур источника красил левобережье с 1783 г.; кампаний по черкесам в нашей базе нет - дату мы взяли из акта"
Кумыкская плоскость,1860-06-01,сдача имама Шамиля у аула Гуниб 25.08.1859,Хасавюрт (Эндирей),43.251,46.587,yes,"АКАК т. 12, док. 561, июль 1858: «Кумыкскій округъ образуется изъ Кумыковъ и Ногайцевъ, а со временемъ къ нему присоединятся и тѣ изъ прилежащихъ обществъ, которыя могутъ намъ покориться»","округ заработал после падения имамата, ранее приставство держалось на штыках"
Приморье,1861-06-01,Пекинский трактат 02(14).11.1860,Владивосток,43.116,131.883,yes,Сборник договоров России с Китаем 1689-1881; Пекинский трактат,Уссурийский край
Черкесия,1865-06-01,"окончание Кавказской войны, Кбаадэ 21.05.1864",Сочи,43.585,39.723,yes,АКАК т. 12; Берже А.П. Выселение горцев с Кавказа,"территория взята депортацией населения, а не договором"
Черкесия: левобережье Кубани,1865-06-01,"окончание Кавказской войны, парад в Кбаадэ 21.05.1864",Майкоп,44.609,40.106,yes,АКАК т. 12; Берже А.П. Выселение горцев с Кавказа,крепость Майкоп империя заложила в 1857 году - в воюющей стране
Ташкент,1866-06-01,штурм Ташкента Черняевым 15-17.06.1865,Ташкент,41.311,69.240,yes,Терентьев М.А. История завоевания Средней Азии т. 1,"Туркестанская область 1865, генерал-губернаторство 1867"
Самарканд,1866-06-01,до взятия 1868,Самарканд,39.654,66.960,no,Бухарский эмират до 1868,негативная проверка
Русская Америка,1866-06-01,привилегии РАК 08(19).07.1799,Ситка,57.053,-135.33,yes,ПСЗРИ т. 25 № 19030,до продажи точка обязана быть внутри
Русская Америка,1868-06-01,договор о продаже Аляски 18(30).03.1867,Ситка,57.053,-135.330,no,ПСЗРИ (2-е собр.) т. 42 № 44518 (конвенция об уступке Аляски),"проверка, что империя ушла: после 1867 точка обязана быть вне контура"
Самарканд,1869-06-01,взятие Самарканда 02.05.1868; договор с Бухарой 23.06.1868,Самарканд,39.654,66.960,yes,Терентьев М.А. История завоевания Средней Азии т. 1; текст мирного договора 1868,Зеравшанский округ; Бухара - протекторат
Батум,1870-06-01,до Берлинского трактата,Батуми,41.646,41.640,no,Османская империя до 1878,негативная проверка
Ташкент,1870-06-01,штурм Ташкента 15-17.06.1865,Ташкент,41.311,69.24,yes,Терентьев М.А. История завоевания Средней Азии т. 1,сценарий куратора: попап по Ташкенту при 1870
Хивинское ханство,1874-06-01,Гандемианский мирный договор 12(24).08.1873,Хива,41.378,60.364,yes,текст Гендемианского договора 1873; Терентьев М.А. т. 2,протекторат; правобережье Амударьи - прямо империи
Южный Сахалин,1876-06-01,Петербургский договор 25.04(07.05).1875,Корсаков,46.632,142.795,yes,текст Санкт-Петербургского договора 1875,обмен Курил на Сахалин
Кокандское ханство,1877-06-01,"упразднение ханства, Ферганская область 19.02.1876",Коканд,40.529,70.943,yes,ПСЗРИ (2-е собр.) т. 51 № 55613,аннексия после восстания 1875
Карс и Ардаган,1879-06-01,Берлинский трактат 01(13).07.1878,Карс,40.598,43.097,yes,ПСЗРИ (2-е собр.) т. 53 № 58785 (Берлинский трактат),Карсская область
Карс и Ардаган,1879-06-01,Берлинский трактат 01(13).07.1878,Ардаган,41.108,42.702,yes,ПСЗРИ (2-е собр.) т. 53 № 58785,Карсская область
Батум,1879-06-01,Берлинский трактат 01(13).07.1878,Батуми,41.646,41.640,yes,ПСЗРИ (2-е собр.) т. 53 № 58785,порто-франко до 1886
Мервский оазис,1880-06-01,до присяги 1884,Мары,37.594,61.833,no,независимые туркменские племена до 1884,негативная проверка
Приморье,1880-06-01,Пекинский трактат 02(14).11.1860,Владивосток,43.116,131.883,yes,Сборник договоров России с Китаем 1689-1881,сценарий куратора: попап по Владивостоку при 1880
Ташкент,1881-06-01,штурм Ташкента 15-17.06.1865,Ташкент,41.311,69.24,yes,Терентьев М.А. т. 1,проверка среза источника 1880
Картли-Кахети (Грузия),1881-06-01,манифест Александра I 12(24).09.1801,Тбилиси,41.716,44.784,yes,ПСЗРИ т. 26 № 20007,проверка среза источника 1880: у источника Закавказья в нём нет
Гюлистан: Баку и Ширван,1881-06-01,Гюлистанский мир 12(24).10.1813,Баку,40.409,49.867,yes,ПСЗРИ т. 32 № 25466,проверка среза источника 1880
Батум,1881-06-01,Берлинский трактат 01(13).07.1878,Батуми,41.646,41.64,yes,ПСЗРИ (2-е собр.) т. 53 № 58785,проверка среза источника 1880
Мервский оазис,1885-06-01,присяга мервских старшин 01(13).02.1884,Мары,37.594,61.833,yes,Терентьев М.А. История завоевания Средней Азии т. 3,империя дошла до последних туркменских оазисов после резни в Геок-Тепе 1881
Хивинское ханство,1890-06-01,Гандемианский договор 12(24).08.1873,Хива,41.378,60.364,yes,текст Гендемианского договора 1873,"протекторат: у CShapes его в контуре нет, добавлен нами"
Бухарский эмират,1890-06-01,договор с Бухарой 23.06(05.07).1868,Бухара,39.767,64.428,yes,текст договора 1868,"протекторат: у CShapes его в контуре нет, добавлен нами"
Памир,1896-06-01,русско-британское разграничение на Памире 27.02(11.03).1895,Хорог,37.489,71.551,yes,протоколы разграничительной комиссии 1895,последнее приобретение в Средней Азии
Урянхайский край (Тува),1910-06-01,до протектората,Кызыл,51.719,94.438,no,"Цинская империя, затем спорная территория",негативная проверка
Южный Сахалин,1910-06-01,Портсмутский мир 23.08(05.09).1905,Корсаков,46.632,142.795,no,текст Портсмутского договора 1905,"проверка, что империя ушла: юг Сахалина вернулся Японии"
Урянхайский край (Тува),1915-06-01,протекторат объявлен 04(17).04.1914,Кызыл,51.719,94.438,yes,телеграмма Николая II 04.04.1914; Белоглазов А. Урянхайский вопрос,Белоцарск основан 1914
Западная Украина,1939-06-01,до вторжения РККА (линия Рижского мира 18.03.1921),Львов,49.842,24.032,no,"Рижский мирный договор 18.03.1921, ст. II (data/sources/treaties/riga-peace-1921/border_description.md)","негативная проверка: до 17.09.1939 Львов польский, дыра между 1921 и 1940 годами закрыта 26.08.2026"
Западная Украина,1939-10-01,вторжение РККА в Польшу 17.09.1939 по секретному протоколу пакта Молотова-Риббентропа 23.08.1939,Львов,49.842,24.032,yes,секретный дополнительный протокол 23.08.1939; германо-советский договор о дружбе и границе 28.09.1939; закон ВС СССР от 01.11.1939,главная проверка пакта: до правки 26.08.2026 карта тянула линию Риги через весь 1939 год
Западная Беларусь,1939-10-01,вторжение РККА в Польшу 17.09.1939,Брест,52.098,23.734,yes,секретный дополнительный протокол 23.08.1939; закон ВС СССР от 02.11.1939,Брестская крепость передана вермахтом РККА 22.09.1939 (совместный парад Гудериана и Кривошеина)
Виленский край,1939-11-01,передан Литве договором о взаимопомощи 10.10.1939,Вильнюс,54.687,25.28,no,советско-литовский договор о взаимопомощи и передаче Вильно 10.10.1939,"негативная проверка: осенью 1939 Вильнюс литовский, не советский; трёхнедельная оккупация РККА 19.09-28.10.1939 в контур не заведена (показ бинарный)"
Литва (с Виленским краем),1940-08-01,"ультиматум 14.06.1940, ввод войск 15.06.1940, включение в СССР 03.08.1940",Вильнюс,54.687,25.28,yes,ультиматум СССР Литве 14.06.1940; закон ВС СССР от 03.08.1940,у CShapes Литва 1940 года нарисована БЕЗ Виленского края - добавлен курируемым куском
Латвия,1940-05-01,до ультиматума 16.06.1940,Рига,56.949,24.105,no,мирный договор РСФСР - Латвия 11.08.1920 (data/sources/treaties/riga-latvia-1920/),негативная проверка: до правки 26.08.2026 вся Балтия появлялась скачком 28.06.1940
Латвия,1940-08-01,"ультиматум 16.06.1940, ввод войск 17.06.1940, включение в СССР 05.08.1940",Рига,56.949,24.105,yes,ультиматум СССР Латвии 16.06.1940; закон ВС СССР от 05.08.1940,срез 15.06.1940 заведён 26.08.2026: Балтия отделена от Бессарабии
Бессарабия,1940-05-01,до ультиматума Румынии 26.06.1940,Кишинёв,47.011,28.858,no,Парижский протокол 28.10.1920 о признании присоединения Бессарабии к Румынии,негативная проверка: Бессарабия румынская 1918-1940
Бессарабия и Северная Буковина,1940-08-01,"ультиматум Румынии 26.06.1940, ввод войск 28.06.1940",Кишинёв,47.011,28.858,yes,п. 3 секретного протокола 23.08.1939; ультиматум СССР Румынии 26.06.1940,срез 28.06.1940 был и раньше; теперь на нём остались только Бессарабия и Буковина
Карельский перешеек,1940-02-01,идёт Зимняя война (30.11.1939 - 12.03.1940),Выборг,60.709,28.749,no,Тартуский мирный договор 14.10.1920 (data/sources/treaties/tartu-finland-1920/),"негативная проверка: во время самой Зимней войны Выборг ещё финский, взят 13.03.1940 после подписания мира"
Карельский перешеек,1940-05-01,Московский мирный договор с Финляндией 12.03.1940,Выборг,60.709,28.749,yes,Московский мирный договор 12.03.1940; Финляндия в советской сфере по п. 1 секретного протокола 23.08.1939,срез 12.03.1940 был и раньше; пересобран вместе с приобретением 1939 года
Закарпатье,1939-10-01,в 1939 венгерское (оккупация 15-18.03.1939),Ужгород,48.621,22.288,no,венгерско-словацкое перемирие 04.04.1939; Первый Венский арбитраж 02.11.1938,негативная проверка: раздел Польши 1939 года Закарпатья не касался
Закарпатье,1945-08-01,договор СССР - Чехословакия о Закарпатной Украине 29.06.1945,Ужгород,48.621,22.288,yes,договор между СССР и Чехословацкой Республикой о Закарпатной Украине 29.06.1945,срез 29.06.1945 заведён 26.08.2026; в том же контуре источника приходят Кёнигсберг (Потсдам 02.08.1945) и Петсамо
Белостокская область БССР,1939-10-01,вторжение РККА 17.09.1939; линия - Дополнительный протокол 04.10.1939,Белосток,53.132,23.169,yes,"Дополнительный протокол к германо-советскому договору о дружбе и границе 04.10.1939, разд. I (Ведомости ВС СССР 1940 № 10 (73); RGBl. 1940 II Nr. 1, S. 4 ff.); указ Президиума ВС СССР об образовании Белостокской области 04.12.1939",главная проверка западной границы 1939-1941: до правки 26.08.2026 линия шла по Западному Бугу и Белосток оставался чёрным
Белостокская область БССР,1946-01-01,договор о советско-польской государственной границе 16.08.1945,Белосток,53.132,23.169,no,договор между СССР и Польской Республикой о советско-польской государственной границе 16.08.1945,"негативная проверка: после войны Белосток вернулся Польше, окно куска закрыто 22.06.1941"
Белостокская область БССР,1939-10-01,вторжение РККА 17.09.1939; линия по Нареву и Писсе (протокол 04.10.1939),Ломжа,53.178,22.059,yes,"Дополнительный протокол 04.10.1939, разд. I, сегменты 13-15 (Писса - Нарев); Ломжа - районный центр Белостокской области БССР",проверка Наревского участка: линия идёт по Писсе и Нареву восточнее Остроленки
Белостокская область БССР,1939-10-01,вторжение РККА 17.09.1939; линия по Чёрной Ганьче и Волкушанке (протокол 04.10.1939),Августов,53.844,22.980,yes,"Дополнительный протокол 04.10.1939, разд. I, сегменты 2-9 (Щебра - СССР, Близна - Германия)",проверка Сувалкского участка с советской стороны линии
Сувалкский выступ (Германии),1939-10-01,отошёл Германии по договору о дружбе и границе 28.09.1939,Сувалки,54.099,22.928,no,"Дополнительный протокол 04.10.1939, разд. I, сегмент 9 (перекрёсток дорог Сувалки - Щебра II)",негативная проверка: Сувалки и Сейны в советскую сферу не входили - линия оставляла их Восточной Пруссии
Правобережье Сана,1939-10-01,вторжение РККА 17.09.1939; линия по Сану (протокол 04.10.1939),Медыка,49.805,22.928,yes,"Дополнительный протокол 04.10.1939, разд. I, сегмент 41 (вверх по Сану до истока)",проверка Санского участка: Медыка восточнее Сана - советская сторона линии
Левобережье Сана (Германии),1939-10-01,линия рассекла Перемышль по Сану (протокол 04.10.1939),Пшемысль-Засанье,49.794,22.753,no,"Дополнительный протокол 04.10.1939, разд. I, сегмент 41; Примечание 1 (на судоходных реках граница по середине главного фарватера)","негативная проверка: город разделён по Сану, левобережное Засанье - германское, правобережный Перемышль с Рынком и замком - советский"
Северщина 1503,1500-06-01,до Благовещенского перемирия 25.03.1503,Чернигов,51.494,31.289,no,"Атлас УІФ, розд. 6; Сборник РИО т. 35","негативная проверка: до 1503 года Чернигов литовский - у нас он краснел только с 08.01.1654, на 151 год позже"
Северщина 1503,1510-06-01,Благовещенское перемирие 25.03.1503,Чернигов,51.494,31.289,yes,"Сборник РИО т. 35 (посольские книги по связям с ВКЛ); ПСРЛ т. 8; Атлас УІФ, розд. 6",приобретение приближено Черниговской областью
Северщина 1503,1510-06-01,Благовещенское перемирие 25.03.1503,Стародуб,52.585,32.863,yes,"Сборник РИО т. 35; Атлас УІФ, розд. 6",приближено Брянской областью
Северщина 1503,1500-06-01,до Благовещенского перемирия 25.03.1503,Сумы (Посулье),50.907,34.799,no,"Атлас УІФ, розд. 6",негативная проверка по Сумщине
Смоленск 1514,1505-06-01,до взятия Смоленска 31.07.1514,Смоленск,54.782,32.045,no,"ПСРЛ т. 8; Атлас УІФ, розд. 7",негативная проверка: две осады 1513 года город выдержал
Смоленск 1514,1520-06-01,капитуляция смоленского гарнизона 31.07.1514,Смоленск,54.782,32.045,yes,"ПСРЛ т. 8; ПСРЛ т. 13; Атлас УІФ, розд. 7",до правки 26.08.2026 Смоленск появлялся скачком на срезе источника 1600 года
Смута: Смоленск у Речи Посполитой,1620-06-01,войско польского короля Сигизмунда III вошло в город 03.06.1611; уступка закреплена Деулинским перемирием 01.12.1618,Смоленск,54.782,32.045,no,"ПСРЛ т. 14; текст Деулинского перемирия 01.12.1618; Атлас УІФ, розд. 20",главная проверка Смуты: до правки 26.08.2026 Смоленск числился имперским непрерывно с 1600 года
Смута: Смоленск у Речи Посполитой,1650-06-01,Поляновский мир 04.06.1634 Смоленск не вернул - Москве отошёл только Серпейск,Смоленск,54.782,32.045,no,"текст Поляновского мира 04.06.1634; Атлас УІФ, розд. 22",Смоленская война 1632-1634 годов кончилась капитуляцией русской армии в феврале 1634
Смута: возврат Смоленска,1660-06-01,"гарнизон капитулировал 23.09.1654, город занят царским войском",Смоленск,54.782,32.045,yes,Акты Московского государства т. 2; ПСРЛ т. 14; дворцовые разряды 1654 г.,"ДАТА КОНТРОЛЯ, а не акта: юридически уступка оформлена Андрусовским перемирием 30.01.1667. Куратор в задании ждал на 1660 год «вне империи» (то есть дату Андрусова) - поставлено «в империи» по факту: с сентября 1654 года и до конца войны Смоленск из рук не выходил"
Смута: возврат Смоленска,1670-06-01,Андрусовское перемирие 30.01.1667 закрепило Смоленск за Москвой,Смоленск,54.782,32.045,yes,"текст Андрусовского перемирия 30.01.1667; Атлас УІФ, розд. 28","де-юре закрепление того, что занято в 1654 году"
Смута: шведская оккупация Новгорода,1615-06-01,войско шведского фельдмаршала Якоба Делагарди вошло в Новгород 16.07.1611,Великий Новгород,58.521,31.271,no,"Новгородский оккупационный архив (Riksarkivet); ПСРЛ т. 14; Атлас УІФ, розд. 20",вторая главная проверка Смуты: шесть лет шведского управления
Смута: Столбовский мир,1620-06-01,Новгород возвращён Столбовским миром 27.02.1617,Великий Новгород,58.521,31.271,yes,"текст Столбовского мира 27.02.1617; Атлас УІФ, розд. 20","город вернулся, выход к Балтике - нет"
Тявзинский мир 1595,1605-06-01,Ижора и Корела возвращены Тявзинским миром 18.05.1595,Санкт-Петербург (Ниеншанц),59.939,30.316,yes,текст Тявзинского договора 1595 г.; ПСРЛ т. 14,"контур источника на 1600 год рисует Ивангород, Корелу и Орешек вне империи - это картина 1583-1595 и 1617+ годов; чиним курируемым добавлением на окно 1600-1617"
Смута: Столбовский мир,1650-06-01,Ижора и Корела отошли Швеции по Столбовскому миру 27.02.1617,Санкт-Петербург (Ниеншанц),59.939,30.316,no,"текст Столбовского мира 27.02.1617; Атлас УІФ, розд. 20 - больше 82 000 км² с выходом к Балтике",негативная проверка: вернулось только Ништадтским миром 30.08.1721
Смута: Столбовский мир,1650-06-01,Корельский уезд отошёл Швеции 27.02.1617,Приозерск (Корела),61.038,30.129,no,текст Столбовского мира 27.02.1617,негативная проверка по Кореле
Смута: Деулинское перемирие,1620-06-01,Черниговщина и Новгород-Северщина отошли Речи Посполитой 01.12.1618,Чернигов,51.494,31.289,no,"текст Деулинского перемирия 01.12.1618; Атлас УІФ, розд. 20 - около 80 000 км²",негативная проверка Деулина
Смута: Деулинское перемирие,1620-06-01,Стародуб отошёл Речи Посполитой 01.12.1618,Стародуб,52.585,32.863,no,текст Деулинского перемирия 01.12.1618,негативная проверка Деулина по Стародубщине
Смута: рамка Деулина,1620-06-01,Путивль по Деулинскому перемирию не уступался,Путивль,51.336,33.87,yes,текст Деулинского перемирия 01.12.1618,"проверка рамки: Путивль и Рыльск остались у Москвы, вычитание их не задевает"
Смута: рамка Деулина,1620-06-01,Брянск по Деулинскому перемирию не уступался,Брянск,53.243,34.364,yes,текст Деулинского перемирия 01.12.1618,проверка рамки: сам Брянск у Москвы и остался
Смута: возврат Черниговщины,1660-06-01,Переяславская рада 08.01.1654 вернула Левобережье с Черниговским полком,Чернигов,51.494,31.289,yes,"Акты ЮЗР т. 10; Атлас УІФ, розд. 26",закрытие окна Деулина
Танну-Тува 1921-1944,1930-06-01,"независимость с 14.08.1921, признана РСФСР 22.07.1925",Кызыл,51.719,94.454,no,"Атлас УІФ, розд. 44 п. 11",негативная проверка: до правки 26.08.2026 контур CShapes держал Туву внутри СССР
Танну-Тува 1921-1944,1943-06-01,ТНР - формально независимое государство,Кызыл,51.719,94.454,no,"Атлас УІФ, розд. 44 п. 11",негативная проверка внутри окна Второй мировой
Тува в составе СССР,1950-06-01,ТНР принята в состав СССР 11.10.1944,Кызыл,51.719,94.454,yes,"постановление Президиума ВС СССР 11.10.1944; Атлас УІФ, розд. 47 п. 41",до правки Тува краснела с 12.03.1940 - на четыре с половиной года раньше
Батумская область,1900-06-01,Берлинский трактат 01.07.1878,Батуми,41.642,41.636,yes,"ПСЗРИ (2-е собр.) т. 53 № 58785; Атлас УІФ, розд. 40","контур CShapes 1886 года режет побережье так, что точка Батуми выпадает из полигона; чинится приобретением GEO_AJARIA"
Батумская область,1950-06-01,"Аджарская АССР образована 16.07.1921, из состава СССР не выходила",Батуми,41.642,41.636,yes,"Атлас УІФ, розд. 40 и 44",тот же дефект берега в контурах CShapes 1921-1946 годов; чинится курируемым добавлением позднего окна
Батумская область,1995-06-01,Грузия вышла 09.04.1991,Батуми,41.642,41.636,no,Акт о восстановлении государственной независимости Грузии 09.04.1991,негативная проверка: заплата на Батуми снимается вместе с Грузией
Литва: акт против контроля,1990-06-01,Акт о восстановлении независимости 11.03.1990 - но контроль остался у империи,Вильнюс,54.687,25.28,yes,"постановление Госсовета СССР № ГС-1 от 06.09.1991; Атлас УІФ, розд. 52","РЕШЕНИЕ ПО НАШЕЙ ЖЕ РАМКЕ: показываем контроль, а не декларацию. С апреля 1990 шла экономическая блокада, в ночь на 13.01.1991 войска и ОМОН заняли вильнюсскую телебашню - империя территорию держала. Из контура Литва уходит 21.08.1991"
Литва вне империи,1991-09-01,провал путча 21.08.1991; Госсовет СССР признал независимость 06.09.1991,Вильнюс,54.687,25.28,no,постановление Госсовета СССР № ГС-1 от 06.09.1991,позитивная сторона того же решения
Украина в СССР,1991-06-01,до Акта провозглашения независимости 24.08.1991,Киев,50.45,30.523,yes,Акт проголошення незалежності України 24.08.1991,рамка: до акта республика в контуре
Украина вне империи,1991-09-01,Акт провозглашения независимости 24.08.1991 и подчинение войск Верховной Раде,Киев,50.45,30.523,no,Акт проголошення незалежності України 24.08.1991; постановление Верховной Рады от 24.08.1991: «О воинских формированиях на Украине»,"РЕШЕНИЕ: 24.08.1991, а не референдум 01.12.1991 - в тот же день Рада забрала себе все войска на территории республики, то есть контроль"
Грузия в СССР,1991-03-01,до Акта о восстановлении независимости 09.04.1991,Тбилиси,41.716,44.783,yes,текст Акта 09.04.1991,рамка
Грузия вне империи,1991-06-01,Акт о восстановлении государственной независимости 09.04.1991,Тбилиси,41.716,44.783,no,"текст Акта 09.04.1991 по итогам референдума 31.03.1991; Атлас УІФ, розд. 52",республика не проводила всесоюзный референдум 17.03.1991 и Союзный договор не подписывала
Эстония в СССР,1991-08-01,до постановления о государственной независимости 20.08.1991,Таллин,59.437,24.753,yes,постановление Госсовета СССР № ГС-2 от 06.09.1991,рамка
Эстония вне империи,1991-09-01,постановление ВС 20.08.1991 и провал путча 21.08.1991,Таллин,59.437,24.753,no,постановление Госсовета СССР № ГС-2 от 06.09.1991,три прибалтийские республики выходят одной датой 21.08.1991
Казахстан в СССР,1991-11-01,до конституционного закона о независимости 16.12.1991,Алматы,43.238,76.886,yes,"Ведомости ВС Казахской ССР, 1991",последняя из пятнадцати республик
Казахстан вне империи,1991-12-20,конституционный закон о государственной независимости 16.12.1991,Алматы,43.238,76.886,no,"Ведомости ВС Казахской ССР, 1991",закрытие парада суверенитетов
Роспуск СССР,1991-12-28,декларация Совета Республик ВС СССР № 142-Н от 26.12.1991,Москва,55.751,37.618,yes,декларация № 142-Н от 26.12.1991; Беловежское соглашение 08.12.1991,рамка: ядро остаётся
Роспуск СССР,1991-12-28,декларация Совета Республик ВС СССР № 142-Н от 26.12.1991,Минск,53.902,27.567,no,закон БССР 25.08.1991; декларация № 142-Н от 26.12.1991,Беларусь с 26.12.1991 идёт отдельным слоем несуверенного сателлита
Ленский край,1690-01-01,после последнего якутского восстания 1683-1684,Якутск,62.028,129.732,yes,"ВИКИПЕДИЯ, «История Якутии»: семь восстаний, последнее 1683-1684",контроль установлен после подавления последнего восстания
Хонгорай,1700-01-01,кыргызы держат Средний Енисей,"Хакасия, Аскизский район",53.500,90.500,no,"ВИКИПЕДИЯ, «Присоединение Хакасии к России»",до угона кыргызов джунгарами в 1703 году империя Хонгораем не распоряжалась Точка сдвинута вглубь Хакасии: сам Абакан стоит на границе с Красноярским краем и в контур Natural Earth не попадает.
Хонгорай,1760-01-01,клятва хонгорцев 1757 года,"Хакасия, Аскизский район",53.500,90.500,yes,ВИКИПЕДИЯ: 1757 - год фактического закрепления Хакасии,после клятвы о «вечном подданстве» Точка сдвинута вглубь Хакасии: сам Абакан стоит на границе с Красноярским краем и в контур Natural Earth не попадает.
Горный Алтай,1750-01-01,Алтай за телеутами и Джунгарией,Горно-Алтайск,51.958,85.960,no,"ВИКИПЕДИЯ, «История Республики Алтай»",до указа Елизаветы 02.05.1756 и присяги осени 1756 года
Горный Алтай,1760-01-01,присяга осени 1756 года,Горно-Алтайск,51.958,85.960,yes,"ВИКИПЕДИЯ: указ 02.05.1756, приём в крепостях Колывано-Кузнецкой линии",к концу сентября 1756 присягнуло большинство кочевого населения
Бурятия,1700-01-01,после ухода бурят в Халху 1658,Улан-Удэ,51.834,107.584,no,"ВИКИПЕДИЯ, «Буряты»",до Буринского договора 20.08.1727 бурятские земли не разграничены
Бурятия,1730-01-01,Буринский договор 20.08.1727,Улан-Удэ,51.834,107.584,yes,"ВИКИПЕДИЯ, «Буряты»: буряты разделены между двумя государствами",после разграничения с Цинами
Чукотка,1800-01-01,завоевания не было,"Чукотка, центр полуострова",66.000,172.000,no,"ВИКИПЕДИЯ, «Завоевание Чукотки»: острог ликвидирован указом 04.05.1764, укрепления срыты в 1771",ОБЯЗАТЕЛЬНАЯ: в 1800 году империи на Чукотке нет ни пятном Точка сдвинута вглубь полуострова: у Анадыря контур Natural Earth разрезан антимеридианом и проверка ненадёжна.
Чукотка,1900-01-01,пост Ново-Мариинск 03.08.1889,"Чукотка, центр полуострова",66.000,172.000,yes,указ 09.07.1888 об учреждении Анадырской округи,после основания пограничного поста Точка сдвинута вглубь полуострова: у Анадыря контур Natural Earth разрезан антимеридианом и проверка ненадёжна.
Камчатка,1760-01-01,после 1748 года,Петропавловск-Камчатский,53.020,158.650,yes,"ВИКИПЕДИЯ и Киберленинка: восстание 1746 года, участники высланы в Охотск к 1748",контроль после подавления последнего выступления
Барабинская степь,1740-01-01,двоеданство,Барабинск,55.350,78.350,no,"документ 1731 года: барабинцы платят ясак и России, и джунгарскому контайше","пока народ платит двум державам, ни одна им не распоряжается"
Барабинская степь,1760-01-01,гибель Джунгарии 1755,Барабинск,55.350,78.350,yes,разгром Джунгарии Цинами в 1755 году,"дата по гибели Джунгарии, точной даты последней выплаты нет"
Томская и Кузнецкая земли,1690-01-01,кыргызские набеги,Кузнецк (Новокузнецк),53.757,87.166,no,"набеги 1614, 1621, при Еренаке; осада Кузнецка 18-25.09.1700",Томск поставлен в 1604 КАК КРЕПОСТЬ против джунгар и кыргызов
Томская и Кузнецкая земли,1710-01-01,угон кыргызов 1703,Кузнецк (Новокузнецк),53.757,87.166,yes,набеги прекратились после угона енисейских кыргызов джунгарами в 1703,контроль после исчезновения кыргызской угрозы
Прибайкалье,1660-01-01,откочёвка в Халху 1658,Иркутск,52.287,104.280,no,"восстание унгинских и окинских бурят против Ивана Похабова, июнь 1658; в 1659 году ясака в Балаганский острог почти не поступало","в эти годы империя степью не распоряжается: население ушло к монголам"
Прибайкалье,1700-01-01,возвращение и возобновление ясака 1667,Иркутск,52.287,104.280,yes,"часть откочевавших вернулась в 1667 году и снова стала платить ясак","Прибайкалье разведено с Забайкальем 28.08.2026: Буринский договор делил забайкальских бурят, к балаганской степи он отношения не имеет"
Таймыр,1700-01-01,ясак берут в зимовьях,Дудинка,69.406,86.178,no,"ВИКИПЕДИЯ, «Нганасаны»: обложение ясаком по группам 1618-1627, восстания 1666 и 1683, сопротивление в первой половине XVIII века","ЗАХВАТА НЕ БЫЛО: ясак брали в зимовьях, куда кочевники приходили сами, в тундру администрация не ходила"
Таймыр,1900-01-01,зимовья и торг,Хатанга,71.980,102.470,no,"ВИКИПЕДИЯ, «Нганасаны»: советская власть впервые дошла до нганасан в 1921 году","до XX века на Таймыре нет ни одного окружного центра"
Таймыр,1935-01-01,Таймырский национальный округ 10.12.1930,Норильск,69.356,88.189,yes,"постановление ВЦИК 10.12.1930: округ с центром в Дудинке и четырьмя районами - Авамский, Дудинский, Хатангский, Усть-Енисейский","управление заведено на самой земле; 1931-1938 коллективизация, 1935 Норильск"
Арктическая Якутия,1700-01-01,ясачные зимовья,Верхоянск,67.550,133.390,no,"ВИКИПЕДИЯ, «Юкагиры»: восстания 1645, 1649, 1661, 1663-1664, последнее - Канивы 1681-1684","восстание 1683-1684 закрыло Ленско-Амгинское междуречье, но не Яну с Колымой"
Арктическая Якутия,1790-01-01,комиссарства,Среднеколымск,67.460,153.710,no,"Учреждение для управления Сибирских губерний 1822 года разделило Якутскую область на пять округов","до 1822 года на севере нет окружного управления: Верхоянское комиссарство собрано только в 1805 году"
Арктическая Якутия,1830-01-01,округа по Уставу 1822,Верхоянск,67.550,133.390,yes,"пять округов Якутской области: Якутский, Вилюйский, Олёкминский, Верхоянский, Среднеколымский","с этого времени на севере свои окружные центры с постоянной администрацией"
Чуйские двоеданцы,1800-01-01,двоеданство продолжается,Кош-Агач,50.000,88.670,no,"телесы и теленгиты платят дань и России, и Цинскому Китаю",ОБЯЗАТЕЛЬНАЯ: указ 1756 года юго-восток Алтая не закрыл
Чуйские двоеданцы,1885-01-01,последний платёж Китаю 1866,Кош-Агач,50.000,88.670,yes,"Чугучакский протокол 1864 года, последняя дань Китаю в 1866","двоеданство кончилось только в 1860-х Дата проверки сдвинута на 1885: у источника ближайший срез, знающий Чуйскую степь российской, - 1880 год, до него контур туда не доходит."
Башкирские земли,1700-01-01,подданство 1554-1557 было словами,Уфа,54.735,55.958,no,"восстания 1662-1664, 1681-1684, 1704-1711 (свой хан у Башкирской орды), 1735-1740","до войны 1735-1740 империя башкирской землёй не распоряжалась; Уфа - точка, как Якутск до 1684"
Башкирские земли,1750-01-01,подавление восстания 1735-1740,Уфа,54.735,55.958,yes,"указ о посылке войск 16.02.1736; 45-60 тысяч убитых и пленных, 1175 сожжённых селений; Оренбург заложен в 1743","после этого заведено управление - Оренбургская экспедиция и губерния"
Черемисские земли,1570-01-01,три черемисские войны,Йошкар-Ола,56.632,47.895,no,"войны 1552-1557, 1571-1574, 1581-1585","Казань взяли в 1552-м, лесную землю - нет"
Черемисские земли,1595-01-01,мир 1585 года,Йошкар-Ола,56.632,47.895,yes,"весной 1585 года черемиса добила челом вековым миром; поставлены Козьмодемьянск, Царевококшайск, Царевосанчурск","управление на земле завелось только теперь"
Казанское ханство,1560-01-01,взятие Казани 02.10.1552,Казань,55.790,49.110,yes,"ПСРЛ; вычитание черемисских земель Казань не задевает","сторож: сама Казань взята и удержана, вычитание её не касается"
Младший жуз,1800-01-01,присяга Абулхаира 19.02.1731,Уральск,51.233,51.367,no,"война Срыма Датова 1783-1797","присяга хана - не управление степью"
Младший жуз,1830-01-01,Устав об оренбургских киргизах 1824,Уральск,51.233,51.367,yes,"ханская власть упразднена, заведено окружное управление","тот же признак, что у Среднего жуза (Устав о сибирских киргизах 22.06.1822)"
Кабарда,1810-01-01,шариатские суды мехкеме 1806-1822,Нальчик,43.485,43.607,no,"собственная юрисдикция до 1822 года","до правки 28.08.2026 земля краснела просто контуром источника 1783 года"
Кабарда,1830-01-01,Кабардинская линия Ермолова 1822,Нальчик,43.485,43.607,yes,"укрепления по Малке, Баксану, Чегему, Нальчику, Урвани, Череку и Уруху; мехкеме распущены, в Нальчике учреждён Временный суд","выходы с гор на равнину закрыты"
Ингушетия,1840-01-01,крепости - точки,Назрань,43.226,44.766,no,"Владикавказская крепость 1784, Назрановское укрепление 1810","по правилу проекта крепость не делает землю имперской"
Ингушетия,1860-01-01,подавление Назрановского восстания 1858,Назрань,43.226,44.766,yes,"май-июнь 1858: около пяти тысяч повстанцев осадили Назрановское укрепление и звали Шамиля; подавил Барятинский","на год раньше чеченской даты 19.08.1859"
Северные и средние Курилы,1800-01-01,указ 30.04.1779 о принявших подданство,Шумшу,50.720,156.350,yes,"ВИКИПЕДИЯ, «История Курильских островов»: айны Шумшу и Парамушира платят ясак с 1760-х","казаки Анциферова и Козыревского высадились здесь в 1711 году"
Северные и средние Курилы,1900-01-01,Петербургский трактат 07.05.1875,Шумшу,50.720,156.350,no,"Россия отдала Японии всю гряду в обмен на признание Сахалина","семьдесят лет острова японские"
Северные и средние Курилы,1950-01-01,Курильская десантная операция 18.08-01.09.1945,Шумшу,50.720,156.350,yes,"гряда занята к началу сентября 1945","возврат красного 03.09.1945, той же датой, что в слое Второй мировой"
Южные Курилы,1800-01-01,японские по факту,Кунашир,44.000,145.900,no,"Симодский трактат 1855 года: граница между Итурупом и Урупом","до 1945 года империя ими не распоряжалась"
Южные Курилы,1900-01-01,Симодский трактат 1855,Итуруп,45.000,147.900,no,"южные острова отошли Японии официально","Итуруп вырезан из Курильского округа по 45,62 с.ш."
Южные Курилы,1950-01-01,Курильская десантная операция 1945,Кунашир,44.000,145.900,yes,"острова заняты к началу сентября 1945","единственная дата, когда империя стала ими распоряжаться"
Горная Осетия,1800-01-01,горные общества вне управления,"Горная Осетия, Цейское ущелье",42.800,43.900,no,"экспедиция генерала Абхазова вышла из Владикавказа 08.07.1830; Паскевич в конце 1830 года доносил, что осетины не слушают властей","равнина краснеет по источнику с 1783 года, горы - нет"
Горная Осетия,1840-01-01,экспедиция Абхазова 1830,"Горная Осетия, Цейское ущелье",42.800,43.900,yes,"кобанцы под предводительством части Тулатовых сопротивлялись летом 1830 года","дата поставлена на конец 1830 года"
Горная Осетия,1800-01-01,равнина под империей,Владикавказ,43.020,44.680,yes,"осетинские старшины ездили в Моздок в октябре 1774 года","сторож: вычитание гор равнину не задевает"
Приангарье,1650-01-01,острог и ясак - не заселение,Богучаны,58.380,97.450,no,"тунгусы-кинтегиры князца Пловунчи и князцы Нетуйко и Нюкейко громили зимовья по Илиму и Верхней Тунгуске в 1639-1640","Рыбинский острог 1628 года - точка"
Приангарье,1690-01-01,заселение к 1670 году,Богучаны,58.380,97.450,yes,"Кежма основана в 1665 году, к 1670-му вокруг Рыбинского острога семь поселений, перепись 1744 года застаёт восемь","красное приходит по заселению, эвенки откочевали на север"
Вычегодская Пермь,1460-01-01,наместник с уставной грамотой 1451,Сыктывкар,61.670,50.810,yes,"Вычегодско-Вымская летопись, 1451: «прислал князь великий Василей Васильевич на Пермскую землю наместника от роду вереиских князей Ермолая… А ведати им волости вычегоцкие по грамоте наказной по уставной»",красное приходит с наместника
Вычегодская Пермь,1450-01-01,до наместника,Сыктывкар,61.670,50.810,no,"та же летопись, 1450: вятчане по наущению Шемяки жгли погосты на Сысоле, Вычегде и Выми и осаждали Усть-Вымь",на срезе 1450 года это земля, за которую воюют
Низовья Печоры,1450-01-01,до волости,Усть-Цильма,65.440,52.150,no,"городок «заруби для людеи князя великого» только в 1499 году","острог - не дата"
Низовья Печоры,1520-01-01,Пустозерская волость 1502,Усть-Цильма,65.440,52.150,yes,"Вычегодско-Вымская летопись, 1502: «повеле князь великий Иван вымскому Феодору правити на Пустеозере волостью Печорою»",волость и управитель
Верхняя Печора,1600-01-01,вырез снят до розыска,Троицко-Печорск,62.710,56.200,yes,"вычитание PECHORA_UPPER снято 29.08.2026 по решению куратора: дыра-остров по границам района XXI века, признак к соседним верховьям не применялся","вернуть ожидание no, если розыск по ясачным книгам покажет, что ясака с верхней Печоры не было - data/crosscheck/pechora_upper_2026-08-29.md"
Верхняя Печора,1700-01-01,первое поселение 1674,Троицко-Печорск,62.710,56.200,yes,"поселение на слиянии Печоры с Северной Мылвой","отдельного акта о распространении управления не нашлось, дата по первому поселению"
Ненецкие тундры,1900-01-01,дань через Пустозерск,Нарьян-Мар,67.640,53.000,no,"права ненцев Москва знала с 1545 года (грамота «гневным словом» о захвате угодий канинской самояди), но землёй не распоряжалась","тот же случай, что Ямал и Таймыр"
Ненецкие тундры,1935-01-01,Ненецкий округ 15.07.1929,Нарьян-Мар,67.640,53.000,yes,"постановление Президиума ВЦИК 15.07.1929, Канинско-Тиманский район; 20.12.1929 в округ включена Пустозёрская волость",своя администрация на земле
