place,lat,lon,date,expect,row,note
Москва,55.7558,37.6176,1812-10-01,not_empire,napoleon-1812,ОБЯЗАТЕЛЬНАЯ ПРОВЕРКА КУРАТОРА: армия вошла 14.09.1812
Москва,55.7558,37.6176,1812-12-01,empire,,ОБЯЗАТЕЛЬНАЯ ПРОВЕРКА КУРАТОРА: город оставлен 19.10.1812
Москва,55.7558,37.6176,1812-09-01,empire,,до входа 14.09.1812 город за империей
Вильнюс,54.6870,25.2800,1812-08-01,not_empire,napoleon-1812,Вильна занята 28.06.1812
Вильнюс,54.6870,25.2800,1813-01-01,empire,,Вильна оставлена 10.12.1812
Гродно,53.6700,23.8300,1812-10-01,not_empire,napoleon-1812,в том же куске что и Вильна
Минск,53.9000,27.5670,1812-09-01,not_empire,napoleon-1812,Минск занят 08.07.1812
Минск,53.9000,27.5670,1812-12-01,empire,,Минск возвращён 16.11.1812
Витебск,55.1900,30.2000,1812-09-01,not_empire,napoleon-1812,Витебск занят 28.07.1812
Витебск,55.1900,30.2000,1812-11-05,empire,,Витебск возвращён 26.10.1812
Смоленск,54.7820,32.0450,1812-10-01,not_empire,napoleon-1812,Смоленск занят 18.08.1812
Смоленск,54.7820,32.0450,1812-08-01,empire,,до 18.08.1812 город за империей
Смоленск,54.7820,32.0450,1813-01-01,empire,,оставлен 17.11.1812
Малоярославец,55.0100,36.4700,1812-10-25,empire,napoleon-1812,contested не вырезает: город удержан
Тула,54.1900,37.6200,1812-10-01,empire,,в стороне от пути движения
Калуга,54.5300,36.2800,1812-10-01,empire,,в стороне от пути движения
Рига,56.9500,24.1100,1812-10-01,empire,,Курляндию в вырез не заводили и Рига осталась за империей
Севастополь-южная сторона,44.5800,33.5200,1856-01-01,not_empire,sevastopol-1855,ОБЯЗАТЕЛЬНАЯ ПРОВЕРКА КУРАТОРА
Севастополь-южная сторона,44.5800,33.5200,1856-06-01,empire,,ОБЯЗАТЕЛЬНАЯ ПРОВЕРКА КУРАТОРА: Парижский договор 30.03.1856
Севастополь-южная сторона,44.5800,33.5200,1855-01-01,empire,,до 09.09.1855 южная сторона за империей
Севастополь-северная сторона,44.6500,33.5500,1856-01-01,empire,,северную сторону союзники не занимали
Керчь,45.3600,36.4700,1856-01-01,not_empire,kerch-1855,десант 24.05.1855
Керчь,45.3600,36.4700,1855-05-01,empire,,до десанта 24.05.1855
Керчь,45.3600,36.4700,1856-06-01,empire,,Парижский договор 30.03.1856
Симферополь,44.9500,34.1000,1856-01-01,empire,,вглубь Крыма союзники не пошли
Одесса,46.4800,30.7300,1856-01-01,empire,,бомбардировка 1854 года десантом не кончилась
Кинбурн,46.5100,31.5000,1856-01-01,not_empire,kinburn-1855,коса в обзорный контур срезов не попадает
Петропавловский порт,53.0200,158.6500,1854-09-01,empire,petropavlovsk-1854,нападение отбито: contested не вырезает
Бомарсунд,60.2100,20.2300,1854-08-20,not_empire,bomarsund-1854,Аланды в обзорный контур срезов не попадают
Гельсингфорс,60.1500,24.9800,1854-08-20,empire,,Свеаборг устоял
Владивосток,43.1200,131.8900,1905-09-01,empire,,ОБЯЗАТЕЛЬНАЯ ПРОВЕРКА КУРАТОРА
Корсаков,46.6300,142.7900,1905-09-01,not_empire,sakhalin-1905,ОБЯЗАТЕЛЬНАЯ ПРОВЕРКА КУРАТОРА: десант 07.07.1905
Корсаков,46.6300,142.7900,1905-06-01,empire,,до высадки 07.07.1905
Южно-Сахалинск,46.9600,142.7400,1905-10-01,not_empire,,после Портсмута юг показывает срез ядра а не слой потерь
Александровск-Сахалинский,50.9000,142.1600,1905-09-01,not_empire,sakhalin-1905,высадка на севере 24.07.1905
Александровск-Сахалинский,50.9000,142.1600,1905-11-01,empire,,север по Портсмутскому договору возвращён
Николаевск-на-Амуре,53.1400,140.7300,1905-09-01,empire,,материк рамкой Сахалина не задет
Хабаровск,48.4800,135.0800,1905-09-01,empire,,материк рамкой Сахалина не задет
Москва,55.7558,37.6176,1571-05-24,not_empire,crimea-moscow-1571,"ОБЯЗАТЕЛЬНАЯ ПРОВЕРКА КУРАТОРА: 24 мая 1571 года войско Девлет-Гирея сожгло город (3 июня по новому стилю). С 28.08.2026 набег вырезает красное - решение куратора: «какая разница на час или на два, Москву сожгли»"
Москва,55.7558,37.6176,1571-06-01,empire,,через неделю после набега строки уже нет
Москва,55.7558,37.6176,1521-08-01,not_empire,crimea-moscow-1521,"поход Мехмеда I Гирея: посады сожжены, город откупился грамотой. Набег вырезает красное с 28.08.2026"
Молоди,55.2000,37.5900,1572-07-30,empire,molodi-1572,"поход остановлен южнее города; координаты круга исправлены 28.08.2026 - стоял в 25 км западнее самого села"
Котлы,55.6800,37.6200,1591-07-04,empire,crimea-moscow-1591,до города дошли но города не взяли
Москва,55.7558,37.6176,1611-01-01,not_empire,moscow-1610-1612,гарнизон Речи Посполитой с 21.09.1610
Москва,55.7558,37.6176,1613-01-01,empire,,гарнизон капитулировал 26-27.10.1612
Новгород,58.5200,31.2700,1613-01-01,not_empire,,закрыто срезами ядра (агент ядра): вычтено срезом 1611-07-16
Новгород,58.5200,31.2700,1620-01-01,empire,,возвращено срезом 1617-02-27
Нелькан,57.6333,136.1500,1924-08-01,not_empire,tungus-1924,"столица Временного центрального тунгусского национального управления: отряд Артемьева занял село 10.05.1924, советской администрации до 09.05.1925 не было"
Нелькан,57.6333,136.1500,1923-06-01,empire,,"до восстания земля под советской властью - окно открывается только 10.05.1924"
Нелькан,57.6333,136.1500,1925-07-01,empire,,"09.05.1925 подписан мирный договор с СССР, управление самораспустилось"
Аян (точка сдвинута вглубь),56.4500,138.1000,1924-08-01,not_empire,tungus-1924,"порт взят 06.06.1924 после восемнадцатичасового боя; сам порт стоит на береговой линии контура OSM, поэтому проверочная точка сдвинута на 4 км вглубь"
Усть-Мая,60.4167,134.5333,1924-08-01,empire,,"западный край выреза: Усть-Майское повстанцы навестили набегом 04.03.1925, но не держали"
Охотское побережье (точка сдвинута вглубь),60.0000,142.0000,1924-08-01,empire,,"гарнизон Охотска порт удержал, вырез сюда не доходит; сам Охотск проверить нельзя - обзорный контур среза 1922 береговую полосу не покрывает"
Коломна,55.0900,38.7700,1521-07-29,not_empire,crimea-moscow-1521,"28 июля 1521 года войско перешло Оку близ Коломны, разбив стоявшие на берегу полки"
Нижний Новгород,56.3300,44.0000,1521-08-01,not_empire,crimea-moscow-1521,"второе крыло похода: казанское войско Сахиб-Гирея взяло город; дат источник не даёт, окно по общему сроку похода"
Рязань,54.6300,39.7400,1521-08-12,not_empire,crimea-moscow-1521,"отход к Переяславлю-Рязанскому и осада, отбитая вылазкой Хабара Симского"
Рязань,54.6300,39.7400,1521-09-01,empire,,"войско ушло за Оку в первой половине августа - земля снова имперская"
Подольск,55.4300,37.5500,1572-07-28,not_empire,molodi-1572,"после переправы по Сенькину броду передовые части вышли к Пахре и перерезали дороги на Москву"
Тула,54.2000,37.6200,1591-07-02,not_empire,,"войско шло Муравским шляхом на Тулу и Дедилов; обзорный контур источника на 1587 год Тулы не содержит вовсе, поэтому здесь и так чёрное, а эпизод в попапе не ищем"
Серпухов,54.9200,37.4100,1591-07-07,not_empire,crimea-moscow-1591,"отход к Серпухову с переправой обратно через Оку, преследование до Тулы"
Москва,55.7558,37.6176,1591-07-04,empire,crimea-moscow-1591,"сторож: у Котлов и Данилова монастыря империя устояла, посады уцелели - вид contested"
