city,lon,lat,date,want,want_kind,why,comment
Грозный,45.6839,43.3169,1991-08-20,empire,,до разгона Верховного Совета Чечено-Ингушской АССР республика ещё под властью Москвы,"---- Чечня: главный сюжет, которого на карте не было вовсе -------------"
Грозный,45.6839,43.3169,1994-01-01,not_empire,de_facto_independent,"ОБЯЗАТЕЛЬНАЯ: с 06.09.1991 своих органов у империи в Грозном нет, с 25.01.1992 нет налогов, с 08.06.1992 нет войск - управления нет (решение куратора 09.09.2026 отменяет прежнее от 26.08.2026, по которому до ввода войск Чечня красилась имперской)",
Грозный,45.6839,43.3169,1994-12-11,not_empire,war,"ввод войск, начало первой войны - контроля у империи нет",
Грозный,45.6839,43.3169,1995-06-01,not_empire,war,первая война идёт,
Грозный,45.6839,43.3169,1996-08-31,not_empire,,день Хасавюртовских соглашений,
Грозный,45.6839,43.3169,1997-01-01,not_empire,de_facto_independent,"ОБЯЗАТЕЛЬНАЯ: Ичкерия де-факто независима, империя контроля не имела",
Грозный,45.6839,43.3169,1997-05-12,not_empire,de_facto_independent,договор о мире и принципах взаимоотношений РФ и ЧРИ,
Грозный,45.6839,43.3169,1999-01-01,not_empire,de_facto_independent,"Ичкерия, последний полный год",
Грозный,45.6839,43.3169,1999-09-29,not_empire,de_facto_independent,накануне ввода наземных войск,
Грозный,45.6839,43.3169,1999-11-01,not_empire,war,вторая война идёт,
Грозный,45.6839,43.3169,2000-03-01,empire,,город взят 06.02.2000 - контроль вернулся,
Грозный,45.6839,43.3169,2001-01-01,empire,,ОБЯЗАТЕЛЬНАЯ: контроль восстановлен,
Грозный,45.6839,43.3169,2010-01-01,empire,,режим КТО отменён 16.04.2009,
Ведено,46.0736,42.9558,1997-01-01,not_empire,de_facto_independent,горная Чечня в Ичкерии,
Ведено,46.0736,42.9558,2000-03-01,not_empire,war,"равнина взята, в горах война продолжается",
Ведено,46.0736,42.9558,2000-04-01,not_empire,war,бои в горах идут до заявления Манилова 20.04.2000,
Грозный,45.6839,43.3169,2000-04-01,empire,,"в горах ещё воюют, но город под контролем с 06.02.2000",
Ведено,46.0736,42.9558,2001-01-01,empire,,после того как войсковая часть операции объявлена законченной,
Гудермес,46.1053,43.3517,1997-06-01,not_empire,de_facto_independent,"Ичкерия целиком, не только Грозный",
Махачкала,47.5047,42.9764,1997-01-01,empire,,рамка выреза не задевает Дагестан,
Владикавказ,44.6785,43.0367,1997-01-01,empire,,рамка выреза не задевает Северную Осетию,
Ставрополь,41.9734,45.0428,1996-01-01,empire,,рамка выреза не задевает Ставрополье,
Тирасполь,29.6433,46.8403,1991-12-26,not_empire,,"распад СССР: эпизода ещё нет, территория Молдовы",---- Приднестровье -----------------------------------------------------
Тирасполь,29.6433,46.8403,1992-04-01,not_empire,war,"война идёт, контроль ещё не закреплён",
Тирасполь,29.6433,46.8403,1992-08-01,empire,,после соглашения 21.07.1992 и ввода «миротворцев»,
Тирасполь,29.6433,46.8403,1993-01-01,empire,,ОБЯЗАТЕЛЬНАЯ: не территория РФ и не контроль Молдовы - красное как оккупация империей,
Тирасполь,29.6433,46.8403,2020-01-01,empire,,ОГРВ стоит до сих пор,
Бендеры,29.4747,46.83,1993-01-01,empire,,правобережный плацдарм тоже под империей,
Кишинёв,28.8575,47.0105,1993-01-01,not_empire,,сама Молдова под империю не красится,
Цхинвали,43.9694,42.2251,1991-06-01,not_empire,war,"война 1991-1992, контроля нет ни у кого",---- Южная Осетия ------------------------------------------------------
Цхинвали,43.9694,42.2251,1993-01-01,empire,,после Дагомысского соглашения 24.06.1992 и ввода ССПМ,
Цхинвали,43.9694,42.2251,2008-09-01,empire,,ОБЯЗАТЕЛЬНАЯ: оккупация после войны и признания 26.08.2008,
Ахалгори,44.4796,42.1272,1995-01-01,not_empire,,до 2008 Ахалгорский район держала Грузия,
Ахалгори,44.4796,42.1272,2008-09-01,empire,,занят в августе 2008 - до этого его на карте красить нельзя,
Тбилиси,44.7833,41.7167,2008-09-01,not_empire,,столица Грузии под империю не красится,
Сухуми,41.0152,42.9955,1992-09-01,not_empire,war,война с 14.08.1992,---- Абхазия -----------------------------------------------------------
Сухуми,41.0152,42.9955,1994-01-01,not_empire,war,"ОБЯЗАТЕЛЬНАЯ: вне контроля Грузии - город взят абхазскими силами 27.09.1993, соглашение о разъединении только 14.05.1994",
Сухуми,41.0152,42.9955,1995-01-01,empire,,после Московского соглашения 14.05.1994 и ввода КСПМ СНГ,
Сухуми,41.0152,42.9955,2010-01-01,empire,,оккупация и базы,
Ажара (Кодори),41.7683,43.1236,1995-01-01,not_empire,,верхнее Кодори до 2008 держала Грузия,
Ажара (Кодори),41.7683,43.1236,2008-09-01,empire,,занято в августе 2008,
Гори,44.1108,41.9847,2008-08-15,empire,occupation,российские войска в Гори,---- война 2008 в самой Грузии ----------------------------------------
Гори,44.1108,41.9847,2008-11-01,not_empire,,из буферных зон вышли в октябре 2008,
Поти,41.6725,42.1461,2008-09-01,empire,occupation,порт занят российскими войсками,
Поти,41.6725,42.1461,2009-01-01,not_empire,,войска выведены,
Хоби,41.9028,42.3167,2008-09-01,empire,occupation,"посты снимали в порядке Поти - Сенаки - Хоби 08-09.10.2008, значит Хоби внутри буфера","Границы буфера: контур идёт по муниципалитетам, а не по региону целиком
(28.08.2026). Эти строки держат охват - чтобы заливка снова не расползлась
на всю Шида-Картли и на сванетские горы, где войск не было."
Местиа (Сванетия),42.7278,43.045,2008-09-01,not_empire,,"ОБЯЗАТЕЛЬНАЯ: горная Сванетия в буфер НЕ входила - контур по муниципалитетам, а не по региону Самегрело-Земо-Сванети целиком",
Хашури,43.6019,41.995,2008-09-01,not_empire,,"ОБЯЗАТЕЛЬНАЯ: выход из Хашури ни одним источником не датирован, в контур муниципалитет не заведён",
Тбилиси,44.7833,41.7167,2008-09-01,not_empire,,"ОБЯЗАТЕЛЬНАЯ: столица занята не была, буфер до неё не доходил",
Симферополь,34.1024,44.9521,2014-01-01,not_empire,,ОБЯЗАТЕЛЬНАЯ: Крым в Украине,---- Крым --------------------------------------------------------------
Симферополь,34.1024,44.9521,2014-03-01,empire,occupation,после захвата парламента 27.02.2014,
Симферополь,34.1024,44.9521,2014-04-01,empire,annexation,"ОБЯЗАТЕЛЬНАЯ: оккупация, оформленная аннексией 18.03.2014",
Севастополь,33.5254,44.6054,2014-04-01,empire,annexation,"весь полуостров, не только столица",
Остров Тузла,36.542,45.273,2014-04-01,empire,,Керченский пролив,
Симферополь,34.1024,44.9521,2013-01-01,not_empire,,до захвата - Украина,
Донецк,37.8028,48.0159,2014-01-01,not_empire,,ОБЯЗАТЕЛЬНАЯ: Донецк в Украине,---- ОРДЛО -------------------------------------------------------------
Донецк,37.8028,48.0159,2014-06-01,empire,,ОБЯЗАТЕЛЬНАЯ: оккупация,
Луганск,39.3078,48.574,2014-06-01,empire,,второй центр ОРДЛО,
Дебальцево,38.4083,48.3417,2015-03-01,empire,,после выхода ВСУ 18.02.2015,
Славянск,37.5986,48.8558,2014-05-01,empire,occupation,"выступ, занятый группой Гиркина 12.04.2014",
Славянск,37.5986,48.8558,2014-08-01,not_empire,,освобождён 05.07.2014 - выступ обязан исчезнуть,
Мариуполь,37.5497,47.0951,2014-05-01,empire,occupation,горсовет захвачен 13.04.2014,
Мариуполь,37.5497,47.0951,2014-07-01,not_empire,,город очищен 13.06.2014,
Киев,30.5234,50.4501,2014-06-01,not_empire,,рамка не задевает столицу,
Харьков,36.2304,49.9935,2014-06-01,not_empire,,"ОГА захватывали, но контроля империя не получила",
Днепр,35.0456,48.4647,2015-01-01,not_empire,,рамка ОРДЛО не разлилась,
Киев,30.5234,50.4501,2022-03-01,not_empire,,"полномасштабное вторжение: под Киевом бои идут, но сам город не занят. До 26.08.2026 здесь стоял эпизод «война» без заливки (сплошных данных за 24.02-02.04.2022 не было); теперь эти шесть недель красят датированные срезы реконструкции - tools/build_donbas.py, и Киев в них не входит",---- 2022 --------------------------------------------------------------
