city,lat,lon,start,changes,theatre,anchor,source,note
Сталлупенен,54.6333,22.5667,foreign,1914-08-04:empire;1914-09-01:foreign;1914-09-22:empire;1915-01-21:foreign,север,yes,SO1 гл.III (бой у Сталюпенена); Z1 с.109-110,"н.ст. 17.08/14.09/05.10/03.02.1915; занят 1-й армией в день перехода границы; уход ~01.09 – по общему ходу кампании (не по прямому упоминанию); 22.09 – приказ занять линию Сталлупенен-Сувалки-Райгород к вечеру (SO2 л.1944); окончат. потеря в Зимнюю операцию – день вычислен из хода отхода Вержболовской группы, точный час не найден"
Гумбинен,54.5947,22.1994,foreign,1914-08-07:empire;1914-09-01:foreign,север,yes,SO1 гл.III с.113-116 (Гумбинен-Гольдапское сражение); Z1 с.113-116,"н.ст. 20.08/14.09; занята к исходу 4-дневной операции 1 армии; дата ухода – по общему отходу 1 армии после Мазурского сражения, не найдена по дням"
Инстербург,54.6333,21.8167,foreign,1914-08-07:empire;1914-09-01:foreign,север,yes,SO1 гл.III с.112 («занятием линии Инстербург-Ангербург задача 1 армии... выполнена»),"н.ст. 20.08/14.09; уверенность по занятию высокая (документ), по уходу – средняя/низкая (день не найден, вычислен по общему отходу)"
Тильзит,55.0833,21.8833,foreign,1914-08-10:empire;1914-09-01:foreign,север,yes,"SO1 (упоминания на фронте наступления 1 армии, с.112-116, точный день не выписан)","низкая уверенность: день занятия не найден, дан по общему ходу наступления 1 армии; н.ст. 23.08/14.09"
Пилькаллен,54.7700,22.5100,foreign,1914-08-05:empire;1914-09-01:foreign,север,yes,SO1 гл.III (на пути наступления 1 армии между Сталлупененом и Гумбиненом),"координаты поправлены картографом 19.09: у розыскника точка стояла в Литве; Пилькаллен (Шлоссберг, ныне Добровольск)"
Даркемен,54.4064,22.0169,foreign,1914-08-08:empire;1914-09-01:foreign,север,yes,SO1 с.115 (ещё герм. тыловой пункт 19.08 н.ст.=06.08 ст.ст.),"средняя: 06.08 ст.ст. ещё за немцами (оттуда выступал XVII корпус), занят русскими после Гумбиненского сражения; день ухода не найден"
Гольдап,54.3100,22.3050,foreign,1914-08-07:empire;1914-09-01:foreign,север,yes,SO1/Z1 с.113-116 (Гумбинен-Гольдапское сражение),"н.ст. 20.08/14.09; часть сражения при Гумбинене; день ухода не найден, дан по общему отходу"
Ангербург,54.2167,21.7333,foreign,1914-08-07:empire;1914-09-01:foreign,север,yes,SO1 с.112 (линия Инстербург-Ангербург),"н.ст. 20.08/14.09; день ухода не найден, дан по общему отходу 1 армии"
Лык,53.8167,22.3667,foreign,1914-08-15:empire;1914-09-01:foreign,север,yes,"SO1 с.88-92 (район Летцен-Иоганнисбург-Лык, 2 армия)","низкая: день занятия не выписан документом, оценён по ходу движения II корпуса; к сент. 1914 уже снова в germ. тылу (SO1 с.-- Олецко-Лык)"
Иоганнисбург,53.6333,21.7667,foreign,1914-08-09:empire;1914-08-15:foreign,север,yes,"SO1 с.19 («II к. занял Иоганнисбург» 9(22).08, 16 стр.52)","высокая по занятию (документ, день); по уходу – средняя, оценка на период разгрома 2 армии 15(28).08"
Алленштейн,53.7784,20.4801,foreign,1914-08-14:empire;1914-08-16:foreign,север,yes,SO1 с.88 («занятием без боя Алленштейна XIII к.» 14(27).08); с.92 (XI к. выступил из Алленштейна 15(28).08),высокая: занятие и уход по дням расписаны документом (SO1 гл. о боях 14-15 августа)
Нейденбург,53.3625,20.4283,foreign,1914-08-09:empire;1914-08-15:foreign,север,yes,"SO1 с.19 (занят XV к. 9(22).08), с.92-96 (немцы заняли линию Нейденбург веч. 15(28).08)","высокая, почасовая роспись; в ночь на 17(30).08 в 21ч. кратковременно вновь занят частями I рус. корпуса (попытка выручить окружённых), к вечеру 18(31).08 оставлен окончательно – трактуем как рейд-эпизод, не смена стороны (аналог Мемеля), в changes не включено"
Сольдау,53.2333,20.1833,foreign,1914-08-09:empire;1914-08-14:foreign,север,yes,"SO1 с.19 (занят I к. 9(22).08), с.91 (части I к. сбиты у Уздау 14(27).08)",высокая; отход от Сольдау начался 14(27).08 при неподтверждённом слухе о приказе
Ортельсбург,53.5622,20.9819,foreign,1914-08-09:empire;1914-08-17:foreign,север,yes,"SO1 с.19 (занят VI к. без боя 9(22).08); с.96 (VI к. атакует, затем получает приказ отходить 17(30).08)",высокая по занятию; уход – VI корпус получил приказ отходить на Мышинец в ночь на 17(30).08
Растенбург,54.0764,21.3747,foreign,1914-08-13:empire;1914-09-01:foreign,север,yes,"SO1 с.16 (13(26).08 линия Дамерау-Велау-Алленбург-Гердауэн-Бартен-Розенталь, восточнее Растенбурга)","низкая: город не назван прямо, координата на линии продвижения 1 армии 13(26).08; день ухода не найден"
Вормдитт,54.1319,20.1394,foreign,,север,yes,не найдено,"подтверждения занятия российскими войсками в 1914 г. не найдено ни в одном из просмотренных источников; вероятно, оставался германским весь период (за пределами маршрутов 1-й и 2-й армий)"
Мемель,55.7172,21.1175,foreign,,север,yes,"вторичные источники (не найдено в SO1-7, Z1-2)","рейд: по нескольким вторичным источникам (не первоисточник) город без боя занят русским отрядом (кап. 1р. Пекарский / ген. Потапов) ок. 18.03.1915, оставлен через 1-2 суток при подходе германских резервов; стиль даты не установлен (вероятно ст.ст., не подтверждено); это рейд, не смена стороны — в changes не внесено; уверенность низкая, только вики/вторичные, нужна проверка по Reichsarchiv Bd.7 или Wolff-Bureau"
Кёнигсберг,54.7104,20.4522,foreign,,север,yes,SO1 (осада 1914-1915 не увенчалась взятием),"якорь противника; в кольце блокады 1-й армией авг.-сент. 1914, город не взят ни разу за весь период"
Лётцен,54.0333,21.7667,foreign,,север,yes,"SO1 с.16 (комендант отказал в сдаче парламентёрам, 13(26).08.1914)","якорь противника; германская крепость на Мазурских озёрах, попытки склонить к сдаче в авг. 1914 не удались, ни разу не взята за весь период"
Сувалки,54.1000,22.9300,empire,1915-01-28:foreign,север,yes,Z1 с.271-272 (герм. 10 армия к 10.02 н.ст. вышла на линию Мариамполь-Людвинов-Кальвария...),"н.ст. 10.02.1915; город не назван впрямую, дата – по продвижению фронта восточнее и южнее Сувалок в ходе Зимней операции в Вост. Пруссии; после мартовского контрудара 1915 линия прошла южнее (Августов-Сувалки остались за немцами) – Z1 с.276-277; средняя уверенность"
Августов,53.8433,22.9800,empire,1915-02-08:foreign,север,yes,"Z1 с.273-276 (окружение XX корпуса в Августовских лесах, «отойти на линию Августов-Сувалки»)","н.ст. 21.02.1915 (капитуляция XX корпуса); город западнее места окружения, взят в это же время; после боёв нач. марта 1915 линия у Августова-Сувалок закреплена за немцами до конца рассматриваемого периода; средняя уверенность"
Мариамполь,54.5600,23.3500,empire,1915-01-28:foreign,север,yes,Z1 с.271 («к 10 февраля [н.ст.] германцы вышли... на линию Мариамполь-Людвинов-Кальвария...»),н.ст. 10.02.1915; высокая уверенность (прямая цитата)
Осовец,53.5886,22.6939,empire,1915-08-10:foreign,север,yes,"Зайончковский, т. 1 (1938), строка 15695 текста: армии отводятся «22 августа [н. ст.] на линию Осовец - Соколы...»; крепость оставлена и взорвана своими войсками после этого","крепость не взята штурмом, оставлена; 22.08 н. ст. = 09.08 ст. ст. - нижняя граница, день ухода не выписан; поправлено картографом 19.09"
Ковно,54.8985,23.9036,empire,1915-08-09:foreign,север,yes,"SO4 л.5193 («9(22) пала Ковно»); Z1 с.822 («крепость 22 августа [н.ст.] в руки германцев», «преступное поведение коменданта ген. Григорьева передало крепость... германцам»)","н.ст. 22.08.1915; высокая уверенность, два независимых первоисточника сходятся день-в-день"
Шавли,55.9333,23.3167,empire,1915-07-15:foreign,север,yes,"Кор. (grwar.ru) гл.«Второй период»: «в Шавли (куда он [фон Белов] перешёл 28(15) июля)»; SO4 л.15729-15731 (Z1: бои у Шавлей в конце июля [н.ст.], город переходит из рук в руки)","н.ст. 28.07.1915 – к этому дню герм. штаб Неманской армии уже в Шавли, то есть город занят не позже; точный день падения источники не называют («переходит из рук в руки»); средняя уверенность, день оценочный"
Поневеж,55.7333,24.3500,empire,1915-08-15:foreign,север,yes,"SO4 л.5967 (к 1(14).09.1915 нем. части уже действуют по линии ж.д. Поневеж-Двинск, т.е. восточнее Поневежа)","низкая: прямой даты падения не найдено ни в SO1-7, ни в Z1-2; город должен был пасть до 01(14).09.1915, оценка сентябрь заменена на середину августа как более вероятную (Курляндская операция danym Корolькова уже в июле дошла до Митавы южнее); нужна проверка"
Россиены,55.3833,23.1167,empire,1915-04-15:foreign,север,yes,"Стратегический очерк, ч. 4 (1922): «15 (28) апреля пехотная бригада заняла Россиены»","германская бригада; поправлено картографом 19.09 по первоисточнику (у розыскника - 10.05, вторичная сводка)"
Либава,56.5047,21.0108,empire,1915-04-25:foreign,север,yes,SO4 л.1597 («25 апреля (8 мая) немцы овладели Либавой»); Z1 (то же событие),"н.ст. 08.05.1915; высокая уверенность, два первоисточника"
Виндава,57.3894,21.5606,empire,1915-07-05:foreign,север,yes,Кор. (grwar.ru) гл.«План сторон»: на 14(1) июля 1915 в Виндаве ещё рус. гарнизон «для охраны эвакуации порта и города»,"низкая: точный день падения не найден; на 01.07.1915 ст.ст. город ещё под русской охраной (шла эвакуация), пала предположительно в первые дни июля 1915 по мере продвижения герм. Северного корпуса Лауенштейна вдоль побережья; нужна проверка"
Гольдинген,56.9683,21.9700,empire,1915-07-02:foreign,север,yes,Кор. (grwar.ru) гл.«2-й день сражения 15(2) июля»: «отряд Меликова без боя очистил Гольдинген»,н.ст. 15.07.1915; высокая уверенность (прямая цитата с указанием дня)
Туккум,56.9678,23.1547,empire,1915-07-04:foreign,север,yes,Кор. (grwar.ru) гл.«4-й день сражения 17(4) июля»: «3-й кав. бригаде удалось в этот день овладеть Туккумом»,н.ст. 17.07.1915; высокая уверенность (прямая цитата с указанием дня боя)
Митава,56.6500,23.7139,empire,1915-08-07:foreign,север,yes,"Z1 с.823 («20 августа [н.ст.] германцы заняли Митаву»); опровергает Кор. (grwar.ru), где на 23(10) июля Митава ещё удерживается и получает подкрепления, а 28(15) июля штаб фон Белова уже в Шавли (т.е. Митава ещё не пала)","РАЗНОЧТЕНИЕ ИЗ ЗАДАНИЯ РЕШЕНО ДОКУМЕНТОМ: справочная дата «19.07(01.08).1915» не подтверждается – специальная монография Королькова о Митавском сражении (июль 1915) показывает город русским минимум до 23(10) июля с получением подкреплений и контррейдами; падение датируем по Зайончковскому 07.08(20.08).1915, средне-высокая уверенность"
Бауск,56.4083,24.1936,empire,1915-07-20:foreign,север,yes,SO4 л.4390 (Z1: «20 июля (2 августа) вследствие отхода Бауского отряда...»); л.4795 (движение немцев «через Бауск на Фридрихштадт»),"средняя: цитата фиксирует отход именно «Бауского отряда» 20.07(02.08).1915, город берём как утраченный в этот день; точное «занят немцами» не выписано"
Фридрихштадт,56.6167,25.0833,empire,1915-08-05:foreign,север,yes,SO4 л.4394 («С 23-го (5 авг.) немцы начинают теснить передовые части» на подступах к Фридрихштадту),"низкая: цитата про давление на подступах, не про взятие города; день условен; возможно город удержан на плацдарме как Якобштадт – требует проверки по ч.4 полностью и по Reichsarchiv Bd.8-9"
Якобштадт,56.5000,25.8667,empire,1917-09-08:foreign,север,yes,SO7 гл.V; Z2 с.146 («8(21).09.1917 плацдарм оставлен»),"ст.ст. 08.09 / н.ст. 21.09.1917; высокая уверенность, два первоисточника; сам город и малый плацдарм удерживались весь 1915-1916 год (SO4/Z1: «малый плацдарм у Якобштадта»)"
Двинск,55.8747,26.5361,empire,,север,yes,"SO4 л.15733-15744 (Z1: 12 армия «удержала... плацдарм на левом берегу у Двинска» весь 1915); SO4 гл. Свенцянский прорыв (атаки на Двинск отражены, сент.1915)","ни разу не взят за рассматриваемый период (19.07.1914-25.12.1917); герм. занятие Двинска произошло только в февр. 1918 (операция «Фаустшлаг»), за пределами окна"
Рига,56.9496,24.1052,empire,1917-08-21:foreign,север,yes,SO7 гл.IV; Z2 с.146 («ночь на 21.08(03.09).1917 наши войска очистили [Ригу]»),"ст.ст. 21.08 / н.ст. 03.09.1917; высокая уверенность, два первоисточника, совпадает с уже известным решением по BACKLOG"
Аренсбург,58.2500,22.4853,empire,1917-09-29:foreign,север,yes,SO7 гл.V («с раннего утра 29 сентября (12 октября) герм. флот... 426 полк начал отступление к Аренсбургу»; в ту же ночь штаб Свешникова из Аренсбурга в Гапсаль),"ст.ст. 29.09 / н.ст. 12.10.1917; высокая уверенность; штурм и высадка на о. Эзель в этот день, город/штаб оставлен в ту же ночь"
Моон,58.5833,23.2333,empire,1917-10-04:foreign,север,yes,SO7 гл.V (2(15).10 – резервы с о.Моон ещё атакуют по дамбе на Эзель; в ночь на 4(17).10 приказано начать эвакуацию Моонзунда),"средняя: остров ещё используется как рус. плацдарм 2(15).10; точный день оставления не назван, взят день общего приказа об эвакуации"
Даго,58.9167,22.5833,empire,1917-10-04:foreign,север,yes,"SO7 гл.V («на Даго, в районе Серро, происходила высадка неприятеля» в ночь на 4(17) окт.)","средняя: высадка началась 29.09(12.10), к вечеру 3-4.10(16-17.10) остров уже фактически занимается, эвакуация всего архипелага приказана в этот вечер"
Вильна,54.6872,25.2797,empire,1915-09-05:foreign,север,yes,"Z1 с.824-825 (решено очистить 03.09(16.09), гвардия начала отход; общегерм. занятие в последующие дни); ещё в розыске от 19.09: вилка 03-06.09(16-19.09)","вилка ст.ст. 03-06.09(16-19.09).1915, день уточнён по общему ходу Виленской операции как 05.09; средняя уверенность"
Свенцяны,55.1333,26.1667,empire,1915-08-30:foreign,север,yes,SO4 л.5955 («30 авг. (12 сент.) в 8 час. вечера немцами захвачена ст. Новосвенцяны»),"ст.ст. 30.08 / н.ст. 12.09.1915; документ называет станцию Новосвенцяны (соседний насел. пункт), не сам город Свенцяны впрямую — распространяем по контексту (Свенцянский прорыв назван по городу); средняя уверенность; не найдено прямого подтверждения обратного занятия города при ликвидации прорыва (в отличие от Сморгони и Молодечно)"
Ошмяны,54.4256,25.9439,empire,1915-09-09:foreign,север,yes,SO4 л.5899 (Z1: 17.09[н.ст.] Ставка приказала отойти на линию Михалишки-Ошмяны-Новогрудок-Барановичи); SO4 л.6318 (9(22).09 приказ на дальнейший отход на линию Нарочь-Сморгонь-Любча-Кареличи-Ляховичи),"низкая: город на 04(17).09 назначен рубежом отхода, но 09(22).09 линия сдвинута восточнее на Сморгонь – Ошмяны прямо не упомянуты как занятые немцами, вывод сделан географически (город западнее итоговой линии Дрисвяты-Нарочь-Сморгонь-Делятичи от 19.09(02.10)); нужна проверка"
Сморгонь,54.4761,26.4144,empire,,север,yes,"Z1 с.826 («21 сентября [н.ст.] русскими занята Сморгонь, германцы отбрасываются к озеру Свирь»); линия на зиму 1915-1916 и весь 1916 год по SO6 (л.936: «между Сморгонью и Крево»)","ст.ст. 08.09.1915; город остаётся русским все 1915-1917 (знаменитый «Сморгонский фронт», позиционная война до 1917); герм. конница кратковременно угрожала городу 13-21.09(31.08-08.09) н.ст., но занятия самого города документы не называют"
Молодечно,54.3167,26.8500,empire,1915-09-01:foreign;1915-09-08:empire,север,yes,"Z1 с.825-826 (14.09[н.ст.] занята Вилейка, рейд идёт через район Молодечно; 21.09[н.ст.] «постепенно вытеснять... германскую кавалерию из района Молодечно», в тот же день Сморгонь возвращена)","ст.ст. 01.09-08.09.1915 (н.ст. 14.09-21.09); кратковременный захват германской рейдовой конницей на время Свенцянского прорыва, затем отбит; средняя уверенность"
Вилейка,54.4919,26.9161,empire,1915-09-01:foreign;1915-09-15:empire,север,yes,Z1 с.825 («14 сентября [н.ст.] германцами была занята Вилейка»); с.826 («к 15(28) сентября [2 армия] продвигается... до линии ж.д. Глубокое-Вилейка»),"ст.ст. 01.09.1915 (н.ст.14.09) занята герм. рейдовой конницей; ст.ст. 15.09.1915 (н.ст.28.09) возвращена наступлением 2 армии; высокая уверенность, обе даты по прямым цитатам"
Поставы,55.1103,26.8319,empire,,север,yes,SO4 л.6433 («к вечеру 17(30) сентября наша конница на линии Козяны-Поставы-Черняты»),город остаётся на русской линии на протяжении всего Свенцянского прорыва и после стабилизации фронта; ни разу не назван занятым немцами
Лида,53.8869,25.2996,empire,1915-09-19:foreign,север,yes,"Z1 с.825 («Лида, Слоним... оставлены между 06 и 19.09[ст.ст.] (19.09-02.10 н.ст.)»)","вилка ст.ст. 06-19.09.1915, взята верхняя граница (совпадает с датой окончательной стабилизации фронта); средняя уверенность"
Гродно,53.6884,23.8258,empire,1915-08-20:foreign,север,yes,"SO4 л.5613 (17(30).08.1915: «1 армии указана линия Гродно-Индура, где нужно задержать неприятеля три дня, дабы окончить... производимые в Гродне работы»); также SO4 л.5347 (04(17).08: «Гродно... считать участком долговременной позиции»)","средняя: документ фиксирует Гродно ещё русским 17(30).08 с планом продержаться «три дня» (то есть до ок.20.08(02.09)); вторичные источники дают „2 сентября” без указания стиля — если это н.ст., то совпадает день-в-день (20.08 ст.ст.); точная цитата о вступлении немцев в город не найдена ни в SO1-7, ни в Z1-2"
Белосток,53.1325,23.1688,empire,1915-08-13:foreign,север,yes,"SO4 л.5238 (12(25).08.1915: 2 армия отводится «на одну высоту с 4[-й], примерно на линии Белосток, Витов»)","низкая: город документирован как русский рубеж 12(25).08, дата ухода не найдена ни в одном из просмотренных источников; оценка дана по синхронности с Брест-Литовском (13(26).08) — оба на линии общего отхода 4 армии; вторичные источники дают «13 августа» без стиля, что нельзя согласовать с документом (был бы раньше рубежа 12(25).08) — отклонено как недостоверное"
Слоним,53.0917,25.3186,empire,1915-09-19:foreign,север,yes,"Z1 с.825 (та же вилка, что и Лида: «оставлены между 06 и 19.09[ст.ст.]»)","вилка ст.ст. 06-19.09.1915, взята верхняя граница; средняя уверенность"
Новогрудок,53.5967,25.8283,empire,1915-09-15:foreign,север,yes,SO4 л.6246 (04(17).09: рубеж отхода «Михалишки-Ошмяны-Новогрудок-Барановичи»); л.6319 (09(22).09: новый рубеж южнее «Любча-Кареличи»),"низкая: город назван рубежом 04(17).09, но 09(22).09 рубеж сдвинут на Любчу/Кареличи (в неск. км восточнее Новогрудка) – город, видимо, оставлен между этими датами; точная цитата отсутствует, день оценочный"
Барановичи,53.1333,26.0167,empire,,север,yes,"Z1 с.825-826 («Остались у империи... Барановичи»); SO4/SO6 (штаб-квартира Ставки в Барановичах до авг.1915, далее прифронтовой тыловой узел)","город на линии фронта («Поставы-Крево-Барановичи-Пинск...», рубеж на 19.09(02.10).1915), но сам НЕ занят немцами ни разу за 1914-1917 (ставка Верховного здесь стояла до эвакуации в Могилёв авг.1915); высокая уверенность"
Несвиж,53.2219,26.6928,empire,,север,yes,"не найдено упоминаний о занятии немцами; южнее линии Барановичи-Пинск, вне зоны боевых действий 1915-1917",не найдено в просмотренных источниках; вывод по отсутствию упоминаний и положению в глубине удерживаемой территории
Пинск,52.1214,26.1006,empire,1915-09-02:foreign,север,yes,"SO4 л.6133-6135 («Очищением Пинска и отходом отряда г. Мищенко за Ясельду открыты пути... на Туров-Мозырь и на Сарны», директива в контексте 03(16).09.1915)","ПРОТИВОРЕЧИЕ ИЗ ЗАДАНИЯ РЕШЕНО: фраза Зайончковского «линия шла... на Пинск» (Z1 с.825-826) НЕ означает, что город остался русским — прямая директива SO4 фиксирует эвакуацию Пинска как свершившийся факт к 03(16).09.1915; независимо городские историч. источники Пинска называют днём занятия герман. войсками 15.09.1915 н.ст., что при переводе даёт 02.09 ст.ст. — согласуется с контекстом директивы; средне-высокая уверенность"
Пружаны,52.5586,24.4644,empire,1915-08-22:foreign,север,yes,"SO4 л.5699 (Z1: «30 августа [н.ст.] на линию Гродно-Свислочь-Пружаны», т.е. 17.08 ст.ст. ещё русский рубеж)","низкая: город документирован как русский рубеж на 17.08(30.08) ст.ст./н.ст., дата ухода не найдена, оценка +5 дней по общему темпу отхода"
Кобрин,52.2144,24.3661,empire,1915-08-20:foreign,север,yes,"SO4 л.5242-5247 (13(26).08.1915: приказ на отход «на линию Неман, Гродно, Кузница, Городок, Рудня, Шершово, Кобрин»)","низкая: город назван рубежом отхода на 13(26).08, актуальная дата сдачи не найдена; оценка по синхронности с Брест-Литовском, который рядом (13(26).08 пал), но Кобрин восточнее — день сдвинут на неделю"
Брест-Литовск,52.0975,23.6892,empire,1915-08-13:foreign,север,yes,SO4 л.5257 (04(17).08: решение очистить крепость); вторичный источник (sb.by): «26 августа (13 августа по старому стилю) 1915 года»,"ст.ст. 13.08 / н.ст. 26.08.1915; решение об эвакуации принято раньше (04(17).08 — SO4), сама сдача города по датированной вторичной публикации; согласуется с темпом операции у соседних пунктов (Кобрин, Белосток в тот же день по нашей оценке); средне-высокая уверенность"
Минск,53.9006,27.5590,empire,,север,yes,повсеместно в SO4-7/Z1-2 как тыловой узел и место расположения штабов/резервов,глубокий тыл Западного фронта на протяжении всего периода; ни разу не назван занятым или угрожаемым
Полоцк,55.4864,28.7900,empire,,север,yes,"SO4 (направление резервов и запасных батальонов в Полоцк, 1915)",тыловой узел Северного фронта; ни разу не назван занятым или угрожаемым
Режица,56.5097,27.3319,empire,,север,yes,не упоминается как прифронтовой пункт ни в одном источнике,"глубокий тыл Северного фронта, восточнее Двинска; не найдено упоминаний угрозы"
Венден,57.3119,25.2747,empire,,север,yes,"SO4 (базирование 12 армии «Валк-Венден» и др., 1915)",тыловой узел Лифляндии; ни разу не назван прифронтовым
Вольмар,57.5406,25.4272,empire,,север,yes,"SO7 гл.V (Черемисов направляет «45-ю дивизию из Вольмара» к Моонзунду, окт.1917)","тыловой узел, откуда снимаются резервы вплоть до конца 1917; ни разу не занят"
Пернов,58.3859,24.4971,empire,,север,yes,не найден как прифронтовой пункт; SO4 упоминает десант у Пернова как несостоявшуюся угрозу (авг.1915),"глубокий тыл; единственное упоминание — неподтвердившийся слух о герм. десанте авг.1915 (SO4 л.5205), к взятию не привёл"
Ревель,59.4370,24.7536,empire,,север,yes,"SO7 гл.V (базы флота и резервные полки «из Ревеля», 1917)",главная база Балтийского флота весь период; ни разу не подвергался сухопутному занятию
Калиш,51.7619,18.0911,empire,1914-07-19:foreign,польша,yes,"Стратегич.очерк ч.1 (1922), стр. текста ~2008","н.ст.01.08.1914; возврата не найдено, высокая уверенность"
Ченстохова,50.8118,19.1203,empire,1914-07-20:foreign,польша,yes,"Стратегич.очерк ч.1, стр. ~2009",н.ст.02.08.1914; высокая уверенность
Бендзин,50.3223,19.1247,empire,1914-07-19:foreign,польша,yes,"Стратегич.очерк ч.1, стр. ~2008",н.ст.01.08.1914; одна фраза с Калишем; высокая уверенность
Серадз,51.5966,18.7297,empire,1914-07-21:foreign,польша,yes,"Стратегический очерк, ч. 1 (1922), строка ~2012 текста: «26 июля (3 авг.) передовые части немцев заняли линию Влоцлавск - Серадзь» - в OCR «26», но 3 авг. н. ст. = 21 июля ст. ст.",21.07 ст. ст. (03.08 н. ст.): у розыскника 26.07 из-за ошибки распознавания; поправлено картографом 19.09
Конин,52.2231,18.2513,empire,1914-07-21:foreign,польша,yes,"Стратегический очерк, ч. 1 (1922), строка ~2012 текста: «26 июля (3 авг.) передовые части немцев заняли линию Влоцлавск - Серадзь» - в OCR «26», но 3 авг. н. ст. = 21 июля ст. ст.",21.07 ст. ст. (03.08 н. ст.): у розыскника 26.07 из-за ошибки распознавания; поправлено картографом 19.09
Коло,52.1975,18.6367,empire,1914-07-21:foreign,польша,yes,"Стратегический очерк, ч. 1 (1922), строка ~2012 текста: «26 июля (3 авг.) передовые части немцев заняли линию Влоцлавск - Серадзь» - в OCR «26», но 3 авг. н. ст. = 21 июля ст. ст.",21.07 ст. ст. (03.08 н. ст.): у розыскника 26.07 из-за ошибки распознавания; поправлено картографом 19.09
Ленчица,52.0589,19.2003,empire,1914-10-27:foreign,польша,yes,"Корольков 1934 «Лодзинская операция», стр. текста ~3954",н.ст.09.11.1914; высокая уверенность
Лодзь,51.7592,19.4560,empire,1914-11-23:foreign,польша,yes,"Корольков 1934, с.173","н.ст.06.12.1914; день ухода рус.войск, вход германцев отдельно не назван; высокая уверенность"
Пётрков,51.4050,19.7031,empire,1914-11-24:foreign,польша,yes,"Стратегич.очерк ч.3, стр. ~696","н.ст.07.12.1914; подлежащее утрачено OCR, по контексту германцы; средняя уверенность"
Томашов-Мазовецкий,51.5314,20.0083,empire,1914-12-05:foreign,польша,yes,"Зайончковский, т. 1 (1938), строка 12718 текста: отход «к 18 декабря на фронт Сохачев - Рава - Опочно - Молотощ - р. Нида»","город западнее линии Рава - Опочно; 18.12 н. ст. = 05.12 ст. ст. - верхняя граница; поправлено картографом 19.09 (у розыскника - июль 1915, оценка)"
Лович,52.1058,19.9425,empire,1914-12-05:foreign,польша,yes,"Зайончковский, т. 1 (1938), строка 12718 текста: отход «к 18 декабря на фронт Сохачев - Рава - Опочно - Молотощ - р. Нида»","город западнее линии Сохачев - Рава; 18.12 н. ст. = 05.12 ст. ст. - верхняя граница; поправлено картографом 19.09 (у розыскника - июль 1915, оценка)"
Сохачев,52.2286,20.2331,empire,1915-07-15:foreign,польша,yes,оценка; Зайончковский т.1 стр.12718 (рубеж 18.12.1914),точный день падения летом 1915 не найден; уверенность низкая
Гройцы,51.8656,20.8678,empire,1915-07-20:foreign,польша,yes,оценка; Стратегич.очерк ч.4 стр.4213 (рубеж отхода 2 армии июль 1915),точный день не найден; уверенность низкая
Рава,51.7658,20.2508,empire,1915-07-15:foreign,польша,yes,"оценка, см. Сохачев",не путать с Рава-Русской в Галиции; уверенность низкая
Опочно,51.3789,20.2789,empire,1915-07-15:foreign,польша,yes,"оценка, см. Сохачев",уверенность низкая
Радом,51.4027,21.1471,empire,1914-09-22:foreign;1914-10-20:empire;1915-07-10:foreign,польша,yes,"Корольков 1923 «Варшавско-Ивангородская операция» стр.~2919 (1914); pl.wikipedia.org/wiki/Radom (1915, только месяц)","1914: н.ст.05.10.1914, высокая; возврат ок.20.10.1914 по контексту (Кельцы южнее заняты 20.10) средняя; 1915: только «июль 1915» без дня, пересчёт невозможен (plwiki не даёт стиль) — уверенность низкая"
Кельце,50.8661,20.6286,empire,1914-08-04:foreign;1914-10-20:empire;1915-04-28:foreign,польша,yes,Стратегич.очерк ч.1 стр.2025; Корольков 1923 стр.12824 (возврат); ч.4 стр.1957 (рубеж 28.04.1915),"1914 занятие н.ст.17.08, средняя увер. (доп.12.08.1914 н.ст. краткий рейд легиона Пилсудского, plwiki); возврат н.ст.02.11.1914 высокая; 1915 — оценка по новому рубежу 4 армии севернее Кельце, точный день не найден, низкая"
Сандомир,50.6820,21.7497,empire,1914-10-14:foreign;1914-10-21:empire;1915-06-01:foreign,польша,yes,Зайончковский т.1 стр.12261 (рубеж на 27.10н.ст.); Корольков 1923 стр.13604 (возврат 03.11н.ст.); ч.4 стр.1957 (город на рус.рубеже 11.05.1915н.ст.),"1914 занятие — верхняя граница по рубежу (не позже 14.10 ст.ст.), средняя; возврат 21.10(03.11.1914) высокая; 1915 — оценка, город ещё держался в мае (упомянут в рубеже 28.04/11.05), день падения летом не найден, низкая"
Ивангород (Демблин),51.5619,21.8433,empire,1915-07-22:foreign,польша,yes,"Стратегич.очерк ч.4, с.82",левобереж. часть крепости; н.ст.04.08.1915; высокая уверенность
Новогеоргиевск (Модлин),52.4478,20.6392,empire,1915-08-06:foreign,польша,yes,"Стратегич.очерк ч.4, сноска у стр.~5257","н.ст.19.08.1915; ru.wikipedia даёт 07(20).08 — расхождение на 1 день, см. текстовый файл; высокая уверенность (первичный источник)"
Варшава,52.2297,21.0122,empire,1915-07-22:foreign,польша,yes,"Стратегич.очерк ч.4, с.83","н.ст.04/05.08.1915 (ночь); день отхода рус.войск, вход германцев отдельно не назван; высокая уверенность"
Влоцлавек,52.6483,19.0677,empire,1914-07-21:foreign;1914-10-26:empire;1914-11-15:foreign,польша,yes,"Стратегический очерк, ч. 1 (1922), строка ~2012 текста: «26 июля (3 авг.) передовые части немцев заняли линию Влоцлавск - Серадзь» - в OCR «26», но 3 авг. н. ст. = 21 июля ст. ст.",21.07 ст. ст. (03.08 н. ст.): у розыскника 26.07 из-за ошибки распознавания; поправлено картографом 19.09
Липно,52.8600,19.1567,empire,1914-10-30:foreign,польша,yes,"Корольков 1934, стр. ~2287",н.ст.12.11.1914; высокая уверенность
Млава,53.1122,20.3781,empire,1914-12-01:foreign;1914-12-03:empire;1915-07-15:foreign,польша,yes,"Стратегич.очерк ч.3 стр.2085 (к 8(16).12.1914 уже наш, часть рубежа)","ноябрь 1914 (22.09.2026): день взятия противником НЕ найден (розыск ww1_hvosty_2026-09-22.md); на срезе 01.12 город у противника - к 3 (16) декабря наши «заняли фронт Плугоконт—Млава—Карбонен», корпус Цастрова отошёл к Нейденбургу и Сольдау (Стратегический очерк, ч. 3, строки 2041-2060; Зайончковский, т. 1) - поэтому 01.12 стоит как «не позже»; без этого на срезе 1914-12-01 у Прасныша висел чёрный пузырь. на дек.1914 точно наш; день окончательной потери летом 1915 не найден, оценка; уверенность низкая"
Прасныш,53.0197,20.8828,empire,1914-11-20:foreign;1914-12-02:empire;1915-02-11:foreign;1915-02-14:empire;1915-07-15:foreign,польша,yes,"Стратегич.очерк ч.3 стр.2041-2085 (эпизод 1914); Зайончковский т.1 стр.14882 (эпизод февр.1915, н.ст.)","1914: н.ст. 03.12→15.12; 1915: 24.02→27.02 н.ст., пересчёт на ст.ст. 11.02→14.02; повторный герм.удар «в середине марта» не привёл к новой потере города (бой у Едноружца); финальная потеря летом 1915 — оценка, низкая; остальное высокая (два независимых документа)"
Цеханов,52.8814,20.6089,empire,1915-07-15:foreign,польша,yes,Зайончковский т.1 стр.14855-14860 (рубеж Прасныш-Цеханов-Плоцк),отдельного дня взятия не найдено; уверенность низкая
Пултуск,52.7047,21.0839,empire,1915-07-10:foreign,польша,yes,"Стратегич.очерк ч.4, стр. ~4236","н.ст.23.07.1915; город не назван «взят» дословно, но фронт на его участке прорван в этот день; средняя уверенность"
Остроленка,53.0833,21.5667,empire,1915-07-20:foreign,польша,yes,"Стратегич.очерк ч.4, стр. ~4236 (бои за переправу продолжались после 10(23).07)","вилка 10.07-28.07(23.07-10.08.1915), день не найден; уверенность низкая"
Ломжа,53.1781,22.0592,empire,1915-07-28:foreign,польша,yes,ru.wikipedia.org/wiki/Ломжа; Стратегич.очерк ч.4 стр.4201 (OCR-исправление 23→28),н.ст.10.08.1915; см. «Противоречия» в MD об OCR-исправлении; средняя уверенность
Остров-Мазовецкий,52.8033,21.8961,empire,1915-08-05:foreign,польша,yes,"Стратегич.очерк ч.4, стр. ~4315 (11(24).07 ещё намеченный рус.рубеж)","вилка 24.07-13.08(06.08-26.08.1915), день не найден; уверенность низкая"
Венгров,52.3975,22.0117,empire,1915-08-05:foreign,польша,yes,"Стратегич.очерк ч.4, стр. ~4315 (тот же рубеж, что Остров)","вилка 24.07-13.08.1915, день не найден; в 1914 был рус.тыловым рубежом (Зайончковский стр.15639); уверенность низкая"
Седлец,52.1676,22.2900,empire,1915-08-10:foreign,польша,yes,"Стратегич.очерк ч.4, стр. ~5173","вилка 08.08-13.08(21.08-26.08.1915), день не найден; средняя уверенность (узкая вилка)"
Луков,51.9319,22.3803,empire,1915-08-05:foreign,польша,yes,"Стратегич.очерк ч.4, стр. ~5173 («от Лукова и Радина» — уже тыл противника)",не позже 08.08(21.08.1915); средняя уверенность (верхняя граница)
Радзынь,51.7844,22.6183,empire,1915-08-05:foreign,польша,yes,"Стратегич.очерк ч.4, стр. ~5173 (дореформ. имя «Радин»)",не позже 08.08(21.08.1915); средняя уверенность (верхняя граница)
Бяла (Подляска),52.0325,23.1188,empire,1915-08-10:foreign,польша,yes,оценка между Луковом/Радзынем (08.08) и общим рубежом (13.08.1915),"вилка 08.08-13.08(21.08-26.08.1915), день не найден; уверенность низкая"
Люблин,51.2465,22.5684,empire,1915-07-17:foreign,польша,yes,"btgv.ru «Люблин-Холмская битва 1915», ч.4: «17-го июля г. Люблин был сдан противнику»",н.ст.30.07.1915; стиль определён по сверке с Холмом (см. ниже) в том же источнике; средняя уверенность (вторичный источник)
Холм,51.1431,23.4719,empire,1915-07-19:foreign,польша,yes,"Стратегич.очерк ч.4, с.85; подтв. btgv.ru ч.5","н.ст.01.08.1915; день отхода 13 армии на линию восточнее Холма (вход противника отдельно не назван); высокая уверенность, два источника"
Красник,50.9239,22.2214,empire,1914-08-10:foreign;1914-09-19:empire;1915-07-16:foreign,польша,yes,"Зайончковский т.1 (бои у Красника 04.08 и 10-13.08.1914); Корольков 1923 стр.3638 (возврат, верхняя граница)","1914 занятие — по итогу «второго боя у Красника» 10-13.08(23-26.08.1914), средняя; возврат — точный день не найден, известна верхняя граница 19.09(02.10.1914) когда уже тыл 5 армии, низкая; 1915 — оценка по соседству с Люблином, низкая"
Замостье,50.7231,23.2519,empire,1914-08-13:foreign;1914-09-19:empire;1915-07-18:foreign,польша,yes,"Стратегич.очерк ч.1, стр.8307-8429 (Комаровское сражение, несколько эпизодов); Корольков 1923 стр.3638 (возврат, верхняя граница)","1914: город несколько раз переходил из рук в руки 10-27.08; в таблицу вынесена итоговая смена 13(26).08.1914, низкая; возврат — верхняя граница 19.09(02.10.1914), низкая; 1915 — оценка рядом с Холмом, низкая"
Грубешов,50.8083,23.8917,empire,1914-08-21:foreign;1914-09-19:empire;1915-07-19:foreign,польша,yes,"Стратегич.очерк ч.1, стр.9500 (1914); ч.4 стр.3704 (1915, «пути на Холм и Грубешов»); Корольков 1923 стр.3638 (возврат, верхняя граница)","1914 занятие н.ст.03.09.1914, высокая; возврат — верхняя граница 19.09(02.10.1914), низкая; 1915 — оценка вместе с Холмом, низкая"
Торн,53.0138,18.5981,foreign,,польша,yes,"герм. крепость, база вторжения (многократно, ч.1-3)","якорь противника, смен не было"
Познань,52.4064,16.9252,foreign,,польша,yes,герм. крепость (Корольков 1934),"якорь противника, смен не было"
Бреслау,51.1079,17.0385,foreign,,польша,yes,герм. крепость (Корольков 1934 стр.6812),"якорь противника, смен не было"
Катовице,50.2649,19.0238,foreign,,польша,yes,"погран. пром. район, не занимался рус.войсками","якорь противника, смен не было"
Краков,50.0647,19.9450,foreign,,польша,yes,"австр. крепость, цель Ченстохово-Краковской операции 1914, не взята","якорь противника, смен не было"
Броды,50.0833,25.1500,foreign,1914-08-08:empire;1915-07-05:foreign;1916-07-17:empire,юг,yes,"Стратег.очерк ч.1 (общий фронт наступления); Зайончковский т.2 с.63 (взятие 1916, н.ст. пересчитано)","1914 и 1915 дни условные (точный день не найден), низкая увер.; 1916 - пересчёт из н.ст. «конец июля 1916»; 1917 статус неясен, см. раздел про линию фронта"
Тарнополь,49.5535,25.5948,foreign,1914-08-06:empire;1917-07-11:foreign,юг,yes,Стратег.очерк ч.1 (слабое сопротивление у Тарнополь-Остров до 10(23).08.1914); Стратег.очерк ч.7 гл.IV (оставлен 11.07/24.07.1917),"1914 день условный (до 10.08 ст.ст.), средняя увер.; 1917 - высокая увер., предместье занято против. уже 08.07.1917 ст.ст."
Збараж,49.6667,25.7833,foreign,1914-08-09:empire;1917-07-12:foreign,юг,yes,"Стратег.очерк ч.1 л.1960 (рейд 27.07(9.08).1914, изрублен взвод у Збаража); Зайончковский т.2 с.135 (линия по Збручу после июльского отступления)","1914 - средняя увер. (кав. рейд, не полный охват города); 1917 - день условный, низкая увер., город западнее линии Збруча"
Скалат,49.4667,25.9833,foreign,1914-08-09:empire;1917-07-12:foreign,юг,yes,по аналогии с Тарнополь/Збараж (Стратег.очерк ч.1); Зайончковский т.2 с.135 (город на линии после отступления),прямой даты взятия 1914 не найдено; низкая увер. на обе даты
Чортков,49.0167,25.8000,foreign,1914-08-09:empire;1917-07-12:foreign,юг,yes,Стратег.очерк ч.1 (слабое сопротивление у Чортков до 10(23).08.1914); Зайончковский т.2 с.135,"1914 - средняя увер.; 1917 - низкая, день условный"
Бучач,49.0667,25.4000,foreign,1914-08-24:empire;1917-07-13:foreign,юг,yes,"Стратег.очерк ч.1 (продвижение 8 армии по Днестру от Галича до Залещиков, кон.авг.1914); Зайончковский т.1 с.825-826 (линия на Бучач, сент.1915) и т.2 с.135","город упомянут только как точка на линии фронта в 1915 и 1917 - формально неясно, кто держал сам город (см. предупреждение о линиях); низкая увер."
Городенка,48.6667,25.5000,foreign,1914-08-25:empire;1915-02-05:foreign;1916-06-01:empire;1917-07-15:foreign,юг,yes,"Стратег.очерк ч.1 л.8070 (43 ландв.див. у Городенки обеспечивала фланг, авг.1914); Клембовский ч.5 (преследование ХХХIII корпусом на Городенку, май(н.ст.)/июнь 1916 - в рамках Буковинской операции); Зайончковский, т. 2 (1938), с. 135: к 28.07 н. ст. 1917 линия «от Злочева на восток на Збараж - Скалат - Гржималов, далее по р. Збруч до Днестра и далее на Баян и Серет... восточнее Кимполунга»","1915 потеря не подтверждена документом, вероятна вместе с Черновцами (02.1915); дата возврата 1916 приблизительная, низкая увер.; потеря 1917 года добавлена картографом 19.09: верхняя граница по линии 28.07 н. ст."
Снятын,48.4333,25.5500,foreign,1914-09-05:empire;1915-02-05:foreign;1916-06-05:empire;1917-07-15:foreign,юг,yes,"Стратег.очерк ч.1 л.11130 (Коломыя и Кута разведывались с Городенки, 1914); Стратег.очерк ч.3 (Буковинский отход, февр.1915); Клембовский ч.5 (преследование Сводным корпусом на Снятынь, 1916); Зайончковский, т. 2 (1938), с. 135: к 28.07 н. ст. 1917 линия «от Злочева на восток на Збараж - Скалат - Гржималов, далее по р. Збруч до Днестра и далее на Баян и Серет... восточнее Кимполунга»","все три даты приблизительные (точный день не найден), низкая-средняя увер., по аналогии с Черновцами/Коломыей; потеря 1917 года добавлена картографом 19.09: верхняя граница по линии 28.07 н. ст."
Коломыя,48.5270,25.0378,foreign,1914-09-05:empire;1915-02-01:foreign;1916-06-18:empire;1917-07-13:foreign,юг,yes,"Стратег.очерк ч.3 л.3960-4070 (Буковинский отход, 1(14).02.1915: отход к Коломые); Зайончковский т.2 с.63-64 (взятие ок.18.06(01.07).1916); Зайончковский, розыск куратора ww1_front_1915_1917.md (1917 отступление)","1914 дата приблизительная; 1915 потеря по контексту отхода к Коломые (не прямое «занята»), средняя увер.; 1916 средняя увер. (пересчёт из н.ст.); 1917 день не найден, низкая увер."
Куты,48.2667,25.2000,foreign,1914-09-10:empire;1915-02-05:foreign;1916-06-05:empire;1917-07-15:foreign,юг,yes,"Стратег.очерк ч.3 л.1751 (Кутты на линии Арутюнова, дек.1914); там же (Буковинский отход, февр.1915); Зайончковский, т. 2 (1938), с. 135: к 28.07 н. ст. 1917 линия «от Злочева на восток на Збараж - Скалат - Гржималов, далее по р. Збруч до Днестра и далее на Баян и Серет... восточнее Кимполунга»","все даты приблизительные по аналогии с Черновцами, низкая увер.; потеря 1917 года добавлена картографом 19.09: верхняя граница по линии 28.07 н. ст."
Черновицы,48.2921,25.9358,foreign,1914-09-05:empire;1915-02-03:foreign;1916-06-04:empire;1917-07-21:foreign,юг,yes,"Стратегический очерк, ч. 7 (1923), гл. IV: «В ночь с 20 на 21 (2-3) [августа] г. Черновцы был очищен»; остальное - по розыску юга",1917: ночь 20/21.07 ст. ст. (02/03.08 н. ст.) - у розыскника стояла дата нового стиля; поправлено картографом 19.09
Кимполунг,47.5264,25.5667,foreign,1916-07-31:empire;1917-07-15:foreign,юг,yes,"Зайончковский, т. 2 (1938), с. 65: закрепились «13 августа [н. ст.]... Станиславов - Кимполунг»; Зайончковский, т. 2 (1938), с. 135: к 28.07 н. ст. 1917 линия «от Злочева на восток на Збараж - Скалат - Гржималов, далее по р. Збруч до Днестра и далее на Баян и Серет... восточнее Кимполунга»",1916: 13.08 н. ст. = 31.07 ст. ст. (у розыскника - дата нового стиля); 1917: верхняя граница; поправлено картографом 19.09
Станиславов,48.9226,24.7111,foreign,1914-09-08:empire;1915-06-15:foreign;1916-07-29:empire;1917-07-15:foreign,юг,yes,"Зайончковский, т. 2 (1938), с. 64: «11 августа [н. ст.] взял Станиславов»; Зайончковский, т. 2 (1938), с. 135: к 28.07 н. ст. 1917 линия «от Злочева на восток на Збараж - Скалат - Гржималов, далее по р. Збруч до Днестра и далее на Баян и Серет... восточнее Кимполунга»","1916: 11.08 н. ст. = 29.07 ст. ст. (у розыскника - 01.06, ошибка); 1917: 15.07 ст. ст. - верхняя граница по линии 28.07 н. ст.; поправлено картографом 19.09"
Галич,49.1167,24.7167,foreign,1914-08-18:empire;1915-06-15:foreign;1917-06-27:empire;1917-07-10:foreign,юг,yes,"Стратег.очерк ч.1 л.8100-8215 (бой на Гнилой Липе, группа Карга оставляет долговременные укрепления Галича; дата определена сверкой с падением Львова - см. примечание); Зайончковский т.2 (в 1916 году Галич взятым НЕ назван ни разу, только цель); Стратег.очерк ч.7 л.4266 («к вечеру 27 июня (10 июля) заняли Галич»)","1914 дата установлена перекрёстной сверкой (в тексте после «13(26) авг.» встречаются даты, судя по всему, только н.ст. без скобок - «31 августа» = н.ст., т.е. 18.08 ст.ст.; иначе Галич попадал бы ПОЗЖЕ Львова, что противоречит ходу сражения), средняя увер.; 1915 день не найден, низкая увер.; 1917 взятие - высокая увер., точная дата; 1917 повторная потеря - день не найден, оценка по линии Зайончковский т.2 с.135 (после 15(28).07.1917 город уже за линией), низкая увер."
Калуш,49.0333,24.3667,foreign,1914-09-10:empire;1915-06-15:foreign;1917-06-28:empire;1917-07-10:foreign,юг,yes,"по аналогии с Галичем/Станиславовым (Стратег.очерк ч.1, направление 8 армии); Стратег.очерк ч.7 л.4268 («28(11) был занят Калуш»)","1914-1915 даты условные, низкая увер.; 1917 взятие - высокая увер., точная дата; повторная потеря - день не найден, низкая увер., оценка по общему отступлению"
Долина,48.9667,23.9833,foreign,1914-09-15:empire;1915-05-14:foreign,юг,yes,"Стратег.очерк ч.4 л.4820 (11 армия отходит на фронт …Долина, 1(14).05.1915 - Долина как рубеж отхода, а не потери); Клембовский ч.5 (Днестровский отряд занимал Долину среди прочих в февр.1915 - видимо, город не терялся в феврале)","статус зимой 1914/15 неясен (не упомянут как потерянный при Буковинском отходе); дата потери в Горлицком отступлении условная, низкая увер.; статус 1916-1917 не найден"
Стрый,49.2583,23.8500,foreign,1914-09-08:empire;1915-06-15:foreign,юг,yes,"Стратег.очерк ч.1 (2 австр.армия выгружалась в Станислав и Стрый до занятия - взят позже; направление 8 армии на Стрый, сент.1914); Стратег.очерк ч.4 л.6351 (Гофман пытался взять Стрый, окт.1914 - подтверждает город уже русский)","день 1914 условный, средняя увер.; день потери 1915 условный (Горлицкое отступление), низкая увер.; далее до конца периода данных нет, вероятно foreign"
Дрогобыч,49.3500,23.5000,foreign,1914-09-15:empire;1915-06-15:foreign,юг,yes,"Стратег.очерк ч.1 л.11548 (директива 5(18).09.1914 - обеспечить со стороны Дрогобыча, ещё цель, не взят); ч.2 л.6244-6438 (бои за Дрогобыч, окт.1914 - подтверждают контроль/угрозу)","дата условная, средняя увер. (город - цель директивы, взят в последующие дни); 1915 день условный, низкая увер."
Самбор,49.5167,23.2000,foreign,1914-09-03:empire;1915-06-15:foreign,юг,yes,"Стратег.очерк ч.1 л.11593 («в 8 армии конница ген. Павлова заняла Самбор», 3(16).09.1914)","1914 - высокая увер., точная дата; 1915 день условный, низкая увер."
Городок,49.7833,23.6500,foreign,1914-08-30:empire;1915-06-08:foreign,юг,yes,Стратег.очерк ч.1 (Городокское сражение); Зайончковский т.1 («заставил австрийцев прервать Городокское сражение и начать отход… в ночь на 12 сентября» н.ст. = 30.08 ст.ст.),"средняя увер.; ВНИМАНИЕ - есть другой «Городок» (Подольский, у Гусятина, бой 4(17).08.1914) - не перепутан; 1915 день условный, низкая увер."
Львов,49.8397,24.0297,foreign,1914-08-21:empire;1915-06-09:foreign,юг,yes,"Зайончковский т.1 с.8400 («занятие русскими Львова, оставленного австрийцами 3 сентября» н.ст.); Стратег.очерк ч.1 л.10131 («на следующий день по занятии Львова, т.е. 22 авг.(4 сен.)» - оба стиля явно); Стратег.очерк ч.4 л.2956-2974 («9(22) июня сбиты… с Львовских позиций»)","высокая увер. на обе даты, по двум независимым источникам с явным двойным стилем"
Жолква,50.0500,23.9750,foreign,1914-08-25:empire;1915-06-15:foreign,юг,yes,"Стратег.очерк ч.1 л.11780 (штарм 3 армии - Жолкев, к 1(14).09.1914 - значит занята раньше)","дата условная (город обеспечен до штаба армии), средняя увер.; 1915 день условный, низкая увер."
Рава-Русская,50.2333,23.6167,foreign,1914-08-26:empire;1915-06-15:foreign,юг,yes,Стратег.очерк ч.1 л.11266 («по получении донесения об очищении противником Равы Русской» - до директивы 31.08(13.09).1914); там же (ХI корпус занял р-н Рава-Русская к 1(14).09.1914),"дата условная (после «очищения», до 31.08 ст.ст.), средняя увер.; 1915 день условный, низкая увер."
Сокаль,50.4833,24.2833,foreign,1914-08-20:empire;1915-06-15:foreign,юг,yes,"Стратег.очерк ч.1 л.1963 (бой у Сокаля 29.07(11.08).1914, город ещё не взят); контекст боёв на линии Рава-Русская-Сокаль, авг.1914","дата условная, низкая увер. на обе стороны"
Каменка-Струмилова,50.1000,24.3333,foreign,1914-08-20:empire;1915-06-15:foreign,юг,yes,"Стратег.очерк ч.1 л.8677-8684 (приказ занять Каменку-Струмилову 14(27).08.1914 отменён из-за встречного боя; занятие состоялось позже, точный день не найден)",низкая увер. на обе даты
Бережаны,49.4500,24.9333,foreign,1914-08-18:empire;1915-06-20:foreign,юг,yes,"Стратег.очерк ч.1 л.8620 (11 пех. и 5 кав. австр. дивизии у Брзежан обороняются в ходе боя на Гнилой Липе, авг.1914 - взят вскоре после)",низкая увер. на обе даты
Рогатин,49.4000,24.6167,foreign,1914-08-17:empire;1915-06-15:foreign,юг,yes,"Стратег.очерк ч.1 л.8079-8160 (бой XII корпуса у Рогатина 29-30 авг., в тексте это, видимо, н.ст. = 16-17.08 ст.ст. - см. примечание к Галичу); Зайончковский т.1 л.9854 («по овладении 6 сентября Миколаевым»)","дата определена перекрёстной сверкой с падением Львова (см. примечание к Галичу), средняя увер.; 1915 день условный, низкая увер."
Перемышляны,49.6667,24.5333,foreign,1914-08-17:empire;1915-06-15:foreign,юг,yes,"Стратег.очерк ч.1 л.8139-8170 (прорыв фронта у Перемышлян, «30-го» = видимо н.ст. 30.08 = 17.08 ст.ст., см. примечание к Галичу)","дата условная по той же перекрёстной сверке, что и Галич; средняя увер."
Бобрка,49.6333,24.3833,foreign,1914-08-19:empire;1915-06-15:foreign,юг,yes,Стратег.очерк ч.1 л.9854 (8 армия вышла на фронт Бобрка-Ходоров к 1 сентября - см. примечание к Галичу про стиль дат),"дата условная, низкая увер."
Перемышль,49.7833,22.7667,foreign,1915-03-09:empire;1915-05-20:foreign,юг,yes,Зайончковский т.1 л.15086 («22 марта после полугодовой блокады пал Перемышль» н.ст. = 9.03 ст.ст.); Стратег.очерк ч.4 л.2812 («а 20(2 июня) совершенно эвакуируем Перемышль»),"высокая увер. на обе даты, независимые источники; крепость НЕ занималась русскими до марта 1915 (осада с сент.1914, но город/крепость оставались австрийскими до сдачи)"
Ярослав,50.0167,22.6833,foreign,1914-09-08:empire;1914-09-25:foreign;1914-10-28:empire;1915-05-05:foreign,юг,yes,"Стратег.очерк ч.1 л.11775 («Ярослав взят был после небольшого боя», 8(21).09.1914); ч.2 л.5496 («необходимость дать время эвакуировать Ярослав», 24-25.09(7-8.10).1914); ч.2 л.8020 (X корпус в р-не Радымно, содействуя обложению Перемышля, к 28.10(8.11).1914 - подтверждает возврат района)","высокая увер. на первое взятие (точная дата); средняя на эвакуацию сент.1914 (есть цитата, но не точный день); средняя на повторное занятие (дата приблизительная, город восстановлен в ходе общего продвижения); потеря в 1915 - по общему Горлицкому отступлению, день условный, низкая увер."
Радымно,49.9667,22.8000,foreign,1914-09-09:empire;1914-09-25:foreign;1914-10-28:empire;1915-05-05:foreign,юг,yes,"Стратег.очерк ч.1 л.11694 (движение на Радымно 9(22).09.1914); ч.2 л.8020 («X корпус… в районе Радымно», к 28.10(8.11).1914)","1914 первое занятие - средняя увер. (цель директивы в тот же день, что и Ярослав); эвакуация сент. - по аналогии с Ярославом, низкая увер.; повторное занятие - средняя увер., точная дата корпуса; 1915 потеря - низкая увер."
Ланьцут,50.0667,22.2333,foreign,1914-09-08:empire;1915-05-05:foreign,юг,yes,"Стратег.очерк ч.1 л.11780 (XXV корпус с авангардом у Ланцут, сент.1914 - в связи с занятием Ярослава/Пшеворска)",низкая увер. на обе даты; не найдено отдельного подтверждения
Санок,49.5556,22.2094,foreign,1914-09-15:empire;1914-10-07:foreign;1914-11-05:empire;1915-05-05:foreign,юг,yes,"Стратег.очерк ч.2 л.7969-8001 (8 армия наступает на Санок, сент.1914; директива занять р-н Бирча-Санок-Хыров); л.5551 (2 австр.армия перешла Сан у Санок при контрударе, 24-25.09(7-8.10).1914 - временная потеря)","низкая-средняя увер., даты приблизительные, реконструированы по общему ходу операций (см. цикл Ярослав/Перемышль); 1915 потеря - низкая увер."
Кросно,49.6889,21.7714,foreign,1914-11-10:empire;1915-04-28:foreign,юг,yes,"Стратегический очерк, ч. 2 (1914); ч. 4: директива Ставки 28 апреля (10 мая) 1915 об отходе к Сану",28.04 ст. ст. - верхняя граница; поправлено картографом 19.09
Ясло,49.7458,21.4717,foreign,1914-11-10:empire;1915-04-28:foreign,юг,yes,"Стратегический очерк, ч. 2 (1914); ч. 4: директива Ставки 28 апреля (10 мая) 1915 об отходе к Сану","28.04 ст. ст. - верхняя граница (у розыскника 02.05 - после отхода к Сану, поздно); поправлено картографом 19.09"
Горлице,49.6531,21.1614,foreign,1914-11-15:empire;1915-04-20:foreign,юг,yes,Стратег.очерк ч.4 (Горлицкий прорыв как топоним операции - начало 20.04(03.05).1915); ww1_front_1915_1917.md,"1914 занятие - не найдено прямого подтверждения, низкая увер.; 1915 - высокая увер. по дню начала прорыва (город - эпицентр немецкого удара, к началу операции, видимо, уже был на или у линии фронта - см. предупреждение о линиях, возможно город все 1914-15 оставался спорным)"
Новый Сонч,49.6222,20.6964,foreign,,юг,yes,Стратег.очерк ч.2 л.11067 (упомянут как ориентир «Сандец на Тарнов»),"не найдено прямого указания на занятие; вероятно, город так и остался австрийским (фронт стабилизировался восточнее после Лимановской битвы дек.1914) - start=foreign без смен, низкая увер."
Тарнов,50.0128,20.9886,foreign,1914-11-12:empire;1915-04-23:foreign,юг,yes,"Стратегический очерк, ч. 2: «X корпус достиг Тарнова» (1914); ч. 4: прорыв у Горлице 19.04 (02.05) и директива Ставки 28 апреля (10 мая) 1915 об отходе к Сану","день ухода не найден, 23.04 ст. ст. - внутри окна между прорывом и директивой; у розыскника потери нет вовсе; поправлено картографом 19.09"
Лиско,49.4700,22.3372,foreign,1914-09-20:empire;1914-10-07:foreign;1914-11-05:empire;1915-05-05:foreign,юг,yes,"Стратег.очерк ч.2 л.1380-1552 (бои со стороны Лиско, сент.1914); л.5551-5552 (2 австр.армия перешла Сан у Санок и Лиско, контрудар 24-25.09(7-8.10).1914)","низкая увер., даты по аналогии с Санок (тот же операционный цикл)"
Турка,49.1544,23.0219,foreign,1914-09-11:empire;1915-05-05:foreign,юг,yes,"Стратег.очерк ч.1 л.11878 («перевал у Турка занят был конницей ген. Павлова», к 11(24).09.1914); ч.2 л.5551-5553 («у Турка вновь атаковал» - австрийский контрудар 24-25.09(7-8.10).1914)","высокая увер. на первое занятие (точная дата); контрудар 24.09 - неясно, был ли это кратковременный рейд или полная потеря перевала (город/перевал, видимо, удержан, т.к. далее числится в тылу при обложении Перемышля) - помечено, но не как полная смена; отмечена только как note, не как changes-запись; итоговая потеря 1915 - день условный, низкая увер."
Сколе,49.0333,23.5000,foreign,1914-09-15:empire;1915-05-10:foreign,юг,yes,"Клембовский ч.5 л.6158-6227 (бои у Сколе/р.Стрый, окт.1914 - подтверждают контроль)","низкая увер. на обе даты, оценка по соседним Турка/Стрый"
Владимир-Волынский,50.8500,24.3167,empire,1915-08-20:foreign,юг,yes,"Стратег.очерк ч.1 л.1993-1999 (австр.рейд 3(16).08.1914 отбит, город удержан); ч.4 л.4749 («части противника укрепились на фронте Владимир-Волынский-Порицк» к 27.07(9.08).1915)","1914 - НЕ смена стороны, кратковременная угроза (окружение снято тем же днём); 1915 потеря - день условный, точный день сдачи не найден (не нашёл и предыдущий розыскник), низкая увер.; в 1916-1917 не упомянут как отбитый - вероятно оставался foreign до конца периода"
Ковель,51.2167,24.7167,empire,1915-08-25:foreign,юг,yes,"ww1_front_1915_1917.md («Ковель - не взят: 22.08(04.09).1916 операция отменена», Зайончковский т.2 с.62); противоречие - тот же файл в разделе 1915 года ошибочно числит Ковель среди «оставшихся у империи»","день потери 1915 не найден, низкая увер.; ВНИМАНИЕ КУРАТОРУ: в файле ww1_front_1915_1917.md есть внутреннее противоречие - Ковель одновременно назван «оставшимся у империи» (со ссылкой на Зайончковского т.1 с.825-826) и целью неудачной операции 1916 года «не взят» (тот же Зайончковский, т.2 с.62); по логике источника (город - цель отдельной операции в 1916) Ковель в 1915 был потерян, первая запись, видимо, ошибочна или относится к участку тыла восточнее Ковеля, а не к городу; далее Ковель не отбит и в 1917, до конца периода - foreign"
Луцк,50.7472,25.3254,empire,1915-08-15:foreign;1916-05-25:empire,юг,yes,"ww1_front_1915_1917.md («Луцк - 25.05(07.06).1916 взят нами», Стратег.очерк ч.6 гл.I); Стратег.очерк ч.4 л.5622 (противник «захватил большую дорогу на Луцк» 14(27).08.1915); Зайончковский т.1 л.15663 (отход на линию «Луцк-р.Стрыпа»)","1915 потеря - день не найден ни в этом розыске, ни в предыдущем (см. «Не найдено» в ww1_front_1915_1917.md); по заданию куратора ожидался цикл «отбит и снова оставлен» до мая 1916 - подтверждения такого промежуточного эпизода в доступных текстах НЕ найдено (ч.4/ч.5 просмотрены), возможно требует Reichsarchiv или венской истории; 1916 - высокая увер., точная дата, город удержан до конца периода (в 1917 не упомянут как потерянный)"
Дубно,50.4200,25.7458,empire,1915-09-19:foreign;1916-05-31:empire,юг,yes,"Клембовский, Стратегический очерк, ч. 5 (1920), с. 48: «31 мая [1916]... 11. армия заняла Дубно»; линия осени 1915 года через Дубно - Зайончковский, т. 1, с. 825-826",день потери 1915 года не найден: 19.09 ст. ст. - верхняя граница (фронт встал по линии через Дубно); у розыскника «без смен» - опровергнуто Клембовским; поправлено картографом 19.09
Ровно,50.6199,26.2516,empire,,юг,yes,"Зайончковский т.1 с.825-826 («остались у империи… Ровно»); Стратег.очерк ч.7 (штаб 9 армии - Тарнополь, но Ровно - штаб фронта/совещания 1915-1917)",высокая увер. в отсутствии смены
Сарны,51.3378,26.6011,empire,,юг,yes,"Стратег.очерк ч.4 (узел прикрывается как тыловой, «Сарненский узел», авг.1915)",высокая увер. в отсутствии смены; узловая станция в глубоком тылу
Торчин,50.7333,24.8667,empire,1915-08-20:foreign;1916-06-01:empire,юг,yes,"Клембовский ч.5 л.2443 (конница 8 армии по завершении Луцкой операции направлена «южнее, на Торчин и Владимир-Волынский - 12 кав.дивизия», май(н.ст.)/июнь 1916)","1915 потеря - по аналогии с Луцком (тот же день, город рядом), низкая увер.; 1916 возврат - средняя увер. (упомянут в контексте преследования сразу после взятия Луцка), но Владимир-Волынский, к которому шло то же преследование, в итоге НЕ был удержан - значит, возможно, и Торчин удержан не был; помечено с осторожностью"
Каменец-Подольский,48.6833,26.5833,empire,,юг,yes,"Стратег.очерк ч.1 л.1989 («Каменец-Подольск, нами не защищаемый… 4(17) августа занят противником… продолжая движение, занял Дунаевцы»); л.9004 (17(30).08.1914 - обсуждение гарнизона «для прикрытия его от НАЛЁТОВ противника», т.е. постоянной оккупации уже нет)","НЕ смена стороны - кратковременный рейд подвижного отряда (австрийцы прошли город, не оставив гарнизон, и двинулись дальше на Дунаевцы); к 17(30).08 обсуждается защита от будущих налётов, а не освобождение - т.е. город к этому времени уже не занят противником; высокая увер., прямая цитата"
Мукачево,48.4450,22.7150,foreign,,юг,yes,"Стратег.очерк ч.3 (Мункач - направление боёв, ориентир, зима 1914/15)","тыловой якорь противника (Венгрия), не занимался"
Ужгород,48.6208,22.2879,foreign,,юг,yes,"Стратег.очерк ч.3 (Ужгород - направление боёв, ориентир)","тыловой якорь противника (Венгрия), не занимался"
Сигет,47.9333,23.8833,foreign,,юг,yes,"Стратег.очерк ч.1/ч.3 (Мармарош-Сигет - направление наступления противника из Венгрии, ориентир)","тыловой якорь противника (Венгрия), не занимался"
Проскуров,49.4167,26.9833,empire,,юг,yes,"Стратег.очерк ч.1 л.2688 (Проскуров упомянут в контексте разрушения ж.д. на случай отхода, 1914 - остаётся русским тылом)","тыловой якорь империи, не занимался; высокая увер."
Житомир,50.2547,28.6587,empire,,юг,yes,,"тыловой якорь империи (Волынская губерния), вне зоны боевых действий весь период; не найдено угроз, высокая увер."
Батум,41.6168,41.6367,empire,,кавказ,yes,Корсун 1946; Зайончковский т.1/2,"крепость и тыл, ни разу не описана как взятая; смен нет; уверенность высокая"
Артвин,41.1828,41.8183,empire,1914-11-03:foreign;1915-03-14:empire,кавказ,yes,Зайончковский т.1 стр.~289 (строка 15621); Allen&Muratoff 1953 p.295,пересчёт от 16.11.1914 и 27.03.1915 н.ст.; уверенность высокая
Ардануч,41.1197,42.0611,empire,1914-11-03:foreign;1915-01-05:empire,кавказ,yes,Зайончковский т.1 строка 15621; Allen&Muratoff 1953 p.293-294,дата возврата - оценка в окне 03-14.01.1915 н.ст.; уверенность средняя
Ардаган,41.1105,42.7022,empire,1914-12-12:foreign;1914-12-21:empire,кавказ,yes,Корсун 1946 с.33-35; Allen&Muratoff 1953 p.281,даты ст.ст.; возврат день-в-день сверен с Allen&Muratoff (3.01.1915 н.ст.); уверенность высокая
Ольты,40.5453,41.9994,empire,1914-12-10:foreign;1915-01-01:empire,кавказ,yes,Корсун 1946 с.33; Allen&Muratoff 1953 p.281,"дата потери - уход своих, не вход турок; возврат - пересчёт от 14.01.1915 н.ст.; уверенность средняя"
Сарыкамыш,40.3572,42.5514,empire,,кавказ,yes,Корсун 1946 с.34-35,рейд на пригород Верхний Сарыкамыш 13.12.1914 отбит в тот же день - не смена; уверенность высокая
Карс,40.6167,43.0964,empire,,кавказ,yes,Корсун 1946 (многократно как тыл/крепость),смен нет; уверенность высокая
Кагызман,40.1394,43.1214,empire,,кавказ,yes,Корсун 1946 с.43,тыловой пункт сосредоточения; смен нет; уверенность высокая
Игдырь,39.9167,44.0333,empire,,кавказ,yes,Зайончковский т.1 строка 15542,тыловая база Эриванского отряда; смен нет; уверенность высокая
Баязет,39.5478,44.0819,foreign,1914-10-21:empire,кавказ,yes,Allen&Muratoff 1953 p.244-245; Зайончковский т.1 строка 15595-15596,"пересчёт от 02-04.11.1914 н.ст., день - середина окна; уверенность высокая"
Диадин,39.5325,43.6539,foreign,1914-10-21:empire,кавказ,yes,Allen&Muratoff 1953 p.245; Зайончковский т.1 строка 15595-15596,"та же цитата, что Баязет; уверенность высокая"
Алашкерт (Топрак-кале),39.7756,42.6725,foreign,1914-10-22:empire;1915-07-11:foreign;1915-07-25:empire,кавказ,yes,Зайончковский т.1 строка 15596; Корсун 1946 с.43-44; Allen&Muratoff 1953 p.319,"координаты и история слиты с Каракилисой, источники их не различают; уверенность средняя"
Хасан-кала,39.9836,41.6772,foreign,1916-01-14:empire,кавказ,yes,Корсун 1946 с.51,"только «середина января» ст.ст., день - оценка; уверенность средняя"
Кёпрюкёй,39.8214,41.6975,foreign,1914-10-25:empire;1914-10-31:foreign;1916-01-04:empire,кавказ,yes,Allen&Muratoff 1953 p.245; Зайончковский т.1 строка 15608-15611; Корсун 1946 с.51,"дата потери 1914 - уход своих (пересчёт от 13.11.1914 н.ст.), вход турок отдельно не назван; уверенность средняя/высокая"
Эрзерум,39.9086,41.2769,foreign,1916-02-03:empire,кавказ,yes,Корсун 1946 с.53,ст.ст. = 16.02.1916 н.ст.; совпадает с заданием; уверенность высокая
Испир,40.4964,40.9897,foreign,1916-02-14:empire,кавказ,yes,Зайончковский т.1 строка 16659,"пересчёт от «конец февраля» н.ст., день - оценка; уверенность средняя"
Байбурт,40.2552,40.2249,foreign,1916-07-03:empire,кавказ,yes,Корсун 1946 с.66; Зайончковский т.2 строка 3760-3761,"ст.ст., день-в-день с Зайончковским (16.07.1916 н.ст.); уверенность высокая"
Гюмюшхане,40.4386,39.4844,foreign,1916-07-01:empire,кавказ,yes,Зайончковский т.2 строка 3771-3773,"«несколько ранее» взятия Калкита, день - оценка; уверенность низкая/средняя"
Эрзинджан,39.75,39.4917,foreign,1916-07-12:empire,кавказ,yes,Корсун 1946 с.68; Зайончковский т.2 строка 3768; Allen&Muratoff 1953 p.410,тройное совпадение источников день-в-день; уверенность высокая
Мамахатун,39.7742,40.3961,foreign,1916-03-02:empire;1916-05-17:foreign;1916-07-05:empire,кавказ,yes,"Зайончковский т.1 строка 16660; Корсун 1946 с.65; Зайончковский т.2 строка 3725, 3763-3764","все три даты - оценки от соседних точных дат, не отдельные цитаты; уверенность средняя"
Кигы,39.3467,40.9756,foreign,1916-07-05:empire,кавказ,yes,Зайончковский т.2 строка 3764-3765,день не назван отдельно от Мамахатуна/Эрзинджана; уверенность средняя
Хныс,39.3667,41.7011,foreign,1916-01-01:empire,кавказ,yes,Зайончковский т.1 строка 16599-16601,"пересчёт от «середина января» н.ст., день общий с Мелязгертом; уверенность средняя"
Мелязгерт (Манцикерт),39.1439,42.5378,foreign,1915-06-02:empire;1915-07-15:foreign;1916-01-01:empire,кавказ,yes,"Зайончковский т.1 строка 16561-16562, 16588, 16599-16601; Allen&Muratoff 1953 p.309-310","потеря июля 1915 сверена с Allen&Muratoff (26.07 н.ст., расхождение 2 дня); возврат зимой 1916 не отделён источником от Хныса; уверенность средняя/высокая на потерю, низкая на возврат"
Муш,38.7432,41.49,foreign,1916-02-01:empire;1916-07-24:foreign;1916-08-11:empire,кавказ,yes,Зайончковский т.1 строка 16660-16661; Allen&Muratoff 1953 p.422; Зайончковский т.2 строка 3818; Корсун 1946 с.74,"потеря и возврат подтверждены 2-3 источниками день-в-день; первое взятие - только «середина февраля»; уверенность высокая на смены 1916, средняя на первое взятие"
Битлис,38.4011,42.1078,foreign,1916-02-18:empire;1916-07-23:foreign,кавказ,yes,Зайончковский т.1 строка 16661-16662; Allen&Muratoff 1953 p.421-422; Зайончковский т.2 строка 3867,не отбит до конца периода (25.12.1917); уверенность высокая
Ван,38.4891,43.4089,foreign,1915-05-18:empire;1915-07-22:foreign;1915-07-28:empire,кавказ,yes,"Allen&Muratoff 1953 p.300, 309-310, 322","пересчёт от 31.05, 04.08 н.ст. (точные); возврат - «уже в августе» н.ст., день оценён (пересчёт от 10.08); уверенность высокая на вход/уход, средняя на возврат"
Эрджиш,39.0322,43.3661,foreign,1915-06-13:empire,кавказ,yes,Allen&Muratoff 1953 p.300-301,оценка по маршруту кавалерии Шарпантье (26.06.1915 н.ст.) мимо Эрджиша к Адильджевазу; уверенность низкая
Вастан,38.2922,43.1153,foreign,1915-07-28:empire,кавказ,yes,Allen&Muratoff 1953 p.322,"день взятия слит с Ваном; набеги турок 01 и 11.10.1915 отбиты, не смена; уверенность низкая/средняя"
Башкале,38.05,44.0333,foreign,1915-04-07:empire,кавказ,yes,Allen&Muratoff 1953 p.300,"верхняя граница (уже занят к 07.05.1915 н.ст.), точный день раньше не найден; уверенность низкая"
Хопа,41.4139,41.4297,foreign,1915-02-02:empire,кавказ,yes,Allen&Muratoff 1953 p.294-295,"пересчёт от «в феврале» 1915 н.ст., день - оценка середины месяца; уверенность средняя"
Архаве,41.3521,41.3094,foreign,1915-03-02:empire,кавказ,yes,Allen&Muratoff 1953 p.295,"пересчёт от «в марте» 1915 н.ст., день - оценка; уверенность средняя; точка 22.09.2026 перенесена в центр города по OSM (relation 1838463): прежняя 41.3667, 41.3167 стояла на береговой линии"
Ризе,41.0201,40.5234,foreign,1916-02-20:empire,кавказ,yes,Зайончковский т.1 строка 16497 (фрагмент о зиме 1916); Корсун 1946 с.58,"пересчёт от «начало марта» н.ст., день - оценка; к 25.03.1916 ст.ст. уже прочно в русских руках (Корсун); уверенность средняя"
Трапезунд,41.0027,39.7168,foreign,1916-04-05:empire,кавказ,yes,Корсун 1946 с.58,"ст.ст. = 18.04.1916 н.ст., совпадает с заданием; уверенность высокая"
Керасунд,40.9128,38.3895,foreign,,кавказ,yes,Allen&Muratoff 1953 (упоминания только как гипотетическая цель),не был взят за весь период; уверенность высокая (отрицательный факт)
Сивас,39.7477,37.0179,foreign,,кавказ,yes,Корсун 1946 (турецкая тыловая база и несостоявшаяся цель),"тыловой якорь противника, не взят; уверенность высокая"
Харпут,38.6748,39.2554,foreign,,кавказ,yes,Корсун 1946 с.63 («наступая от Харпута»),"тыловой якорь противника, не взят; уверенность высокая"
Диярбакыр,37.9144,40.2306,foreign,,кавказ,yes,Allen&Muratoff 1953 (турецкий тыловой узел),"тыловой якорь противника, не взят; уверенность высокая"
Тифлис,41.7151,44.8271,empire,,кавказ,yes,"тыл: фронт 1914-1917 до города не доходил (Корсун Н. Г. «Первая мировая война на Кавказском фронте», 1946)",тыловой якорь
Эривань,40.1792,44.4991,empire,,кавказ,yes,"тыл: фронт 1914-1917 до города не доходил (Корсун Н. Г. «Первая мировая война на Кавказском фронте», 1946)",тыловой якорь
Кутаис,42.2679,42.6946,empire,,кавказ,yes,"тыл: фронт 1914-1917 до города не доходил (Корсун Н. Г. «Первая мировая война на Кавказском фронте», 1946)",тыловой якорь
Ахалцих,41.6390,42.9826,empire,,кавказ,yes,"тыл: фронт 1914-1917 до города не доходил (Корсун Н. Г. «Первая мировая война на Кавказском фронте», 1946)",тыловой якорь
Ахалкалаки,41.4050,43.4862,empire,,кавказ,yes,"тыл: фронт 1914-1917 до города не доходил (Корсун Н. Г. «Первая мировая война на Кавказском фронте», 1946)",тыловой якорь
Александрополь,40.7894,43.8475,empire,,кавказ,yes,"тыл: фронт 1914-1917 до города не доходил (Корсун Н. Г. «Первая мировая война на Кавказском фронте», 1946)",тыловой якорь
Нахичевань,39.2089,45.4122,empire,,кавказ,yes,"тыл: фронт 1914-1917 до города не доходил (Корсун Н. Г. «Первая мировая война на Кавказском фронте», 1946)",тыловой якорь
Елисаветполь,40.6828,46.3606,empire,,кавказ,yes,"тыл: фронт 1914-1917 до города не доходил (Корсун Н. Г. «Первая мировая война на Кавказском фронте», 1946)",тыловой якорь
Вормс (Вормси),59.0045,23.2488,empire,1917-10-07:foreign,север,yes,"Косинский А. М., «Моонзундская операция Балтийского флота 1917 года» (1928), гл. 12: донесение полк. Веселаго с Вормса вечером 07 (20).10.1917 - «Остров в настоящее время в руках неприятеля»","своя батарея № 30 взорвана командой накануне вечером 06 (19).10; высадка на материковый Вердер - 08 (21).10; розыск ww1_hvosty_2026-09-22.md; высокая уверенность, прямая цитата документа"
Надворная,48.6336,24.5684,foreign,1914-09-05:empire;1915-02-01:foreign;1916-07-29:empire,юг,yes,"Стратегический очерк, ч. 3, строки 4068-4070: 31.01 (13.02) ещё на рубеже Битков - Надворная - Еросна, 1 (14).02.1915 «пр-к занял Надворную»; Зайончковский, т. 2, с. 64: «11 августа [1916] взял Станиславов и Надворная»","1914 - по аналогии с Коломыей, Кутами, Снятыном (тот же узел, отдельно не найдена) - низкая уверенность; 1915 и 1916 - высокая; возврата в марте 1915 не было; розыск ww1_hvosty_2026-09-22.md"
