city,lat,lon,start,start_day,end_day,changes,theatre,anchor,source,note
Таллин,59.4370,24.7536,empire,,,1918-02-25:foreign,балтия,yes,Директивы Главкома (1969) док.№10/21 с.29 (верхняя граница «к 1 марта»); Тартуский мирный договор 1920 ст.XI (24.02 — дата провозглашения независимости); et.wiki,"подтверждено документом (верхняя граница); точный день 25.02 — по et.wiki, не в противоречии; трактат называет 24.02 как ПОЛИТИЧЕСКУЮ дату (провозглашение независимости), это не то же самое, что физический вход войск в город | даты н. ст.; сторона start - на 25.12.1917; розыск MAP-MATERIALS/peresmotr_resheniy_2026-09-18/rozysk/b6_baltia_1917_1920_sverka.md"
Тарту,58.3780,26.7290,empire,,,1918-02-24:foreign;1918-12-21:empire;1919-01-14:foreign,балтия,yes,"Директивы Главкома с.29 (герм.оккупация, верхняя граница); DIGAR Tallinna Teataja/Waba Maa/Päewaleht 23.12.1918 (взятие красными, дата ИЗМЕНЕНА); директивы №180(12.01) и №739ш(26.01) (бракетируют освобождение)","24.02 подтверждено документом (верхняя граница); 21.12 ДОКУМЕНТ ДАЁТ ДРУГУЮ ДАТУ — было 24.12 (en.wiki 'Christmas Eve'), три газеты от 23.12.1918 сообщают о падении, Tallinna Teataja прямо называет день недели 'суббота' = 21.12.1918 (проверено независимо календарём); 14.01 бракетировано документом (12.01 ещё наш, 26.01 уже цель), точный день — вики | даты н. ст.; сторона start - на 25.12.1917; розыск MAP-MATERIALS/peresmotr_resheniy_2026-09-18/rozysk/b6_baltia_1917_1920_sverka.md"
Нарва,59.3733,28.1903,empire,,,1918-03-04:foreign;1918-11-29:empire;1919-01-19:foreign,балтия,yes,"et.wiki (04.03); DIGAR Tallinna Teataja 29-30.11.1918 + Декреты сов.власти т.4 с.157 (29.11); директива №316/оп 20.01.1919 (19.01, косвенно)","04.03 документа не найдено (только et.wiki); 29.11 подтверждено документом (период.печать, уточнено — вечер/ночь 29.11, утром город ещё держался); 19.01.1919 вики + косвенно документ (директива от 20.01 говорит об отступлении ЗА Нарову как о факте) | даты н. ст.; сторона start - на 25.12.1917; розыск MAP-MATERIALS/peresmotr_resheniy_2026-09-18/rozysk/b6_baltia_1917_1920_sverka.md"
Пярну,58.3859,24.4971,empire,,,1918-02-24:foreign,балтия,yes,"et.wiki Saksa okupatsioon Eestis; Директивы Главкома (доп. подтверждение негативного факта — №149 нач.янв.1919, №156 20.01.1919)",дата герм.оккупации — документа не найдено (только et.wiki); негативный факт (не взят в 1918/19) подтверждён ДВУМЯ документами сверх прежнего | даты н. ст.; сторона start - на 25.12.1917; розыск MAP-MATERIALS/peresmotr_resheniy_2026-09-18/rozysk/b6_baltia_1917_1920_sverka.md
Вильянди,58.3639,25.5900,empire,,,1918-02-25:foreign,балтия,yes,"et.wiki Saksa okupatsioon Eestis; Директивы Главкома (доп. — директива армии Латвии 26.01.1919, «феллинское направление»)",дата герм.оккупации — документа не найдено (только et.wiki); негативный факт подтверждён документом сверх прежнего | даты н. ст.; сторона start - на 25.12.1917; розыск MAP-MATERIALS/peresmotr_resheniy_2026-09-18/rozysk/b6_baltia_1917_1920_sverka.md
Раквере,59.3467,26.3556,empire,,,1918-02-27:foreign;1918-12-01:empire;1919-01-12:foreign,балтия,yes,"en.wiki Estonian War of Independence; DIGAR Rahvaleht 24.02.1918 (слух, не факт); Директивы Главкома (доклад ~9.01.1919, «Тапса, Везенберга и Нарвы»)","27.02 документа не найдено напрямую (найден СЛУХ от 24.02.1918 в большевистской газете Rahvaleht о герм. авангарде уже в Раквере — источник сам называет это слухом, дату не меняю, но диапазон возможно шире); 01.12 и 12.01 документа не найдено, только контекст удержания на 9.01.1919 подтверждён | даты н. ст.; сторона start - на 25.12.1917; розыск MAP-MATERIALS/peresmotr_resheniy_2026-09-18/rozysk/b6_baltia_1917_1920_sverka.md"
Хаапсалу,58.9433,23.5406,empire,,,1918-02-24:foreign,балтия,yes,"DIGAR Postimees 22-23.02.1918 (опровержение слуха), Sakala 24.02.1918 (первое сообщение как факт), Postimees 02.03.1918 (полный нарратив десанта Лихула-Гапсаль-Вормси)","ДОКУМЕНТ ДАЁТ ДРУГУЮ ДАТУ: было 20-23.02 (диапазон), стало 24.02-02.03 (диапазон); дата 22.02 ПРЯМО ОПРОВЕРГНУТА документом (Postimees 23.02: «Гапсаль НЕ в руках немцев» со ссылкой на телеграмму от 22.02); первое сообщение как факт — 24.02 (Sakala); полный нарратив морского десанта через Лихулу — только к 02.03; точный день внутри 24.02-02.03 не закрыт | даты н. ст.; сторона start - на 25.12.1917; розыск MAP-MATERIALS/peresmotr_resheniy_2026-09-18/rozysk/b6_baltia_1917_1920_sverka.md"
Валга,57.7737,26.0271,empire,,,1918-02-22:foreign;1918-12-18:empire;1919-01-31:foreign,балтия,yes,"DIGAR Postimees:Pärnu väljaanne 22-23.02.1918 (герм.оккупация, точная дата); DIGAR Päewaleht 21.12.1918 (нарратив взятия красными); en.wiki EWI; et.wiki","22.02 ПОДТВЕРЖДЕНО документом (телеграфное сообщение «eila»=вчера=22.02, опубл. 23.02); 18.12 найден развёрнутый газетный нарратив взятия (Päewaleht 21.12, «Kudas Walk enamlaste kätte jäi»), но точное число не извлечено из доступного сниппета — де-факто дата держится на вики, событие же подтверждено периодической печатью; 31.01.1919 документа не найдено | даты н. ст.; сторона start - на 25.12.1917; розыск MAP-MATERIALS/peresmotr_resheniy_2026-09-18/rozysk/b6_baltia_1917_1920_sverka.md"
Цесис,57.3119,25.2747,empire,,,1918-02-20:foreign;1918-12-23:empire;1919-05-31:foreign,балтия,yes,"lv.wiki Latvijas brīvības cīņas; et.wiki Vabadussõda; Директивы Главкома (доклад ~10.12.1918, «в направлении... Венден, Рига» — контекст)","20.02 документа не найдено; 23.12 контекст усилен (на 10.12.1918 Цесис/Венден ещё направление, не рубеж — совместимо со взятием через 13 дней), точный день — только lv.wiki; 31.05 документа не найдено | даты н. ст.; сторона start - на 25.12.1917; розыск MAP-MATERIALS/peresmotr_resheniy_2026-09-18/rozysk/b6_baltia_1917_1920_sverka.md"
Валмиера,57.5410,25.4260,empire,,,1918-02-22:foreign;1918-12-22:empire;1919-05-30:foreign,балтия,yes,Директивы Главкома док.№18 25.02.1918 с.20 («уже вошли в Вольмар») — НОВОЕ; lv.wiki; et.wiki,"22.02 ПОДТВЕРЖДЕНО документом (верхняя граница «уже» на 25.02, не противоречит дате на 3 дня раньше); 22.12 и 30.05 документа не найдено | даты н. ст.; сторона start - на 25.12.1917; розыск MAP-MATERIALS/peresmotr_resheniy_2026-09-18/rozysk/b6_baltia_1917_1920_sverka.md"
Рига,56.9496,24.1052,foreign,,,1919-01-03:empire;1919-05-22:foreign,балтия,yes,"Директивы Главкома, примечание сборника №34 с.145-146 («3 января вступили в Ригу») — НОВОЕ прямое подтверждение; директива №606/ш ~6.01.1919 («ввиду взятия Риги»); доклад №289 24.06.1919 (потеря, уже было)","03.01 ПОДТВЕРЖДЕНО документом дословно и точно (редакционное примечание сборника 1969, не пересказ вики) — апгрейд с «вики+косвенно»; 22.05 подтверждено документом (без изменений, было и в старом файле) | даты н. ст.; сторона start - на 25.12.1917; розыск MAP-MATERIALS/peresmotr_resheniy_2026-09-18/rozysk/b6_baltia_1917_1920_sverka.md"
Елгава,56.6511,23.7214,foreign,,,1919-01-09:empire;1919-03-18:foreign,балтия,yes,"lv.wiki; Директивы Главкома №491/ш 15.12.1918 (ещё цель), №606/ш ~6.01.1919 (ещё цель), №156 20.01.1919 (уже удерживается) — бракетируют; примечание №59 (контекст марта)","09.01 не дано документом дословно, но БРАКЕТИРОВАНО (не взята 15.12 и 6.01, удерживается 20.01); 18.03 контекст подтверждён («в начале марта» наступление на Митаву), точный день — вторичная литература | даты н. ст.; сторона start - на 25.12.1917; розыск MAP-MATERIALS/peresmotr_resheniy_2026-09-18/rozysk/b6_baltia_1917_1920_sverka.md"
Даугавпилс,55.8747,26.5364,empire,,,1918-02-18:foreign;1918-12-09:empire;1920-01-03:foreign,балтия,yes,"lsm.lv (герм.оккупация); Директивы Главкома, «Перечень документов» — «9 декабря. Директива... о создании укрепленной позиции вокруг Двинска» (НОВОЕ точное совпадение) + записи 01.06.1919, 27.08.1919 (удержание), 06-08.01.1920 (кризис)","18.02 документа не найдено; 09.12 ПОДТВЕРЖДЕНО документом — дата документа ТОЧНО совпадает с датой события (сверх уже бывшей в старом файле цитаты); 03.01.1920 контекст усилен (кризисные донесения 6-8.01.1920), точный день — общеизвестная операция | даты н. ст.; сторона start - на 25.12.1917; розыск MAP-MATERIALS/peresmotr_resheniy_2026-09-18/rozysk/b6_baltia_1917_1920_sverka.md"
Резекне,56.5089,27.3319,empire,,,1918-02-21:foreign;1918-12-01:empire;1920-01-21:foreign,балтия,yes,"lv.wiki Rēzeknes atbrīvošana (1920); Директивы Главкома, доклад Главкому №129 «Январь 1919 г.» («Режица — Валк — Гайнаш» как линия фронта) — контекст","21.02.1918 документа не найдено; 01.12.1918 контекст подтверждён (Режица уже в глубоком тылу фронта на январь 1919), точный день не найден; 21.01.1920 подтверждено документом дословно (без изменений, было в старом файле) | даты н. ст.; сторона start - на 25.12.1917; розыск MAP-MATERIALS/peresmotr_resheniy_2026-09-18/rozysk/b6_baltia_1917_1920_sverka.md"
Лудза,56.5478,27.7178,empire,,,1918-02-25:foreign;1918-12-01:empire;1920-01-26:foreign,балтия,yes,"Директивы Главкома док.№10/21 с.29 (страница уточнена, было ~21); веб (Латгальская операция)","25.02.1918 ПОДТВЕРЖДЕНО документом (без изменения даты, была и в старом файле — здесь только уточнена страница источника: с.29, не ~21); 01.12.1918 документа не найдено; 26.01.1920 документа не найдено | даты н. ст.; сторона start - на 25.12.1917; розыск MAP-MATERIALS/peresmotr_resheniy_2026-09-18/rozysk/b6_baltia_1917_1920_sverka.md"
Лиепая,56.5053,21.0107,foreign,,,,балтия,yes,"Директивы Главкома, примечания сборника №28 с.133 (брит.эскадра свободно в Либаве 1.12.1918) и №34 с.145-146 (туда бежало правительство Латвии) — НОВОЕ; lsm.lv","негативный факт («никогда не взята») ПОДТВЕРЖДЁН документом дважды (два редакционных примечания академического сборника 1969), сверх прежнего lsm.lv | даты н. ст.; сторона start - на 25.12.1917; розыск MAP-MATERIALS/peresmotr_resheniy_2026-09-18/rozysk/b6_baltia_1917_1920_sverka.md"
Вентспилс,57.3894,21.5606,foreign,,,1919-01-31:empire;1919-02-24:foreign,балтия,yes,"Директивы Главкома, примечание сборника №59 с.800 (аннотирует документ на с.363) — НОВОЕ, разрешает старое противоречие","СТАРОЕ ПРОТИВОРЕЧИЕ РАЗРЕШЕНО: взятие красными «в конце января 1919» (точный день источник не называет — условно взят последний день месяца, 31.01) и потеря Балтийскому ландесверу ТОЧНО 24.02.1919 (документ называет день). Мартовская директива о десантах в Виндаве (была в старом файле) теперь непротиворечива — к марту Виндава уже 6 дней не советская | даты н. ст.; сторона start - на 25.12.1917; розыск MAP-MATERIALS/peresmotr_resheniy_2026-09-18/rozysk/b6_baltia_1917_1920_sverka.md"
Тукумс,56.9678,23.1547,foreign,,,1919-01-03:empire;1919-03-15:foreign,балтия,yes,"lsm.lv; militaryheritagetourism.info; Директивы Главкома №156 20.01.1919 (контекст удержания), примечание №59 (контекст марта)","03.01 контекст усилен (на 20.01 уже удерживается), точный день — вторичная лит-ра; 15.03 контекст подтверждён (наступление «в начале марта» на Тукум), точный день — вторичная лит-ра | даты н. ст.; сторона start - на 25.12.1917; розыск MAP-MATERIALS/peresmotr_resheniy_2026-09-18/rozysk/b6_baltia_1917_1920_sverka.md"
Вильнюс,54.6872,25.2797,foreign,,,1919-01-05:empire;1919-04-20:foreign;1920-07-14:empire;1920-08-26:foreign,балтия,yes,"Директивы Главкома №614/ш(6.01) и №649/ш(12.01, «ввиду достижения линии Вильно») — бракетируют 05.01; доклад №289 + отдельное редакц. примечание сборника (оба подтверждают 20.04); en.wiki (даты 1920, без изменений)","05.01 БРАКЕТИРОВАНО документом (директива от 6.01 обсуждает продвижение УЖЕ ЗА Вильно, директива от 12.01 прямо говорит «ввиду достижения» этой линии), точный день — вики; 20.04 ПОДТВЕРЖДЕНО документом дважды (основной текст доклада №289 и отдельное редакционное примечание того же сборника); 14.07.1920 и 26.08.1920 документа не найдено | даты н. ст.; сторона start - на 25.12.1917; розыск MAP-MATERIALS/peresmotr_resheniy_2026-09-18/rozysk/b6_baltia_1917_1920_sverka.md"
Каунас,54.8985,23.9036,foreign,,,,балтия,yes,"en.wiki Lithuanian-Soviet War; Директивы Главкома №150(6.01, только разведка), №754/ш(31.01, приказ взять силой — не взят), №311(22.02, только разведка) — НОВОЕ тройное подтверждение",негативный факт («большевиками не взят») ПОДТВЕРЖДЁН документом трижды на протяжении января-февраля 1919 (сверх прежнего en.wiki) | даты н. ст.; сторона start - на 25.12.1917; розыск MAP-MATERIALS/peresmotr_resheniy_2026-09-18/rozysk/b6_baltia_1917_1920_sverka.md
Шяуляй,55.9349,23.3140,foreign,,,1919-01-15:empire;1919-03-11:foreign,балтия,yes,"веб (karys.lt и др.); Директивы Главкома №150(6.01, ещё цель), №156(20.01, уже удерживается) — бракетируют; примечание №59 (контекст марта)","15.01 не дано документом дословно, но БРАКЕТИРОВАНО (цель на 6.01, удерживается на 20.01); 11.03 контекст подтверждён («в начале марта» наступление на Шавли), точный день — вторичная лит-ра | даты н. ст.; сторона start - на 25.12.1917; розыск MAP-MATERIALS/peresmotr_resheniy_2026-09-18/rozysk/b6_baltia_1917_1920_sverka.md"
Паневежис,55.7347,24.3571,foreign,,,1919-01-09:empire;1919-03-24:foreign;1919-04-04:empire;1919-05-20:foreign;1919-05-21:empire;1919-05-23:foreign,балтия,yes,"en.wiki Lithuanian-Soviet War; Директивы Главкома №150(6.01, ещё цель), №156(20.01, уже удерживается), доклад №289(22.05, «давил со стороны Поневежа»)","09.01 БРАКЕТИРОВАНО документом (цель на 6.01, удерживается на 20.01); 24.03, 04.04, 20.05, 21.05 документа не найдено (только вики, без изменений); 23.05 (окончательный уход) — контекст усилен (доклад от 24.06.1919 фиксирует давление со стороны Поневежа уже на ~22.05, за день до финальной даты — согласуется), точный день — вики | даты н. ст.; сторона start - на 25.12.1917; розыск MAP-MATERIALS/peresmotr_resheniy_2026-09-18/rozysk/b6_baltia_1917_1920_sverka.md"
Гродно,53.6884,23.8258,foreign,,,1920-07-19:empire;1920-09-26:foreign,балтия,yes,"Директивы Главкома №754/ш(31.01.1919, приказ взять силой — закрывает пробел старого файла для 1919); телеграмма №636 Каменева 23.07.1920 («19 числа занят Гродно») — НОВОЕ точное подтверждение; запись 24.09.1920 («литовский участок») — контекст; en.wiki, ru.wiki (без изменений для 26.09)","НЕГАТИВНЫЙ факт 1919 (не входил в Литбел) ПОДТВЕРЖДЁН документом — было «нужен документ» в старом файле, теперь закрыто; 19.07.1920 ПОДТВЕРЖДЕНО документом дословно (прямая цитата оперативной телеграммы Главкома — апгрейд с «2 независимых вики»); 26.09.1920 документа не найдено для точного дня (контекст усилен директивой от 24.09 о «литовском участке») | даты н. ст.; сторона start - на 25.12.1917; розыск MAP-MATERIALS/peresmotr_resheniy_2026-09-18/rozysk/b6_baltia_1917_1920_sverka.md"
Алуксне,57.4225,27.0450,empire,,,1918-02-27:foreign;1918-12-07:empire;1919-01-31:foreign,балтия,yes,"en.wiki Latvian War of Independence; Директивы Главкома, доклад №129 «Январь 1919 г.» («Ревель — Валк — Мариенбург — Остров» как линия фронта) — контекст","доп., не входил в список задания; контекст декабрьского удержания подтверждён документом (город в линии фронта на январь 1919), точные дни (27.02, 07.12, 31.01) документа не найдено | даты н. ст.; сторона start - на 25.12.1917; розыск MAP-MATERIALS/peresmotr_resheniy_2026-09-18/rozysk/b6_baltia_1917_1920_sverka.md"
Гулбене,57.1667,26.7500,empire,,,1918-02-28:foreign,балтия,no,веб (sargs.lv/lsm.lv хронология 1918),"НЕ ГОЛОСУЕТ: взятие красными в декабре 1918 года и уход в 1919 году розыск не проверял (b6_baltia_1917_1920.csv: «взятие красными в 1918/19 не проверялось»); с одной февральской датой якорь давал дыру посреди Латвийской ССР. | доп., не входил в список задания; документа не найдено, без изменений | даты н. ст.; сторона start - на 25.12.1917; розыск MAP-MATERIALS/peresmotr_resheniy_2026-09-18/rozysk/b6_baltia_1917_1920_sverka.md"
Зилупе,56.3833,28.1167,empire,,,1918-02-25:foreign;1918-12-01:empire;1920-02-01:foreign,балтия,yes,lv.wiki (латгальская операция),"доп., не входил в список задания; документа не найдено ни для одной даты (по аналогии с Резекне/Лудзой — тот же уезд, но отдельно не встретилось в документах), без изменений | даты н. ст.; сторона start - на 25.12.1917; розыск MAP-MATERIALS/peresmotr_resheniy_2026-09-18/rozysk/b6_baltia_1917_1920_sverka.md"
Тапа,59.2611,25.9550,empire,,,1918-02-26:foreign;1918-12-24:empire;1919-01-09:foreign,балтия,yes,"en.wiki Estonian War of Independence; Директивы Главкома, доклад ~9.01.1919 («Тапса, Везенберга и Нарвы» — укрепления) — контекст","доп., не входил в список задания; контекст удержания на 9.01.1919 подтверждён документом (узловая станция ещё наша и укрепляется в тот же день, когда по CSV она формально уже потеряна — не противоречие, а точное попадание в день перелома); точные дни всех трёх смен — документа не найдено | даты н. ст.; сторона start - на 25.12.1917; розыск MAP-MATERIALS/peresmotr_resheniy_2026-09-18/rozysk/b6_baltia_1917_1920_sverka.md"
Лида,53.8916,25.3023,foreign,,,1919-02-10:empire;1919-04-17:foreign;1920-07-17:empire;1920-09-28:foreign,польша,yes,"ru.wikipedia «Бои за Лиду (1919)» (ссылка на А.П.Грицкевич «Западный фронт РСФСР 1918-1920»): «16 апреля 1919 года в 5 часов утра группа начала наступление на Лиду», «к 5 часам утра Лида была захвачена» (польскими войсками); тот же источник, контекст: «23 марта 1919 года польский рейдовый отряд… атаковал Лиду и занял казармы, но был выбит советскими войсками» (город ещё наш); обзорные вторичные источники (WielkaHistoria и агрегаторы на базе английской и белорусской статей): «by the beginning of February 1919 the Red Army... [occupied]... Lida», «From April 17, 1919 to July 17, 1920, the Lida region was occupied by Polish forces»; kresy.pl «Bitwa niemeńska 20–29 września 1920», dzieje.pl (Лида взята 28.09.1920, на следующий день — визит Пилсудского и Рыдз-Смиглы)","10.02.1919 — ОЦЕНКА (документ и точная дата не найдены, только общее «к началу февраля»); 17.04.1919 подтверждено дословно ru.wiki с опорой на Грицкевича — это дата, которую куратор уже держал в задании; 17.07.1920 — только вторичный агрегатор без сноски на первоисточник, документа не найдено, но дата правдоподобна (Лида на трассе Вильна—Гродно, взята за два дня до Гродно 19.07); 28.09.1920 — вторичная лит-ра о Неманской операции, день конкретный | даты н. ст.; сторона start - на 25.12.1917; розыск MAP-MATERIALS/peresmotr_resheniy_2026-09-18/rozysk/b6_front1920_polsha_2026-09-22.md"
Волковыск,53.1647,24.4582,foreign,,,1920-07-24:empire;1920-09-23:foreign,польша,yes,"pl.wikipedia «Wołkowysk» (сырой wikitext через action=raw): «24 lipca 1920 – wyparcie sił polskich, zajęcie miasta przez bolszewicką 16 Armię», ссылка на Wyszczelski L. «Wojna polsko-rosyjska 1919–1920», t.1, s.600, гл. «Odwrót znad Auty i Berezyny»; Директивы Главкома, докладная записка №5162/оп 993/ш 24.08.1920 17:50, Минск: «Запфронт уже выстраивается по линии Волковыск — Пружаны — Кобрин — все пункты в наших руках» (файл baltia1917_direktivy_glavkoma_krasnoy_armii_1969_djvu.txt, строка ~38658); kresy.pl «Bitwa niemeńska 20–29 września 1920»: «23 września части 4 Armii начали атаку на Wołkowysk… захвачен тем же вечером»","24.07.1920 подтверждено вторичной академической лит-рой с постраничной сноской (Вышчельский); 24.08.1920 (город ещё наш) ПОДТВЕРЖДЕНО ПЕРВИЧНЫМ документом дословно; 23.09.1920 вечером — вторичная лит-ра о Неманской операции, день конкретный, но сам документ Генштаба не вскрыт | даты н. ст.; сторона start - на 25.12.1917; розыск MAP-MATERIALS/peresmotr_resheniy_2026-09-18/rozysk/b6_front1920_polsha_2026-09-22.md"
Барановичи,53.1323,26.0184,foreign,,,1919-02-01:empire;1919-04-19:foreign;1920-07-20:empire;1920-09-30:foreign,польша,yes,"pl.wikipedia «Baranowicze» (сырой wikitext): «18 kwietnia 1919 siły polskie ponownie zaatakowały Baranowicze… 19 kwietnia dokonano szturmu i do godziny 7:00 całkowicie oczyszczono miasto», а также контекст «18 marca 1919 polski oddział kawalerii 13 pułku Ułanów Wileńskich… dokonał rajdu i przejściowo odbił Baranowicze» (город наш и в марте); Директивы Главкома, директива №4502/оп 956/ш 30.07.1920: «продвижение 16 армии Западного фронта, наступающей через Барановичи на Волковыск» (файл …, строка ~38135 — контекст, город уже позади фронта к 30.07); открытые пересказы коммюнике польского Генштаба от 30.09.1920: «Wielkopolska group, наступая со стороны Слонима, взяла Барановичи 30-го числа»","01.02.1919 — ОЦЕНКА (не найдено, по аналогии с общим занятием региона Западной армией к началу 1919, см. Лида/Пинск); 19.04.1919 подтверждено дословно польским источником дважды (штурм и более ранний мартовский рейд); 20.07.1920 — БРАКЕТИРОВАНО документом (директива 30.07 говорит о 16-й армии уже ЗА Барановичами на пути к Волковыску, взятому 24.07 — Барановичи должны быть взяты раньше; Слоним рядом по документу взят 22.07, дата Барановичей поставлена на день раньше как оценка, точный день документа не найдено); 30.09.1920 — вторичный пересказ коммюнике, дата конкретная, но сам оригинал коммюнике не вскрыт | даты н. ст.; сторона start - на 25.12.1917; розыск MAP-MATERIALS/peresmotr_resheniy_2026-09-18/rozysk/b6_front1920_polsha_2026-09-22.md"
Слоним,53.0927,25.3193,foreign,,,1920-07-22:empire;1920-09-24:foreign,польша,yes,"Директивы Главкома, записка Каменева Склянскому №2155/сек 23.07.1920 18:55 (документ №636 сборника): «Сейчас в Смоленске… 19 числа занят Гродно, а вчера Слоним» (файл baltia1917_direktivy_glavkoma_krasnoy_armii_1969_djvu.txt, строка 40014); дата ухода — не найдено, оценка интерполяцией между соседями (Волковыск 23.09 вечером, Гродно 26.09)","22.07.1920 ПОДТВЕРЖДЕНО документом дословно (прямая цитата оперативной телеграммы Главкома; «вчера» считается от даты документа 23.07.1920); дата ухода (24.09.1920) — ОЦЕНКА, ни документа, ни вторичной лит-ры с точным днём не найдено; город лежит географически между Волковыском и Барановичами, взятыми 23.09 и 30.09 — дата подобрана внутри этого окна | даты н. ст.; сторона start - на 25.12.1917; розыск MAP-MATERIALS/peresmotr_resheniy_2026-09-18/rozysk/b6_front1920_polsha_2026-09-22.md"
Пинск,52.1114,26.1025,foreign,,,1919-01-15:empire;1919-03-05:foreign;1920-07-15:empire;1920-09-26:foreign,польша,yes,"historia.org.pl «Wojna polsko-bolszewicka 1919–1921 – kalendarium», dzieje.pl «Kalendarium wojny polsko-bolszewickiej»: «Polskie wojska zdobyły Pińsk 5 marca 1919» (в числе первых польских успехов, вместе со взятием Nowogródek и Wilna в начале апреля генералом Шептицким); обзорный контекст (агрегатор): «Zachodnia Armia zajęła… Pińsk» к началу 1919; Директивы Главкома — Пинск в сборнике почти не упоминается отдельной строкой для 1920 года, только в общих перечислениях рубежей Мозырской группы; przystanekhistoria.pl «Stanisław Bułak-Bałachowicz i jego żołnierze»: Пинск взят силами ген. Булак-Балаховича 26.09.1920 в 16:00, взято 2400 пленных, включая штаб 4-й советской армии, 280 вагонов имущества","15.01.1919 — ОЦЕНКА (точного дня не найдено, только общий контекст занятия Полесья Западной армией к началу 1919); 05.03.1919 подтверждено вторичной лит-рой дважды независимо (historia.org.pl и dzieje.pl согласуются) — дата, которую куратор уже держал в задании; 15.07.1920 — ОЦЕНКА (документ прямо не называет день взятия Пинска в 1920 году, только общий контекст «за две недели» вместе с Минском 11.07 и Гродно 19.07 — Пинск южнее по Полесью, темп мог отличаться, поставлена середина интервала); 26.09.1920 16:00 подробно подтверждено вторичной лит-рой (число пленных, взят штаб армии противника), но сам оригинал донесения Булак-Балаховича не вскрыт | даты н. ст.; сторона start - на 25.12.1917; розыск MAP-MATERIALS/peresmotr_resheniy_2026-09-18/rozysk/b6_front1920_polsha_2026-09-22.md"
Белосток,53.1324,23.1592,foreign,,,1920-07-28:empire;1920-08-22:foreign,польша,yes,"en.wikipedia «Provisional Polish Revolutionary Committee»: «Białystok was the first major city west of the Curzon line, occupied by the Red Army on 28 July 1920»; там же — манифест Польревкома формально датирован 30 июля, но «Marchlewski… arrived in Białystok… on the night of 1–2 August»; портал 1920.gov.pl («30 lipca 1920») — текст манифеста Польревкома; wszystkoconajwazniejsze.pl / dzieje.pl «Bitwa białostocka 1920»: «22 sierpnia 1920… 1 pułk piechoty Legionów i wycofujące się spod Warszawy resztki 16 Armii… Białystok… odbity przez Polaków»; TwojaHistoria.pl даёт более широкий диапазон боя 20–23 sierpnia","28.07.1920 подтверждено дважды независимо (англ.вики и польский государственный историч. портал 1920.gov.pl, оба согласуются про занятие красными и последующее — с разрывом в несколько дней — провозглашение Польревкома); 22.08.1920 — вторичная лит-ра, один источник называет точный день боя, другой (TwojaHistoria) даёт более широкий диапазон 20–23.08 без уточнения дня взятия; документа 1969 года не найдено (Белосток в нём не упоминается по имени) | даты н. ст.; сторона start - на 25.12.1917; розыск MAP-MATERIALS/peresmotr_resheniy_2026-09-18/rozysk/b6_front1920_polsha_2026-09-22.md"
Брест-Литовск,52.0955,23.6941,foreign,,,1920-08-01:empire;1920-08-19:foreign,польша,yes,"ru.wikipedia «Первая битва за Брест (1920)» (ссылки на М.Тухачевский «Поход за Вислу», Ю.Пилсудский «Война 1920 года», А.П.Грицкевич «Западный фронт РСФСР 1918-1920»): «В 12 часов дня 1 августа… советская 10-я стрелковая дивизия атаковала польские позиции», «Крепость была покинута в ночь с 1 на 2 августа»; Директивы Главкома, директива №4578/оп 987/ш 03.08.1920 12:30: «С форсированием… и овладением Брест-Литовском наступает время объединения…» (файл baltia1917_direktivy_glavkoma_krasnoy_armii_1969_djvu.txt, строка ~40132 — бракетирует дату между приказом от 22.07 «не позднее 4 августа» и этим докладом от 3.08); svoboda.org «Город на границе»: «Советская власть просуществовала ещё 18 дней… 19 августа 1920 г. Брест-Литовск был снова оккупирован польскими войсками»","01.08.1920 ПОДТВЕРЖДЕНО дважды: ru.wiki дословно (час атаки, номер дивизии, командиры Соллогуб/Хвесин/Сикорский) и ПЕРВИЧНЫМ документом (директива от 3.08 говорит о городе как уже взятом — бракетирует дату между 22.07 и 3.08); 19.08.1920 — вторичный источник (радио «Свобода»), арифметика «1 авг + 18 дней = 19 авг» сходится с независимым источником, но дословной директивы о потере Бреста в сборнике 1969 года не найдено (документ обрывается на теме Бреста после 3.08) | даты н. ст.; сторона start - на 25.12.1917; розыск MAP-MATERIALS/peresmotr_resheniy_2026-09-18/rozysk/b6_front1920_polsha_2026-09-22.md"
Ломжа,53.1781,22.0592,foreign,,,1920-08-21:empire;1920-08-22:foreign,польша,no,"pl.wikipedia «Bitwa pod Łomżą (VIII 1920)» (сырой wikitext, сноски на J.Odziemkowski «Leksykon wojny polsko-rosyjskiej 1919–1920» s.242 и F.Nowicki «Zarys historii wojennej 59 pp Wielkopolskiej» s.40): «Jako pierwsza pod Łomżę podeszła sowiecka 15 Armia i 21 sierpnia zajęła miasto»; «22 sierpnia Łomżę zaatakował… II batalion 59 pułku piechoty i po krótkiej walce… opanował miasto»; там же — дословная цитата коммюнике польского Генштаба от 23.08.1920: «Pułk 59-ty piechoty zajął po zaciętych walkach w dniu 22 b.m. Łomżę»","НЕ ГОЛОСУЕТ: одна ночь 21-22.08.1920 из коммюнике польского Генштаба противоречит директиве Главкома о рубеже Ломжа - Брест «не позже 4 августа» и муниципальному источнику о 20 днях; с датами розыска город оставался бы чёрной дырой между Белостоком, Остроленкой и Островом, занятыми 28.07-07.08. | 21.08 и 22.08.1920 ОБА подтверждены вторичной академической лит-рой с постраничными сносками, ПЛЮС дословная цитата пресс-коммюнике польского Генштаба от 23.08.1920 внутри статьи (по духу — первоисточник, растиражированный по горячим следам); менее авторитетный источник без сносок (местный муниципальный сайт) даёт другую хронологию («гарнизон ушёл в ночь на 2 августа, держали 20 дней») — расхождение в пользу версии со сносками | даты н. ст.; сторона start - на 25.12.1917; розыск MAP-MATERIALS/peresmotr_resheniy_2026-09-18/rozysk/b6_front1920_polsha_2026-09-22.md"
Остроленка,53.0833,21.5667,foreign,,,1920-08-07:empire;1920-08-23:foreign,польша,yes,"pl.wikipedia «Bitwa o Ostrołękę»: «6/7 sierpnia Grupa gen. Roji broniąca Ostrołęki, zagrożona okrążeniem… wycofała się… 6/7 VIII 1920 r. Armia Czerwona zajęła Ostrołękę» (бой I батальона Морского полка и 108 полка улан против 18-й стрелковой дивизии РККА, 2–6.08.1920); вторичный пересказ (mbc.cyfrowemazowsze.pl и региональные источники): «miasto zostało wyzwolone 23 sierpnia… 24 sierpnia wróciły władze powiatowe»","07.08.1920 подтверждено вторичной лит-рой (день дан вилкой 6/7 августа, взят как более поздний); 23.08.1920 — вторичная лит-ра, день дан уверенно, возврат гражданской администрации на день позже (24.08) как дополнительное подтверждение контроля | даты н. ст.; сторона start - на 25.12.1917; розыск MAP-MATERIALS/peresmotr_resheniy_2026-09-18/rozysk/b6_front1920_polsha_2026-09-22.md"
Остров-Мазовецкий,52.8033,21.8961,foreign,,,1920-08-04:empire;1920-08-20:foreign,польша,yes,"TwojaHistoria.pl «Bitwa pod Ostrowią Mazowiecką (19–25 sierpnia 1920)»: «Miasto zostało wyzwolone 20 sierpnia około godziny 17:00, gdy do miasta wkroczyły oddziały 59 pułku piechoty 15 Wielkopolskiej DP»; «w pierwszych dniach sierpnia 1920 zaczęły się walki na przedmieściach» (наступление красных); после освобождения 20.08 остатки советских 5-й и 11-й стрелковых дивизий пять раз безуспешно пытались отбить город обратно на пути отступления к Замброву — Директивы Главкома, директива №4344/оп 22.07.1920 («не позднее 4 августа армиям фронта пройти линию Ломжа — Брест-Литовск», контекст общей линии, Остров-Мазовецкий на ней же)","04.08.1920 — ОЦЕНКА (точный день боёв «на подступах» не назван, дан только диапазон «первые дни августа»; дата поставлена по общей директиве Главкома о рубеже Ломжа—Брест-Литовск к 4.08, город лежит на этой линии); 20.08.1920 подтверждено вторично с точностью до часа (17:00, номер полка); последующие 5 контратак отступающих красных частей (20–25.08) не считаются возвратом контроля — город уже держали поляки | даты н. ст.; сторона start - на 25.12.1917; розыск MAP-MATERIALS/peresmotr_resheniy_2026-09-18/rozysk/b6_front1920_polsha_2026-09-22.md"
Пултуск,52.7047,21.0839,foreign,,,1920-08-11:empire;1920-08-17:foreign,польша,yes,"pultusk.news «11 sierpnia 1920 „Pułtusk poddany”»: «w wyniku dwudniowych walk 10–11 sierpnia miasto zostało zajęte przez Armię Czerwoną»; pultusk.news «17 sierpnia 1920 „odbicie Pułtuska”»: «mieszkańcy Pułtuska, udręczeni sześciodniowym najazdem bolszewickim, z wielką radością przywitali… dzień wyzwolenia przez dzielny 15 pułk piechoty»","11.08.1920 подтверждено вторичной лит-рой (двое суток боёв 10–11.08, город сдан/занят 11.08); 17.08.1920 подтверждено дважды независимо (номер полка-освободителя, счёт «шесть дней оккупации» от 11.08 сходится арифметически) | даты н. ст.; сторона start - на 25.12.1917; розыск MAP-MATERIALS/peresmotr_resheniy_2026-09-18/rozysk/b6_front1920_polsha_2026-09-22.md"
Цеханов,52.8814,20.6089,foreign,,,1920-08-08:empire;1920-08-18:foreign,польша,yes,"wielkahistoria.pl «Ciechanów i Nasielsk 1920»: «Bolszewicy zajęli Ciechanów 8 sierpnia, gdy III Korpus Kawalerii Gaj-Chana zdobył miasto po krótkiej, ale zaciętej walce»; twojahistoria.pl «Bitwa pod Ciechanowem (14–19 sierpnia 1920)»: «15 sierpnia 203 pułk ułanów zdobył sztab 4 Armii sowieckiej w Ciechanowie wraz z radiostacją» (кратковременный польский рейд); Директивы Главкома, разговор по прямому проводу Главкома с Тухачевским 17.08.1920 02:30 (документ №650): «33 дивизия сосредоточилась 16 августа утром в районе 10 верст южнее Цеханова и повела наступление… нами вновь занят Цеханов» (файл …, строка ~40866-40872) — ПЕРВИЧНОЕ подтверждение обратного взятия красными 16.08; «оккупация большевиками Цеханова длилась только 10 дней» (вторичный пересказ, 8+10=18.08)","08.08.1920 подтверждено вторичной лит-рой (номер корпуса, имя командира); 15.08 польский рейд на штаб 4-й армии — кратковременный эпизод, не отражён отдельной строкой в changes (город в тот же день считается вернувшимся под красных из-за директивы ниже); 16.08.1920 (повторное занятие красными) ПОДТВЕРЖДЕНО ПЕРВИЧНЫМ документом дословно — прямая цитата разговора Каменева с Тухачевским; финальная дата ухода 18.08.1920 — арифметика вторичного источника («10 дней оккупации» от 8.08), документа с точным днём финального ухода не найдено | даты н. ст.; сторона start - на 25.12.1917; розыск MAP-MATERIALS/peresmotr_resheniy_2026-09-18/rozysk/b6_front1920_polsha_2026-09-22.md"
Млава,53.1122,20.3781,foreign,,,1920-08-10:empire;1920-08-21:foreign,польша,yes,"codziennikmlawski.pl «Wojna polsko-bolszewicka 1920 roku. Bolszewicy zdobywają Mławę»: «Mława została zaatakowana… 9 sierpnia… po dwudniowych walkach… zdobyta 10 sierpnia»; pl.wikipedia «Bitwa pod Mławą (21 VIII 1920)» (заголовок статьи уже содержит дату) и codziennikmlawski.pl «Wyzwolenie Mławy…»: «21 sierpnia o godz. 13:00, po ataku na bagnety 35 Brygady, 18 Dywizja Piechoty gen. Franciszka Krajowskiego zajęła Mławę»","10.08.1920 подтверждено вторичной лит-рой (двое суток боёв с 9.08); 21.08.1920 подтверждено дважды независимо — заголовок отдельной статьи Википедии («Bitwa pod Mławą (21 VIII 1920)») плюс детальный пересказ с точностью до часа и номера бригады; есть также «Bitwa pod Mławą II (1920)» — отдельная статья, намекающая на повторный эпизод, не расшифрован за отведённое время | даты н. ст.; сторона start - на 25.12.1917; розыск MAP-MATERIALS/peresmotr_resheniy_2026-09-18/rozysk/b6_front1920_polsha_2026-09-22.md"
Дзялдово,53.2347,20.1818,foreign,,,1920-08-13:empire;1920-08-18:foreign,польша,no,"powiatdzialdowski.pl «Epizod wojny polsko-bolszewickiej 1920 r., czyli bolszewicy w Działdowie»: «13 sierpnia 1920 r., po opuszczeniu Działdowa przez polskie władze miejskie i po klęsce wojsk Grupy Operacyjnej „Działdowo”, bolszewicy zdobyli to miasto» (участвовали германские добровольцы из Восточной Пруссии, большевики временно передали город немцам); тот же источник: «Soviet Russian forces occupied the city until August 18, 1920, on August 23 Polish authorities returned to the city»","НЕ ГОЛОСУЕТ: Сольдау до 17.01.1920 - германская Восточная Пруссия, и маска театра снимает её целиком по контуру OHM 1914 года; контура округа Сольдау, переданного Польше, в данных нет - пять дней красного (13-18.08.1920) не рисуются. | 13.08.1920 подтверждено вторичной лит-рой (детально, включая эпизод с германскими добровольцами); 18.08.1920 (уход советских войск) подтверждено тем же источником; между 18.08 и 23.08 — разрыв (видимо, немецкий/переходный контроль до возврата польской администрации), для карты взят день ухода красных (18.08), а не день возврата польской администрации (23.08) | даты н. ст.; сторона start - на 25.12.1917; розыск MAP-MATERIALS/peresmotr_resheniy_2026-09-18/rozysk/b6_front1920_polsha_2026-09-22.md"
Плоцк,52.5468,19.7064,foreign,,,,польша,yes,"pl.wikipedia «Obrona Płocka (1920)»: бой польского II подучастка группы «Дольна Висла» против 3-го кавкорпуса Гай-хана 18–19.08.1920; «Polska artyleria i potężny atak o godz. 9 rano… około 11 przed południem, po ponad 21 godzinach nieprzerwanej walki, Płock był wolny od wroga»; потери поляков ок. 300 убитых, 300-400 раненых, 300-350 пленных, у большевиков — ок. 40 убитых; в апреле 1921 Плоцку вручён Крест Храбрых маршалом Пилсудским за оборону","НЕГАТИВНЫЙ факт: штурм 18-19.08.1920 отбит польским гарнизоном, город большевиками не взят ни на день — подтверждено вторичной лит-рой подробно (потери, длительность боя, награда городу); документа 1969 года о Плоцке не найдено, но косвенно совпадает (в директивах — только упоминание «боёв в районе Влоцлавск-Плоцк» по данным германского радио Науэн от 17.08, без слова «взят») | даты н. ст.; сторона start - на 25.12.1917; розыск MAP-MATERIALS/peresmotr_resheniy_2026-09-18/rozysk/b6_front1920_polsha_2026-09-22.md"
Вышков,52.5928,21.4589,foreign,,,1920-08-11:empire;1920-08-18:foreign,польша,yes,"dzieje.pl «Bolszewicy wypędzeni z Wyszkowa»: «Gdy polskie wojska pod naciskiem rozkazu dowództwa wycofały się z Wyszkowa 11 sierpnia, bolszewicy wkroczyli do miasta»; «15 sierpnia członkowie Tymczasowego Komitetu Rewolucyjnego Polski przenieśli się do Wyszkowa»; «18 sierpnia żołnierze 31 pułku Strzelców Kaniowskich pod dowództwem kpt. Mikołaja Bołtucia wyzwolili miasto»; Директивы Главкома, директива №4767/оп 12.08.1920 17:45 (документ №707): «В районе Варшавы нами занят Вышков» (файл …, строка ~44244) — ПЕРВИЧНОЕ подтверждение, что 12.08 город уже наш","11.08.1920 подтверждено вторично; ПОДТВЕРЖДЕНО ПЕРВИЧНЫМ документом косвенно — директива от 12.08 говорит о городе как уже занятом (согласуется, не противоречит); Вышков временно служил резиденцией Польревкома (переехавшего туда 15.08, когда пришли ложные вести о взятии Варшавы); 18.08.1920 (освобождение) подтверждено вторично с номером полка и именем командира | даты н. ст.; сторона start - на 25.12.1917; розыск MAP-MATERIALS/peresmotr_resheniy_2026-09-18/rozysk/b6_front1920_polsha_2026-09-22.md"
Радзымин,52.4176,21.1808,foreign,,,1920-08-13:empire;1920-08-15:foreign,польша,yes,"pl.wikipedia «Bitwa pod Radzyminem (1920)»: «Do godziny 19:00 [13 sierpnia] Radzymin znalazł się w rękach rosyjskich»; город несколько раз переходил из рук в руки 14.08 (поляки отбивали днём, теряли вечером), «Po krótkiej walce Radzymin ponownie udało się opanować [15 sierpnia]» — окончательное взятие польскими войсками утром 15.08","13.08.1920 (19:00) подтверждено вторичной лит-рой дословно с точностью до часа; 15.08.1920 (окончательное) подтверждено вторично; промежуточные однодневные перехваты 14.08 не выделены отдельной строкой (город в тот день несколько раз менял руки в течение суток, ниже разрешения формата) | даты н. ст.; сторона start - на 25.12.1917; розыск MAP-MATERIALS/peresmotr_resheniy_2026-09-18/rozysk/b6_front1920_polsha_2026-09-22.md"
Седлец,52.1676,22.2900,foreign,,,1920-08-10:empire;1920-08-17:foreign,польша,yes,"Директивы Главкома, разговор Тухачевского с Главкомом 10.08.1920 00:05 (документ №648, контекст): «на фронте 16 армии противник… сопротивляется только вдоль железной дороги на Седлец… сегодня ожидается занятие линии Венгров — Седлец» (файл …, строка ~40492-40494); открытый пересказ («booksite.ru», обзор операции): «к 10 августа войска Западного фронта… вышли на рубеж Млава, Пултуск, Седльце, Любартув»; en.wikipedia «Siedlce»: «briefly captured by the Russians, then recaptured by Poles on 17 August 1920»; там же — 19.08.1920 в Седльце совещание Пилсудского, Витоса и Рataja (город уже наш)","10.08.1920 — БРАКЕТИРОВАНО документом (прямая цитата «сегодня ожидается занятие» от 10.08, то есть взятие в тот же или следующий день; независимый вторичный пересказ подтверждает рубеж на Седльце к 10.08); 17.08.1920 подтверждено вторичной лит-рой (англ.вики), усилено контекстом — 19.08 там уже совещание высших лиц Польши | даты н. ст.; сторона start - на 25.12.1917; розыск MAP-MATERIALS/peresmotr_resheniy_2026-09-18/rozysk/b6_front1920_polsha_2026-09-22.md"
Бяла Подляска,52.0325,23.1188,foreign,,,1920-08-01:empire;1920-08-17:foreign,польша,yes,"Институт нац.памяти (czasopisma.ipn.gov.pl), тема коллаборации в Бяла-Подляске: «1 sierpnia 1920, po wkroczeniu bolszewików do miasta, kontratak Zgrupowania Poleskiego gen. Sikorskiego zaskoczył ich i odrzucił za Bug»; далее — вторичный пересказ: «miasto zostało zajęte przez sowietów na początku sierpnia», «3 sierpnia batalion zapasowy 34 pp stoczył walki w rejonie Białki, Kożuchówki i Cicibora Wielkiego, tymczasowo odpierając oddziały sowieckie w kierunku Bugu», «ostateczne usunięcie wojsk sowieckich z Białej nastąpiło 17 sierpnia 1920»","01.08.1920 — первый краткий эпизод (большевики вошли и в тот же день были отброшены контратакой Сикорского за Буг — не выделен отдельной строкой, слишком краток); повторное, более долгое занятие «в начале августа» (точный день не найден, взят как тот же 01.08 условно); окончательный уход — 17.08.1920, подтверждено вторичной лит-рой (IPN); детали неполны, город явно менял руки несколько раз в первой половине августа | даты н. ст.; сторона start - на 25.12.1917; розыск MAP-MATERIALS/peresmotr_resheniy_2026-09-18/rozysk/b6_front1920_polsha_2026-09-22.md"
Холм,51.1431,23.4719,foreign,,,1920-08-16:empire;1920-09-05:foreign,польша,yes,"Директивы Главкома: директива №4578/оп 03.08.1920 («фронт Люблин — Холм» как ещё не достигнутая цель, файл …, строка ~40145) и директива №4767/оп 12.08.1920 («настаиваю на… овладении Холмом и Люблином», строка ~44243) — ОБА документа говорят о Холме как ещё НЕ взятом на 3.08 и на 12.08; открытый пересказ (kresy24.pl «Armia Konna na froncie polskim»): переправа Конармии через Буг 15-16.08.1920 (после чего Холм, лежащий сразу за Бугом, вероятно взят); wirtualny sztetl «Chełm»: «по состоянию на 11 сентября 1920 Холм уже в польских руках (письма польских командиров)»","16.08.1920 — ОЦЕНКА (документ прямо не называет день взятия, только бракетирует: ещё цель на 3.08 и на 12.08, переправа через Буг рядом — 15-16.08); 05.09.1920 — ОЦЕНКА (нижняя граница — переход в польские руки не позже 11.09 по документальному упоминанию писем офицеров; верхняя дата подобрана по аналогии с освобождением Грубешова 06.09, соседнего города на той же линии); низкая уверенность по обеим датам, документа с прямым названием дня не найдено | даты н. ст.; сторона start - на 25.12.1917; розыск MAP-MATERIALS/peresmotr_resheniy_2026-09-18/rozysk/b6_front1920_polsha_2026-09-22.md"
Грубешов,50.8083,23.8917,foreign,,,1920-08-10:empire;1920-08-13:foreign;1920-08-15:empire;1920-09-06:foreign,польша,yes,"lubiehrubie.pl «Rok 1920 – Bolszewicy i S. Budionnyj w Hrubieszowie»: «o świcie 13 sierpnia 1920 roku polskie oddziały uderzyły na Hrubieszów, a około godziny 16:00 miasto zostało opanowane przez Polaków; w nocy z 14 na 15 sierpnia Sowieci zaatakowali kilkukrotnie, polskie jednostki wycofały się… komuniści szybko opanowali Hrubieszów ponownie»; «od 20 sierpnia do 6 września 1920 walki 4 pp Leg. z oddziałami 24 DS i 1 Armii Konnej… ostateczne wyzwolenie miasta nastąpiło 6 września 1920»; Директивы Главкома, докладная записка Главкома №5209/оп 09.09.1920 («вывод в резерв… армии Буденного в район Грубешов — Крылов», файл …, строка ~41297-41300) — контекст: к 9.09 район уже глубокий тыл-рубеж для отходящей Конармии","10.08.1920 — ОЦЕНКА (первоначальное занятие красными до 13.08 не датировано напрямую, поставлено по общему контексту перехода Конармией Буга в этом районе); 13.08 и 15.08.1920 (кратковременное польское взятие и обратный советский реванш) подтверждены вторичной лит-рой подробно (час, номер полка); 06.09.1920 (окончательное освобождение) подтверждено вторичной лит-рой; ПЕРВИЧНЫЙ документ от 9.09 подтверждает контекст (Конармия уже в районе Грубешов-Крылов как СВОЕЙ тыловой зоне для перегруппировки, не как ещё удерживаемом фронте) — согласуется с версией об освобождении к 6.09 | даты н. ст.; сторона start - на 25.12.1917; розыск MAP-MATERIALS/peresmotr_resheniy_2026-09-18/rozysk/b6_front1920_polsha_2026-09-22.md"
Замостье,50.7231,23.2519,foreign,,,,польша,yes,"Директивы Главкома, директива №4738/оп 11.08.1920 («Конная армия… должна выйти в район Замостье — Томашов — Грубешов», файл …, строка ~44163-44166 — ещё цель, не взят) и директива №5209/оп 09.09.1920 («вывод в резерв… армии Буденного в район Грубешов — Крылов», строка ~41297); kurierlubelski.pl / ipn: «Obrona Zamościa 29–31 sierpnia 1920»: гарнизон удержал город в полном окружении силами Будённого, минные поля остановили пехоту и конницу, 31.08 подошли части ген. Галлера и деблокировали город","НЕГАТИВНЫЙ факт: Замостье НЕ взято — подтверждено и ПЕРВИЧНЫМ документом (11.08 ещё цель наступления, 9.09 Конармия уже в районе Грубешов-Крылов как тыловой зоне ПОСЛЕ поражения под Комаровом 31.08, минуя Замостье), и вторичной лит-рой (детальный рассказ об обороне 29-31.08, деблокада Галлером) | даты н. ст.; сторона start - на 25.12.1917; розыск MAP-MATERIALS/peresmotr_resheniy_2026-09-18/rozysk/b6_front1920_polsha_2026-09-22.md"
Сокаль,50.4791,24.2771,foreign,,,1920-07-26:empire;1920-09-15:foreign,галиция,yes,"kresy24.pl «Walki z bolszewicką Konarmią na przełomie lipca i sierpnia 1920»: «Budionny skierował swoje siły na Sokal i Zamość, planując zająć je „na marszu”»; после неудачи под Львовом (сер. августа) — «bolszewicy zostali wycofani w rejon Sokala» (Сокаль стал тыловым районом отступающей Конармии); точных дат взятия и ухода не найдено","26.07.1920 — ОЦЕНКА по аналогии с Бродами (тот же корпус, тот же темп продвижения к Львову вдоль этой дороги); 15.09.1920 — ОЦЕНКА по общему темпу отступления из Галиции (Тернополь оставлен 19.09, западные городки — раньше); низкая уверенность по обеим датам, документа и прямой вторичной лит-ры с названным днём не найдено — только контекст | даты н. ст.; сторона start - на 25.12.1917; розыск MAP-MATERIALS/peresmotr_resheniy_2026-09-18/rozysk/b6_front1920_polsha_2026-09-22.md"
Броды,50.0833,25.1438,foreign,,,1920-07-26:empire;1920-08-03:foreign;1920-08-14:empire;1920-09-15:foreign,галиция,yes,"uk.wikipedia «Львівська операція (1920)»: «1-ша кінна армія… 26 липня опанувала Броди»; «3 серпня польські війська зайняли Броди»; «14 серпня армія взяла Броди» (повторно); контекст боя под Бродами/Берестечком 29.07-03.08.1920 (крупнейшее кавалерийское сражение эпохи, Конармия едва не окружена, но вырвалась) — kresy.pl, dzieje.pl","26.07, 03.08 и 14.08.1920 — ВСЕ ТРИ подтверждены дословно уk.wikipedia (статья о Львовской операции); дата окончательного ухода в сентябре — ОЦЕНКА (не найдено, поставлена по аналогии с общим темпом отступления из Галиции, см. Сокаль и Тернополь) | даты н. ст.; сторона start - на 25.12.1917; розыск MAP-MATERIALS/peresmotr_resheniy_2026-09-18/rozysk/b6_front1920_polsha_2026-09-22.md"
Тернополь,49.5558,25.5924,foreign,,,1920-07-26:empire;1920-09-19:foreign,галиция,yes,"uk.wikipedia «Львівська операція (1920)»: «14-та армія… 26 липня зайняла Тернопіль»; uk.wikipedia «Галицька Соціалістична Радянська Республіка»: «15 липня 1920 року Галревком опублікував декларацію… про створення ГСРР», «1 серпня 1920 — Галревком перебрався в Тернопіль, де ухвалив декрет №1» (столица провозглашённой ГСРР); «19 вересня до Тернополя увійшли сили 6-ї польської армії та Дієвої армії УНР», «21(23?) вересня 1920 року ГСРР припинила своє існування»","26.07.1920 (военное взятие 14-й армией) подтверждено дословно uk.wiki; политическая столица ГСРР водворилась там же позже, 01.08.1920 (не противоречие — город уже наш, административный переезд); 19.09.1920 (вход польских и петлюровских войск) подтверждено дословно, формальный роспуск Галревкома отдельно датирован 21 (или 23?) сентября — сама вики отмечает двоякость даты | даты н. ст.; сторона start - на 25.12.1917; розыск MAP-MATERIALS/peresmotr_resheniy_2026-09-18/rozysk/b6_front1920_polsha_2026-09-22.md"
Золочев,49.8057,24.8989,foreign,,,1920-07-25:empire;1920-09-16:foreign,галиция,yes,"uk.wikipedia «Львівська операція (1920)» (контекст): «26 липня… на широкому фронті з боями переправилася через Стир, зайняла Буськ» (Буск рядом с Золочевом, тот же темп продвижения); esu.com.ua и справочные статьи о ГСРР перечисляют Золочевский повет в её составе; точной даты взятия и ухода самого Золочева не найдено","ТОЛЬКО ЭНЦИКЛОПЕДИЯ/КОНТЕКСТ — Золочев числился поветовым центром ГСРР (esu.com.ua), лежит на пути наступления Конармии к Бродам/Львову в 20-х числах июля; даты — ОЦЕНКА по соседним, документально не закрытым городам (Броды 26.07, Тернополь 26.07); дата ухода — оценка по общему темпу отступления Конармии из Галиции в сентябре | даты н. ст.; сторона start - на 25.12.1917; розыск MAP-MATERIALS/peresmotr_resheniy_2026-09-18/rozysk/b6_front1920_polsha_2026-09-22.md"
Бережаны,49.4450,24.9389,foreign,,,1920-07-27:empire;1920-09-16:foreign,галиция,yes,"esu.com.ua и справочные статьи о ГСРР перечисляют Бережанский повет в её составе; отдельного документа или статьи о дате занятия/оставления Бережан красными в 1920 (в отличие от занятия УГА в 1919 — «21 червня 1919 узяті Бережани», другая война) не найдено","ТОЛЬКО ЭНЦИКЛОПЕДИЯ/КОНТЕКСТ — числился поветовым центром ГСРР; даты — ОЦЕНКА по соседним городам и общему темпу Львовской операции (наступление конца июля, отход в сентябре); прямого документа или вторичной статьи с названным днём для 1920 года не найдено | даты н. ст.; сторона start - на 25.12.1917; розыск MAP-MATERIALS/peresmotr_resheniy_2026-09-18/rozysk/b6_front1920_polsha_2026-09-22.md"
Чортков,49.0161,25.7925,foreign,,,1920-07-28:empire;1920-09-17:foreign,галиция,yes,"esu.com.ua и справочные статьи о ГСРР перечисляют Чортковский повет в её составе; pl.wikipedia «Czortków» содержит преимущественно эпизод 1919 года (Чортковская офензива УГА, июнь 1919), для 1920 года точных дат не приводит","ТОЛЬКО ЭНЦИКЛОПЕДИЯ/КОНТЕКСТ — числился поветовым центром ГСРР, лежит южнее Тернополя на пути наступления; даты — ОЦЕНКА, документа и вторичной лит-ры с точным днём для 1920 года не найдено | даты н. ст.; сторона start - на 25.12.1917; розыск MAP-MATERIALS/peresmotr_resheniy_2026-09-18/rozysk/b6_front1920_polsha_2026-09-22.md"
Бучач,49.0631,25.3900,foreign,,,1920-07-28:empire;1920-09-17:foreign,галиция,yes,"esu.com.ua и справочные статьи о ГСРР перечисляют Бучачский повет в её составе; specific источник pttk.pl (список мест памяти Битвы Варшавской) упоминает бои под Ясловцем (Jazłowiec) рядом с Бучачем в контексте польского контрнаступления, но без точной даты для самого Бучача",ТОЛЬКО ЭНЦИКЛОПЕДИЯ/КОНТЕКСТ — числился поветовым центром ГСРР; даты — ОЦЕНКА по аналогии с Чортковом (тот же темп наступления и отхода в этом секторе); документа и вторичной лит-ры с точным днём для 1920 года не найдено | даты н. ст.; сторона start - на 25.12.1917; розыск MAP-MATERIALS/peresmotr_resheniy_2026-09-18/rozysk/b6_front1920_polsha_2026-09-22.md
Станислав,48.9225,24.7103,foreign,,,,галиция,yes,"przystanekhistoria.pl «Sojusz polsko-ukraiński w 1920 roku»: Пилсудский и Петлюра встречались среди польских и украинских офицеров в Станиславове 5 сентября 1920 (после победы под Варшавой) — город к этому моменту явно под польско-украинским контролем на протяжении лета; kuriergalicyjski.com «Symon Petlura w Stanisławowie»: Станиславов служил тыловой резиденцией штаба УНР; контекст — конная разведка Примакова заняла Стрый 23.08.1920, временно отрезав Станиславов от ж/д, но не сам город","НЕГАТИВНЫЙ факт (бракетировано контекстом, не прямым документом): Станиславов, судя по непрерывному пребыванию там штабов УНР и встрече Пилсудского с Петлюрой 05.09.1920, Красной армией занят не был; прямой директивы или статьи, отдельно утверждающей «Станиславов не взят», не найдено — вывод базируется на постоянном польско-украинском контроле над городом на протяжении всего периода | даты н. ст.; сторона start - на 25.12.1917; розыск MAP-MATERIALS/peresmotr_resheniy_2026-09-18/rozysk/b6_front1920_polsha_2026-09-22.md"
Львов,49.8420,24.0316,foreign,,,,галиция,yes,"Директивы Главкома, разговор Главкома с Тухачевским 19.08.1920 00:55 (документ №655): «От Конной армии получена записка, где Буденный объясняет своё наступление на Львов тем, что подошёл к нему на 15 вёрст и 17 августа должен занять его… конечно, Буденный свернёт, но с запозданием» (файл …, строка ~41175); директива №658 09.09.1920: «Задуманная вами частная операция по овладению Львовским районом… вызывает следующие соображения» (Главком отговаривает от повторной попытки, строка ~41400); uk.wikipedia «Львівська операція (1920)»: «19 серпня 4-та і 6-та кавалерійські дивізії перебували на відстані 6 кілометрів від міста», «20 серпня 1-ша кінна армія отримала наказ… припинила наступ»","НЕГАТИВНЫЙ факт (подступы, город НЕ занят) — ПОДТВЕРЖДЕНО ПЕРВИЧНЫМ документом дважды (Каменев прямо обсуждает несостоявшееся взятие 17.08 и отказ от повторной операции в сентябре) и uk.wiki (расстояние до города по дням, приказ прекратить наступление 20.08); согласовано между всеми источниками без противоречий | даты н. ст.; сторона start - на 25.12.1917; розыск MAP-MATERIALS/peresmotr_resheniy_2026-09-18/rozysk/b6_front1920_polsha_2026-09-22.md"
Варшава,52.2297,21.0122,foreign,,,,польша,yes,"не взята: Варшавская битва 13-25.08.1920; ближайший взятый пункт - Радзымин (13-15.08.1920), розыск MAP-MATERIALS/peresmotr_resheniy_2026-09-18/rozysk/b6_front1920_polsha_2026-09-22.md",заградительный якорь: город не взят (негативный факт); без него голос Радзымина в 23 км красил Варшаву 13.08.1920
Люблин,51.2465,22.5684,foreign,,,,польша,yes,"не взят: сосредоточение польского контрудара с Вепша 16.08.1920; взяты только Холм (16.08) и Грубешов (10-13, 15.08), розыск MAP-MATERIALS/peresmotr_resheniy_2026-09-18/rozysk/b6_front1920_polsha_2026-09-22.md",заградительный якорь: город не взят (негативный факт)
Ровно,51.2074,26.5208,foreign,1920-07-01,1920-11-16,1920-07-04:empire;1920-09-18:foreign,волынь,yes,"Директивы Главкома (1969, файл baltia1917_direktivy_glavkoma_krasnoy_armii_1969_djvu.txt): план 1.07.1920 №3961/оп (Ровно ещё не взято, обход намечен), докладная 2.07.1920 №511/сек (срок выхода на линию Сарны-Ровно-Проскуров-Каменец-Подольск — 3.07), директива 2.08.1920 №1138/ш (удержание Ровно уже идёт); pl.wikipedia «Bitwa pod Równem (VII 1920)» (raw wikitext, volyn1920_pl_bitwa_pod_rownem_wikitext.txt): «3 Dywizja Piechoty Legionów nocą z 4 na 5 lipca odeszła» [прим.28] (взято Будённым в ночь на 5.07), «9 lipca o świcie... opanowano miasto» [38] (кратковременный польский реванш), «10 lipca wszystkie oddziały 2 Armii rozpoczęły odwrót za Styr» [45]; pl.wikipedia «Bitwa wołyńsko-podolska» (raw wikitext, volyn1920_pl_bitwa_wolynsko_podolska_wikitext.txt): «18 września Korpus Jazdy płk. Rómmla zdobył Równe i Zdołbunów» (Nowak 2010 s.228), «W tym dniu Polacy opanowali Równe» (Tarczyński 2014 s.1247); один вторичный агрегатор называет 19.09 вместо 18.09","04.07.1920 ПОДТВЕРЖДЕНО вторичной лит-рой со сноской на первоисточник (дата из задания куратора совпала); ночь 8-9.07 польский краткий реванш (менее суток) — НЕ считается отдельной сменой контроля, аналогично Ostrów-Mazowiecki в польском файле; 18.09.1920 ПОДТВЕРЖДЕНО дважды независимо со сносками (Nowak, Tarczyński); вариант 19.09 у одного агрегатора — расхождение на день | даты н. ст.; сторона start - на 01.07.1920 (до окна WEST_IN_WINDOWS голос якоря решает только землю вне основы); розыск MAP-MATERIALS/peresmotr_resheniy_2026-09-18/rozysk/b6_front1920_volyn_2026-09-22.md"
Дубно,50.4188,25.7456,foreign,1920-07-01,1920-11-16,1920-07-08:empire;1920-09-18:foreign,волынь,yes,"Директивы Главкома: план 2.07.1920 №511/сек («по овладении Ровно... захват переправ в районе Дубно-Луцк», 4-5 дней на паузу — считать от 4.07); директива 2.08.1920 №1138/ш об удержании Ровно-Дубно-Кременца (уже наши); 15.08.1920 №4802/оп — Дубно уже глубокий тыл (разгранлиния фронтов); pl.wikipedia «Bitwa wołyńsko-podolska»: «Tego dnia [18 września] 35 pułk piechoty z grupy ppłk. Wolikowskiego doszedł pod Dubno», отдельно — «rankiem, w walce na bagnety, opanował miasto» (Tarczyński 2014 s.1247)","08.07.1920 — БРАКЕТИРОВАНО документами (после Ровно 4.07 + 4-5 дней паузы по плану №511/сек; к 2.08 город уже держим) — точного дня документ не называет; 18.09.1920 ПОДТВЕРЖДЕНО вторичной лит-рой со сноской (Tarczyński 2014), штурм на штыки утром | даты н. ст.; сторона start - на 01.07.1920 (до окна WEST_IN_WINDOWS голос якоря решает только землю вне основы); розыск MAP-MATERIALS/peresmotr_resheniy_2026-09-18/rozysk/b6_front1920_volyn_2026-09-22.md"
Кременец,50.0961,25.7261,foreign,1920-07-01,1920-11-16,1920-07-07:empire;1920-07-09:foreign;1920-07-21:empire;1920-09-26:foreign,волынь,yes,"pl.wikipedia «Bitwa pod Krzemieńcem» (raw wikitext, volyn1920_pl_bitwa_pod_krzemiencem_wikitext.txt): «Nocą z 8 na 9 lipca Krzemieniec został obsadzony przez 40 pułk piechoty» группы ген. Шиманьского, отбив город у «Brygada Kawalerii Kotowskiego», занявшей его двумя днями раньше (то есть 6-7.07); 11.07 днём советская контратака (Котовский + 135-я бригада 45-й дивизии) отбита к 23:00; 12.07 утром польская внезапная атака уничтожает спящую 136-ю бригаду; но «O 20.30 [21 lipca] gen. Szymański wydał rozkaz opuszczenia stanowisk» из-за угрозы тылу конницей противника — поляки уходят; директива Главкома 2.08.1920 №1138/ш об удержании Ровно-Дубно-Кременца подтверждает, что к этой дате город уже наш; pl.wikipedia «Bitwa wołyńsko-podolska»: Кременец назван целью 13-й ПД сразу после взятия Ровно 18.09 и форсирования Горыни 25.09 (Tarczyński 2014 s.1257)","07.07.1920 (Котовский) — ОЦЕНКА («двумя днями раньше» 9.07, точный день не назван впрямую); 09.07.1920 (полки ген. Шиманьского) ПОДТВЕРЖДЕНО дословно вторичной лит-рой (отдельная статья, точный час и номер полка); 21.07.1920 (уход поляков, значит новый переход к красным) ПОДТВЕРЖДЕНО дословно вторичной лит-рой (точное время 20:30, причина — угроза тылу); между 9 и 21 июля город удерживался поляками почти две недели, это НЕ краткий рейд, а полноценная смена контроля, поэтому внесена отдельной строкой; 26.09.1920 — ОЦЕНКА по контексту (та же логика, что и раньше, отдельного документа для конкретного дня не найдено) | даты н. ст.; сторона start - на 01.07.1920 (до окна WEST_IN_WINDOWS голос якоря решает только землю вне основы); розыск MAP-MATERIALS/peresmotr_resheniy_2026-09-18/rozysk/b6_front1920_volyn_2026-09-22.md"
Луцк,50.7451,25.3201,foreign,1920-07-01,1920-11-16,1920-07-08:empire;1920-09-16:foreign,волынь,yes,"Директивы Главкома, план 1.07.1920 №3961/оп и 2.07.1920 №511/сек (Луцк — цель сразу после Ровно, в одной группе с Дубно); pl.wikipedia «Bitwa wołyńsko-podolska»: «16 września, działający na styku sowieckich 12 i 14 Armii Korpus Jazdy płk. Juliusza Rómmla, przy słabym oporze przeciwnika, sforsował Styr na południe od Łucka i ruszył na Równe» (Odziemkowski 2004 s.184); один вторичный агрегатор (WebSearch): «17 сентября польские войска заняли Луцк»","08.07.1920 — БРАКЕТИРОВАНО (та же логика, что и Дубно — цель сразу после Ровно 4.07, пауза 4-5 дней); 16.09.1920 подтверждено вторичной лит-рой со сноской (Odziemkowski) — корпус Роммеля форсирует Стырь южнее Луцка тем же днём; расхождение на день с другим агрегатором (17.09), в CSV взята дата с прямой сноской | даты н. ст.; сторона start - на 01.07.1920 (до окна WEST_IN_WINDOWS голос якоря решает только землю вне основы); розыск MAP-MATERIALS/peresmotr_resheniy_2026-09-18/rozysk/b6_front1920_volyn_2026-09-22.md"
Ковель,51.2121,24.7089,foreign,1920-07-01,1920-11-16,1920-08-04:empire;1920-09-13:foreign,волынь,yes,"Директивы Главкома: директива 20.07.1920 №4315/оп («12 армии... продолжать продвижение на фронте Ковель-Владимир-Волынск» — ещё цель), директива 21/23.07.1920 №4343/оп («к 4 августа овладеть районом Ковель-Владимир-Волынский» — срок); pl.wikipedia «Bitwa wołyńsko-podolska»: начало операции 10.09.1920, «O 12:00 13 września nastąpiło spotkanie oddziału mjr. Bochenka z czołówkami sił głównych» (Tarczyński 2014 s.1239; Nowak 2010 s.215)","04.08.1920 — БРАКЕТИРОВАНО документом (20-23.07 ещё цель со сроком «к 4 августа», точный день взятия отдельно не назван, использован срок директивы); 13.09.1920 ПОДТВЕРЖДЕНО дважды независимо со сносками (Tarczyński, Nowak) — моторизованная группа майора Боченека | даты н. ст.; сторона start - на 01.07.1920 (до окна WEST_IN_WINDOWS голос якоря решает только землю вне основы); розыск MAP-MATERIALS/peresmotr_resheniy_2026-09-18/rozysk/b6_front1920_volyn_2026-09-22.md"
Владимир-Волынский,50.8475,24.3193,foreign,1920-07-01,1920-11-16,1920-08-04:empire;1920-09-13:foreign,волынь,yes,"Директивы Главкома, та же директива 21/23.07.1920 №4343/оп (срок «к 4 августа» для Ковеля и Владимира-Волынского вместе); 15.08.1920 разговор Каменева с Тухачевским — Конармию планируют сосредоточить «примерно в районе Владимир-Волынский» (уже тыл); WebSearch-агрегатор: отход Конармии после Замостья к Владимиру-Волынскому 6.09.1920 (город ещё наш); pl.wikipedia «Bitwa wołyńsko-podolska»: «Jeszcze w tym samym dniu [13 września] Włodzimierz Wołyński został zdobyty» под командованием ген. Nowotny (Tarczyński 2014 s.1239; Nowak 2010 s.215)","04.08.1920 — БРАКЕТИРОВАНО документом (тот же срок, что и Ковель); подтверждается косвенно (15.08 город уже тыловой район) и вторичным агрегатором (6.09 город ещё наш, через него отступает Конармия); 13.09.1920 ПОДТВЕРЖДЕНО дважды со сноской, тот же день, что и Ковель | даты н. ст.; сторона start - на 01.07.1920 (до окна WEST_IN_WINDOWS голос якоря решает только землю вне основы); розыск MAP-MATERIALS/peresmotr_resheniy_2026-09-18/rozysk/b6_front1920_volyn_2026-09-22.md"
Любомль,51.2235,24.0316,foreign,1920-07-01,1920-11-16,1920-08-03:empire;1920-09-14:foreign,волынь,yes,"shtetlroutes.eu «Luboml - Karta Dziedzictwa Kulturowego» (скачано volyn1920_shtetlroutes_luboml.html): «Na początku sierpnia 1920 r. oddziały 25 Dywizji Strzeleckiej im. Czapajewa zajęły Luboml» (создан ревком на 4 волости), «Połowa września 1920 r. – powrót wojsk polskich do miasta»","03.08.1920 — ОЦЕНКА (первоисточник вскрыт и скачан, но даёт только «начало августа» без точного дня); 14.09.1920 — ОЦЕНКА (источник даёт только «середина сентября»; день подобран между Ковелем/Владимиром-Волынским 13.09 и Луцком 16.09, географически Любомль между ними) | даты н. ст.; сторона start - на 01.07.1920 (до окна WEST_IN_WINDOWS голос якоря решает только землю вне основы); розыск MAP-MATERIALS/peresmotr_resheniy_2026-09-18/rozysk/b6_front1920_volyn_2026-09-22.md"
Сарны,51.3350,26.6171,foreign,1920-07-01,1920-11-16,1920-07-07:empire;1920-09-28:foreign,волынь,yes,"Директивы Главкома: директива 22.06.1920 №3738/оп («сарненское направление, как менее важное, решить наименьшими силами» — ещё цель), директива 3.08.1920 №4578/оп («связь со штармом 12... через Лунинец на Сарны и Ровно», «штарм 12 в Сарны» — уже тыл); pl.wikipedia отдельная статья «Bój pod Sarnami» (raw wikitext, volyn1920_pl_boj_pod_sarnami_wikitext.txt), инфобокс: «czas = 26–28 września 1920», «dowódca1 = Józef Jaklicz», «siły1 = 25 pułk piechoty», «wynik = zwycięstwo Polaków», «straty1 = 20 zabitych, 43 rannych» — со сносками на Przybylski 1930, Piłsudski/Tuchaczewski 1989 и др.","07.07.1920 — ОЦЕНКА (документ бракетирует широко: 22.06 ещё цель, 3.08 уже глубокий тыл со штабом армии; дата взята по аналогии с темпом взятия Ровно 4.07 и Острога 5.07, оба соседних узла); 28.09.1920 ПОДТВЕРЖДЕНО вторичной лит-рой со сноской — отдельная статья с инфобоксом «26-28 сентября», финальный день боя 28.09 взят как дата смены контроля, командир (майор Юзеф Яклич, тот же, что форсировал Горынь 25.09 у Кременца) и потери названы поимённо | даты н. ст.; сторона start - на 01.07.1920 (до окна WEST_IN_WINDOWS голос якоря решает только землю вне основы); розыск MAP-MATERIALS/peresmotr_resheniy_2026-09-18/rozysk/b6_front1920_volyn_2026-09-22.md"
Острог,50.3290,26.5204,foreign,1920-07-01,1920-11-16,1920-07-05:empire;1920-09-26:foreign,волынь,yes,"pl.wikipedia «Bitwa pod Ostrogiem» (raw wikitext): «Około 13.00 [7 lipca] oddziały sowieckiej 14 Dywizji Kawalerii [Budionnego]» — то есть к 7.07 город уже наш (14-я кавдивизия Будённого atakuje POLSKIE part, вошедшие туда утром того же дня); «O świcie 7 lipca 1920 Grupa Operacyjna płk. Franciszka Krajowskiego dotarła do Ostroga i zajęła go prawie bez walki» — краткий польский рейд, отбит тем же вечером, поляки ушли к полудню 8.07; pl.wikipedia «Bitwa wołyńsko-podolska»: Острог назван целью 13-й ПД сразу после взятия Ровно 18.09 (Tarczyński 2014 s.1257), рядом — форсирование Горыни 25.09","05.07.1920 — ОЦЕНКА/БРАКЕТИРОВАНО (документ о бое 7.07 прямо показывает, что к утру этого дня город УЖЕ был наш — краткий польский рейд 7-8.07 отбит в тот же день и НЕ считается отдельной сменой контроля, город был отбит обратно тем же вечером; точный день исходного взятия в начале июля не найден, дата поставлена по темпу соседних Ровно/Здолбунова); 26.09.1920 — ОЦЕНКА по контексту (город в одной группе с Дубно и Кременцом как цель 13-й ПД, конкретного дня для самого Острога не найдено) | даты н. ст.; сторона start - на 01.07.1920 (до окна WEST_IN_WINDOWS голос якоря решает только землю вне основы); розыск MAP-MATERIALS/peresmotr_resheniy_2026-09-18/rozysk/b6_front1920_volyn_2026-09-22.md"
Славута,50.2962,26.8658,foreign,1920-07-01,1920-11-16,1920-06-29:empire,волынь,yes,"Контекст: shepvisnyk.com.ua «...30 июня 1920 Шепетiвку поцупили""» упоминает линию 27.06 Шепетовка-Берездов-Корец как рубеж фронта в этом районе; отдельного источника по Славуте за отведённое время не найдено""","29.06.1920 — ОЦЕНКА ЧИСТО ПО ГЕОГРАФИИ (город между Шепетовкой 30.06 и Корецом ~29.06, отдельного документа или статьи о взятии Славуты не найдено); ОСЕНЬ 1920 — НЕ НАЙДЕНО никакого источника о смене контроля; т.к. Славута осталась в советской Украине после 1921 (в отличие от Ровно/Дубно), рабочая гипотеза — город НЕ отбивался обратно и оставался советским до конца изучаемого периода, но это ИНФЕРЕНЦИЯ, не прямой источник — САМЫЙ СЛАБЫЙ УЗЕЛ файла, не успел довскрыть | даты н. ст.; сторона start - на 01.07.1920 (до окна WEST_IN_WINDOWS голос якоря решает только землю вне основы); розыск MAP-MATERIALS/peresmotr_resheniy_2026-09-18/rozysk/b6_front1920_volyn_2026-09-22.md"
Шепетовка,50.1809,27.0652,foreign,1920-07-01,1920-11-16,1920-06-30:empire,волынь,yes,"shepvisnyk.com.ua (скачано volyn1920_shepvisnyk_shepetivka_30iyunya1920.html): «в ночь на 30 июня 1920» части 45-й стрелковой дивизии (комдив Гаркавий, с 1.07 — Иона Якир) и отдельная кавбригада Котовского взяли Шепетовку у польской 6-й армии (18-я пехотная дивизия ген. Краевского, группа Гогенауэра — 145-й пп и 6-й уланский); «27 июня линия Шепетовка-Берездов-Корец стала рубежом фронта»","30.06.1920 подтверждено вторичной лит-рой подробно (номера дивизий и полков с обеих сторон, фамилии комдивов); ОСЕНЬ 1920 — не найдено отдельного источника о взятии Шепетовки поляками; город в списке отбитых пунктов статьи pl.wiki «Bitwa wołyńsko-podolska» НЕ значится (список охватывает Ровно, Дубно, Кременец, Острог, Луцк, Ковель, Владимир-Волынский, Сарны, Староконстантинов) — рабочая гипотеза: Шепетовка осталась советской до конца периода (город и после 1921 в УССР), прямого документа-НЕГАТИВА («не была взята») не найдено, это АРГУМЕНТ ОТ ОТСУТСТВИЯ, не прямое доказательство | даты н. ст.; сторона start - на 01.07.1920 (до окна WEST_IN_WINDOWS голос якоря решает только землю вне основы); розыск MAP-MATERIALS/peresmotr_resheniy_2026-09-18/rozysk/b6_front1920_volyn_2026-09-22.md"
Изяслав,50.1195,26.8208,foreign,1920-07-01,1920-11-16,1920-06-29:empire;1920-09-23:foreign;1920-11-17:empire,волынь,yes,"Контекст (см. Славута) — ОЦЕНКА даты взятия в июне; uk.wikipedia «Битва під Заславом (1920)» (raw wikitext, volyn1920_uk_bitva_pid_zaslavom_wikitext.txt): «Битва під Заславом — бойові сутички, що відбулися 23 вересня 1920 року» между 1-й кавбригадой (5,6,11-й уланские) и советскими 24-й, 47-й стрелковыми + отдельной Башкирской кавбригадой, «Результат: перемога Речі Посполитої Польської»; risu.ua (религиозно-краеведческая статья, url не сохранён): «Ізяслав остаточно звільнений від ворожих військ у другій половині листопада 1920 року»","29.06.1920 — ОЦЕНКА чисто по географии, как и Славута; 23.09.1920 ПОДТВЕРЖДЕНО дословно (заголовок статьи = дата, поимённо перечислены полки и дивизии с обеих сторон, польская победа); 17.11.1920 — ОЦЕНКА (источник даёт только «вторая половина ноября», день не назван; подобран между Каменцом 16.11 и Проскуровом 18.11 по аналогии — Изяслав примерно на одной линии финального разгрома УНР) | даты н. ст.; сторона start - на 01.07.1920 (до окна WEST_IN_WINDOWS голос якоря решает только землю вне основы); розыск MAP-MATERIALS/peresmotr_resheniy_2026-09-18/rozysk/b6_front1920_volyn_2026-09-22.md"
Староконстантинов,49.7562,27.2088,foreign,1920-07-01,1920-11-16,1920-07-08:empire;1920-09-27:foreign,волынь,yes,"Директивы Главкома: разговор Каменева с Петиным 14.06.1920 (Будённому категорически запрещено наступать на Староконстантинов — не его направление, значит город берут другие части позже); директива 3.08.1920 №4578/оп (Староконстантинов уже глубокий тыл — разгранлиния фронтов); pl.wikipedia «Bitwa wołyńsko-podolska»: «Polska 5 DP zajęła 27 września Stary Konstantynów» (Tarczyński 2014 s.1258)","08.07.1920 — ОЦЕНКА (бракетировано широко: 14.06 ещё не цель Будённого, к 3.08 уже глубокий тыл; дата подобрана по темпу взятия Проскурова/Каменца этим же направлением 14-й армии); 27.09.1920 ПОДТВЕРЖДЕНО вторичной лит-рой со сноской (Tarczyński 2014), польская 5-я пехотная дивизия | даты н. ст.; сторона start - на 01.07.1920 (до окна WEST_IN_WINDOWS голос якоря решает только землю вне основы); розыск MAP-MATERIALS/peresmotr_resheniy_2026-09-18/rozysk/b6_front1920_volyn_2026-09-22.md"
Проскуров,49.2686,27.0636,foreign,1920-07-01,1920-11-16,1920-07-09:empire;1920-09-27:foreign;1920-11-18:empire,волынь,yes,"Директивы Главкома: план 30.04.1920 №284/сек («14 армией на фронт Проскуров-Каменец-Подольск» — ещё цель); WebSearch-агрегатор (первоисточник не вскрыт): «27 вересня 1920... армія УНР захопила Проскурів, взявши в полон 2800 червоноармійців і 4 бронепоїзди»; uk.wikipedia «Останні бої армії УНР (листопад 1920)» (raw wikitext, volyn1920_uk_ostanni_boyi_unr_lystopad1920_wikitext.txt): «після захоплення червоними [18 листопада] Проскурова»","09.07.1920 — ОЦЕНКА (бракетировано планом 30.04, дата подобрана по темпу взятия Каменца 11-12.07 тем же направлением); 27.09.1920 подтверждено вторичной лит-рой с яркой деталью (число пленных, бронепоезда), но первоисточник статьи не идентифицирован напрямую; 18.11.1920 ПОДТВЕРЖДЕНО дважды независимо (тот же день у двух агрегаторов и у статьи «Останні бої» с прямой цитатой) | даты н. ст.; сторона start - на 01.07.1920 (до окна WEST_IN_WINDOWS голос якоря решает только землю вне основы); розыск MAP-MATERIALS/peresmotr_resheniy_2026-09-18/rozysk/b6_front1920_volyn_2026-09-22.md"
Каменец-Подольский,48.6781,26.5854,foreign,1920-07-01,1920-11-16,1920-07-11:empire;1920-09-19:foreign;1920-11-16:empire,волынь,yes,"slowopolskie.org (скачано volyn1920_slowopolskie_kamieniec_1919_1920.html): «zajmując Kamieniec Podolski 17 listopada 1919 roku, który pozostawał pod polską administracją do 12 lipca 1920 roku», «wojska polskie opuściły także Kamieniec Podolski (12 lipca)»; WebSearch-агрегатор: «11 июля 1920 большевики заняли Каменец-Подольский в третий раз за 3 года»; uk.wikipedia «Останні бої армії УНР»: «19 вересня українські війська востаннє зайняли Кам'янець»; тот же источник + WebSearch: «15 листопада — останнє засідання Директорії», «16 листопада більшовики зайняли місто» (согласуется с заданием куратора: «УНР до 16.11.1920»); Директивы Главкома, документ №723 от 28.10.1920 (Каменев): «после занятия Петлюрой Каменец-Подольска Петлюра вышел из состава польской армии» — подтверждает контекст сентябрьского взятия УНР","11-12.07.1920 — БРАКЕТИРОВАНО двумя независимыми источниками с расхождением в 1 день (польский источник — уход поляков 12.07, русский агрегатор — взятие большевиками 11.07 — одно и то же событие с двух сторон); 19.09.1920 ПОДТВЕРЖДЕНО дважды независимо («в последний раз заняли» — прямая цитата, и косвенно первичным документом Каменева от 28.10, называющим Петлюру уже хозяином города); 16.11.1920 ПОДТВЕРЖДЕНО ТРИЖДЫ независимо (uk.wikipedia «Останні бої армії УНР», отдельный агрегатор «місто було окуповано частинами Червоної армії, коли тут остаточно було встановлено Радянську владу», плюс совпадает с догадкой куратора в задании); один ЧЕТВЁРТЫЙ источник (istpravda.com.ua, увиден но не скачан) называл вместо большевиков польские войска — при перепроверке это, видимо, смешение с датой 17.11.1919 (та же формулировка почти дословно совпадает с историей взятия города Польшей годом ранее) — расхождение СНЯТО в пользу большинства (большевики, 16.11.1920) | даты н. ст.; сторона start - на 01.07.1920 (до окна WEST_IN_WINDOWS голос якоря решает только землю вне основы); розыск MAP-MATERIALS/peresmotr_resheniy_2026-09-18/rozysk/b6_front1920_volyn_2026-09-22.md"
Новоград-Волынский,50.5918,27.6067,foreign,1920-07-01,1920-11-16,1920-06-28:empire,волынь,yes,"Директивы Главкома, директива №628 от 28.06.1920 (файл baltia1917_direktivy_glavkoma_krasnoy_armii_1969_djvu.txt, строка 39599-39606): «Части Буденного СЕГОДНЯ В 10 ЧАСОВ заняли Новоград-Волынск»; WebSearch-агрегатор (04141.com.ua, скачано volyn1920_04141_novograd_volynska_operatsia.html): «місто було взято в 14 годин 27-го червня»; та же директива Главкома №722 от 8.10.1920: «принять все меры к восстановлению положения у Олевска и Новоград-Волынского» (бои РЯДОМ с городом в октябре); IPN «Zagon na Korosteń — październik 1920» (скачано volyn1920_ipn_zagon_na_korosten_pazdziernik1920.html): рейд польской 1-й кав. дивизии НА Коростень (восточнее Новоград-Волынского) начат 8.10, атака на Коростень 10.10 в 3:30 — рейд прошёл МИМО/ЗА Новоград-Волынский, не задержавшись в нём","28.06.1920 ПОДТВЕРЖДЕНО ПЕРВИЧНЫМ документом дословно, с точностью до часа (готовая строка, взята без изменений); есть РАСХОЖДЕНИЕ на 1 день с локальным вторичным источником (27.06 14:00) — предпочтение отдано первичному документу; ОСЕНЬ 1920 — смены контроля НЕ НАЙДЕНО: город не входит в список отбитых Польшей пунктов статьи «Bitwa wołyńsko-podolska», при этом директива Главкома от 8.10 показывает бои НЕПОСРЕДСТВЕННО У города (видимо, угроза, а не падение) и польский кавалерийский рейд 8-12.10 прошёл ДАЛЬШЕ на восток к Коростеню, не задержавшись здесь; город остался советским и после 1921 — рабочий вывод: контроль НЕ МЕНЯЛСЯ, но прямого документа-НЕГАТИВА не найдено, это ИНФЕРЕНЦИЯ | даты н. ст.; сторона start - на 01.07.1920 (до окна WEST_IN_WINDOWS голос якоря решает только землю вне основы); розыск MAP-MATERIALS/peresmotr_resheniy_2026-09-18/rozysk/b6_front1920_volyn_2026-09-22.md"
Корец,50.6195,27.1597,foreign,1920-07-01,1920-11-16,1920-06-29:empire;1920-09-18:foreign,волынь,yes,"shepvisnyk.com.ua: «27 июня линия Шепетовка-Берездов-Корец стала рубежом фронта» (город уже наш или на самой линии к этой дате); WebSearch-агрегатор: во время сентябрьского наступления «полковник Шевола-Виходский, командир 9-го легионного полка, получил приказ защищать позиции на дороге Корец-Ровно»","29.06.1920 — ОЦЕНКА (город назван рубежом фронта 27.06, точный день взятия не найден, дата подобрана рядом с Новоград-Волынским 28.06 и Шепетовкой 30.06); 18.09.1920 — ОЦЕНКА (город упомянут в контексте боёв на дороге Корец-Ровно во время наступления, приведшего к взятию Ровно 18.09 — дата взята той же, отдельного документа для самого Корца не найдено); САМЫЙ СЛАБЫЙ УЗЕЛ по обеим датам, не успел довскрыть | даты н. ст.; сторона start - на 01.07.1920 (до окна WEST_IN_WINDOWS голос якоря решает только землю вне основы); розыск MAP-MATERIALS/peresmotr_resheniy_2026-09-18/rozysk/b6_front1920_volyn_2026-09-22.md"
Здолбунов,50.5332,26.2480,foreign,1920-07-01,1920-11-16,1920-07-04:empire;1920-09-18:foreign,волынь,yes,"Контекст соседнего Ровно (город на той же железной дороге, в 8 км); pl.wikipedia «Bitwa wołyńsko-podolska»: «18 września Korpus Jazdy płk. Rómmla zdobył Równe i Zdołbunów» (Nowak 2010 s.228) — оба города взяты одним и тем же корпусом в один день","04.07.1920 — ОЦЕНКА чисто по географии (город вплотную к Ровно, отдельного документа о взятии Здолбунова летом не найдено, дата взята как у Ровно); 18.09.1920 ПОДТВЕРЖДЕНО вторичной лит-рой со сноской дословно — прямо назван вместе с Ровно в одном источнике | даты н. ст.; сторона start - на 01.07.1920 (до окна WEST_IN_WINDOWS голос якоря решает только землю вне основы); розыск MAP-MATERIALS/peresmotr_resheniy_2026-09-18/rozysk/b6_front1920_volyn_2026-09-22.md"
Перемышль,49.7838,22.7678,foreign,,,,галиция,yes,"не взят: РККА в 1920 году не дошла до Сана; ближайшие взятые - Сокаль, Броды, Золочев; Львов не взят (подступы 15 вёрст), розыск MAP-MATERIALS/peresmotr_resheniy_2026-09-18/rozysk/b6_front1920_polsha_2026-09-22.md",заградительный якорь: город не взят (негативный факт); без него голос дальних взятых городов красил пустые места модели
Стрый,49.2622,23.8483,foreign,,,,галиция,yes,"не взят: юг Галиции у Днестра остался за поляками, Станислав не взят; розыск MAP-MATERIALS/peresmotr_resheniy_2026-09-18/rozysk/b6_front1920_polsha_2026-09-22.md",заградительный якорь: город не взят (негативный факт); без него голос дальних взятых городов красил пустые места модели
Лодзь,51.7592,19.4560,foreign,,,,польша,yes,не взята: западнее Вислы РККА подходила только к Плоцку и Влоцлавеку; розыск MAP-MATERIALS/peresmotr_resheniy_2026-09-18/rozysk/b6_front1920_polsha_2026-09-22.md,заградительный якорь: город не взят (негативный факт); без него голос дальних взятых городов красил пустые места модели
Радом,51.4027,21.1471,foreign,,,,польша,yes,не взят: РККА к югу от Варшавы Вислу не переходила; розыск MAP-MATERIALS/peresmotr_resheniy_2026-09-18/rozysk/b6_front1920_polsha_2026-09-22.md,заградительный якорь: город не взят (негативный факт); без него голос дальних взятых городов красил пустые места модели
